[grobid_xml] 6191 PDFs in C:\Users\mehis\PythonProject\tca_etc\ncbi_pdfs_grobid
[docker] launching Docker Desktop: C:\Program Files\Docker\Docker\Docker Desktop.exe
[docker] waiting up to 180s for the engine...
[docker] engine ready
[grobid] starting container: docker run -d --rm --name grobid_xml -p 8070:8070 grobid/grobid:0.8.2-crf
[grobid] container started: a5736e3e64f3
[grobid] waiting up to 300s for http://127.0.0.1:8070/api/isalive...
[grobid] server is up
[browser] opened Chrome at http://127.0.0.1:8070/
[browser] In the console, choose the 'TEI' tab and the 'Process Fulltext Document' service -- the same service this script runs in batch via the GROBID REST API.
[grobid] 6191 PDFs: 0 already converted (skipped), 6191 to process (service=processFulltextDocument, threads=1, attempts=3, force=False)
[grobid]   OK   PMC1000293.pdf
[grobid]   OK   PMC1000449.pdf
[grobid]   OK   PMC10009797.pdf
[grobid]   OK   PMC100099.pdf
[grobid]   OK   PMC10020983.pdf
[grobid]   OK   PMC10025850.pdf
[grobid]   OK   PMC10029713.pdf
[grobid]   OK   PMC10033250.pdf
[grobid]   OK   PMC10041050.pdf
[grobid]   OK   PMC10060362.pdf
[grobid]   OK   PMC10064239.pdf
[grobid]   OK   PMC10066554.pdf
[grobid]   OK   PMC10066562.pdf
[grobid]   OK   PMC10068556.pdf
[grobid]   OK   PMC10074108.pdf
[grobid]   OK   PMC10074990.pdf
[grobid]   OK   PMC10081109.pdf
[grobid]   OK   PMC10090437.pdf
[grobid]   OK   PMC10106521.pdf
[grobid]   OK   PMC10107392.pdf
[grobid]   OK   PMC10112254.pdf
[grobid]   OK   PMC10112427.pdf
[grobid]   OK   PMC10114242.pdf
[grobid]   OK   PMC10121411.pdf
[grobid]   OK   PMC10123376.pdf
[grobid]   OK   PMC10130274.pdf
[grobid]   OK   PMC1013139.pdf
[grobid]   OK   PMC10131649.pdf
[grobid]   OK   PMC10144700.pdf
[grobid]   OK   PMC10160918.pdf
[grobid]   OK   PMC10164800.pdf
[grobid]   OK   PMC10167083.pdf
[grobid]   OK   PMC10169407.pdf
[grobid]   OK   PMC10172430.pdf
[grobid]   OK   PMC10178648.pdf
[grobid]   OK   PMC10182490.pdf
[grobid]   OK   PMC10182519.pdf
[grobid]   OK   PMC10184541.pdf
[grobid]   OK   PMC10193498.pdf
[grobid]   OK   PMC10196606.pdf
[grobid]   OK   PMC10200290.pdf
[grobid]   OK   PMC10202391.pdf
[grobid]   OK   PMC10202784.pdf
[grobid]   OK   PMC10203337.pdf
[grobid]   OK   PMC10205898.pdf
[grobid]   OK   PMC10205939.pdf
[grobid]   OK   PMC10209850.pdf
[grobid]   OK   PMC10209915.pdf
[grobid]   OK   PMC102101.pdf
[grobid]   OK   PMC10215983.pdf
[grobid]   OK   PMC10219924.pdf
[grobid]   OK   PMC10226399.pdf
[grobid]   OK   PMC10226756.pdf
[grobid]   OK   PMC10233238.pdf
[grobid]   OK   PMC10236085.pdf
[grobid]   OK   PMC10240204.pdf
[grobid]   OK   PMC10240210.pdf
[grobid]   OK   PMC102423.pdf
[grobid]   OK   PMC1024458.pdf
[grobid]   OK   PMC102491.pdf
[grobid]   OK   PMC102604.pdf
[grobid]   OK   PMC10267238.pdf
[grobid]   OK   PMC102736.pdf
[grobid]   OK   PMC102752.pdf
[grobid]   OK   PMC10283423.pdf
[grobid]   OK   PMC10283436.pdf
[grobid]   OK   PMC10299991.pdf
[grobid]   OK   PMC10300644.pdf
[grobid]   OK   PMC10300646.pdf
[grobid]   OK   PMC10308886.pdf
[grobid]   OK   PMC10317671.pdf
[grobid]   OK   PMC10321387.pdf
[grobid]   OK   PMC10326592.pdf
[grobid]   OK   PMC10331667.pdf
[grobid]   OK   PMC10331683.pdf
[grobid]   OK   PMC10339291.pdf
[grobid]   OK   PMC10350369.pdf
[grobid]   OK   PMC10351444.pdf
[grobid]   OK   PMC10357927.pdf
[grobid]   OK   PMC10358000.pdf
[grobid]   OK   PMC10358172.pdf
[grobid]   OK   PMC10364657.pdf
[grobid]   OK   PMC10366512.pdf
[grobid]   OK   PMC10396831.pdf
[grobid]   OK   PMC10398661.pdf
[grobid]   OK   PMC10400108.pdf
[grobid]   OK   PMC10406869.pdf
[grobid]   OK   PMC10408480.pdf
[grobid]   OK   PMC10408818.pdf
[grobid]   OK   PMC10409960.pdf
[grobid]   OK   PMC10411562.pdf
[grobid]   OK   PMC1041457.pdf
[grobid]   OK   PMC1042731.pdf
[grobid]   OK   PMC10427809.pdf
[grobid]   OK   PMC10427957.pdf
[grobid]   OK   PMC10433838.pdf
[grobid]   OK   PMC104363.pdf
[grobid]   OK   PMC10460555.pdf
[grobid]   OK   PMC10474938.pdf
[grobid]   OK   PMC104943.pdf
[grobid]   OK   PMC104960.pdf
[grobid]   OK   PMC104980.pdf
[grobid]   OK   PMC10500537.pdf
[grobid]   OK   PMC10505576.pdf
[grobid]   OK   PMC105374.pdf
[grobid]   OK   PMC105380.pdf
[grobid]   OK   PMC105383.pdf
[grobid]   OK   PMC10541347.pdf
[grobid]   OK   PMC10549199.pdf
[grobid]   OK   PMC10549737.pdf
[grobid]   OK   PMC105551.pdf
[grobid]   OK   PMC10562892.pdf
[grobid]   OK   PMC105686.pdf
[grobid]   OK   PMC105742.pdf
[grobid]   OK   PMC10580246.pdf
[grobid]   OK   PMC10581790.pdf
[grobid]   OK   PMC10583119.pdf
[grobid]   OK   PMC1058471.pdf
[grobid]   OK   PMC10588003.pdf
[grobid]   OK   PMC10589232.pdf
[grobid]   OK   PMC10615820.pdf
[grobid]   OK   PMC10615828.pdf
[grobid]   OK   PMC10616714.pdf
[grobid]   OK   PMC10620766.pdf
[grobid]   OK   PMC10628275.pdf
[grobid]   OK   PMC10642993.pdf
[grobid]   OK   PMC10643441.pdf
[grobid]   OK   PMC10643482.pdf
[grobid]   OK   PMC10643490.pdf
[grobid]   OK   PMC10651191.pdf
[grobid]   OK   PMC1065278.pdf
[grobid]   OK   PMC10654995.pdf
[grobid]   OK   PMC10655010.pdf
[grobid]   OK   PMC10667950.pdf
[grobid]   OK   PMC10669001.pdf
[grobid]   OK   PMC10674105.pdf
[grobid]   OK   PMC10681664.pdf
[grobid]   OK   PMC10681665.pdf
[grobid]   OK   PMC10688375.pdf
[grobid]   OK   PMC10702795.pdf
[grobid]   OK   PMC1070430.pdf
[grobid]   OK   PMC10716940.pdf
[grobid]   OK   PMC10717082.pdf
[grobid]   OK   PMC10734281.pdf
[grobid]   OK   PMC10734609.pdf
[grobid]   OK   PMC10734614.pdf
[grobid]   OK   PMC10734629.pdf
[grobid]   OK   PMC10746634.pdf
[grobid]   OK   PMC10753290.pdf
[grobid]   OK   PMC10770369.pdf
[grobid]   OK   PMC10781994.pdf
[grobid]   OK   PMC10784659.pdf
[grobid]   OK   PMC10786776.pdf
[grobid]   OK   PMC10789761.pdf
[grobid]   OK   PMC10789804.pdf
[grobid]   OK   PMC10789811.pdf
[grobid]   OK   PMC10800136.pdf
[grobid]   OK   PMC10809422.pdf
[grobid]   OK   PMC10810218.pdf
[grobid]   OK   PMC10813638.pdf
[grobid]   OK   PMC108182.pdf
[grobid]   OK   PMC10828355.pdf
[grobid]   OK   PMC10829795.pdf
[grobid]   OK   PMC10831315.pdf
[grobid]   OK   PMC1083905.pdf
[grobid]   OK   PMC1084112.pdf
[grobid]   OK   PMC1084132.pdf
[grobid]   OK   PMC1084147.pdf
[grobid]   OK   PMC10857991.pdf
[grobid]   OK   PMC10859731.pdf
[grobid]   OK   PMC10876114.pdf
[grobid]   OK   PMC1087621.pdf
[grobid]   OK   PMC10878903.pdf
[grobid]   OK   PMC1087961.pdf
[grobid]   OK   PMC10880595.pdf
[grobid]   OK   PMC10882156.pdf
[grobid]   OK   PMC108838.pdf
[grobid]   OK   PMC1088482.pdf
[grobid]   OK   PMC10887457.pdf
[grobid]   OK   PMC1088886.pdf
[grobid]   OK   PMC10894778.pdf
[grobid]   OK   PMC10894797.pdf
[grobid]   OK   PMC10900402.pdf
[grobid]   OK   PMC10905513.pdf
[grobid]   OK   PMC10929866.pdf
[grobid]   OK   PMC10929910.pdf
[grobid]   OK   PMC10930320.pdf
[grobid]   OK   PMC10936616.pdf
[grobid]   OK   PMC10941086.pdf
[grobid]   OK   PMC10952005.pdf
[grobid]   OK   PMC10958585.pdf
[grobid]   OK   PMC10978065.pdf
[grobid]   OK   PMC10991466.pdf
[grobid]   OK   PMC10993035.pdf
[grobid]   OK   PMC10994823.pdf
[grobid]   OK   PMC10998713.pdf
[grobid]   OK   PMC11009198.pdf
[grobid]   OK   PMC11010471.pdf
[grobid]   OK   PMC11010474.pdf
[grobid]   OK   PMC11017019.pdf
[grobid]   OK   PMC11019840.pdf
[grobid]   OK   PMC11026074.pdf
[grobid]   OK   PMC11026340.pdf
[grobid]   OK   PMC11030686.pdf
[grobid]   OK   PMC11031111.pdf
[grobid]   OK   PMC11033929.pdf
[grobid]   OK   PMC11037291.pdf
[grobid]   OK   PMC110393.pdf
[grobid]   OK   PMC11042159.pdf
[grobid]   OK   PMC11057657.pdf
[grobid]   OK   PMC11062381.pdf
[grobid]   OK   PMC11070380.pdf
[grobid]   OK   PMC110712.pdf
[grobid]   OK   PMC11071932.pdf
[grobid]   OK   PMC11072027.pdf
[grobid]   OK   PMC11072037.pdf
[grobid]   OK   PMC11072207.pdf
[grobid]   OK   PMC11072401.pdf
[grobid]   OK   PMC11072406.pdf
[grobid]   OK   PMC11072511.pdf
[grobid]   OK   PMC11072739.pdf
[grobid]   OK   PMC11072988.pdf
[grobid]   OK   PMC11073222.pdf
[grobid]   OK   PMC11073305.pdf
[grobid]   OK   PMC11074167.pdf
[grobid]   OK   PMC11074792.pdf
[grobid]   OK   PMC110772.pdf
[grobid]   OK   PMC11082113.pdf
[grobid]   OK   PMC11083627.pdf
[grobid]   OK   PMC11089557.pdf
[grobid]   OK   PMC11092013.pdf
[grobid]   OK   PMC11092191.pdf
[grobid]   OK   PMC11092342.pdf
[grobid]   OK   PMC11097271.pdf
[grobid]   OK   PMC111038.pdf
[grobid]   OK   PMC11104903.pdf
[grobid]   OK   PMC11105169.pdf
[grobid]   OK   PMC11105309.pdf
[grobid]   OK   PMC11105464.pdf
[grobid]   OK   PMC11105593.pdf
[grobid]   OK   PMC11105634.pdf
[grobid]   OK   PMC11105659.pdf
[grobid]   OK   PMC11105675.pdf
[grobid]   OK   PMC11105750.pdf
[grobid]   OK   PMC11105755.pdf
[grobid]   OK   PMC11107169.pdf
[grobid]   OK   PMC11107550.pdf
[grobid]   OK   PMC11107563.pdf
[grobid]   OK   PMC11107585.pdf
[grobid]   OK   PMC11107716.pdf
[grobid]   OK   PMC11108297.pdf
[grobid]   OK   PMC11113482.pdf
[grobid]   OK   PMC11113500.pdf
[grobid]   OK   PMC11113609.pdf
[grobid]   OK   PMC11113715.pdf
[grobid]   OK   PMC11113833.pdf
[grobid]   OK   PMC11113836.pdf
[grobid]   OK   PMC11115046.pdf
[grobid]   OK   PMC11131019.pdf
[grobid]   OK   PMC11131024.pdf
[grobid]   OK   PMC11131692.pdf
[grobid]   OK   PMC11131771.pdf
[grobid]   OK   PMC11131887.pdf
[grobid]   OK   PMC11135980.pdf
[grobid]   OK   PMC11135981.pdf
[grobid]   OK   PMC11135992.pdf
[grobid]   OK   PMC11136169.pdf
[grobid]   OK   PMC11136258.pdf
[grobid]   OK   PMC11138387.pdf
[grobid]   OK   PMC11138500.pdf
[grobid]   OK   PMC11138538.pdf
[grobid]   OK   PMC11138707.pdf
[grobid]   OK   PMC11138888.pdf
[grobid]   OK   PMC11138929.pdf
[grobid]   OK   PMC11139140.pdf
[grobid]   OK   PMC11139166.pdf
[grobid]   OK   PMC111443.pdf
[grobid]   OK   PMC11146474.pdf
[grobid]   OK   PMC11146800.pdf
[grobid]   OK   PMC11146872.pdf
[grobid]   OK   PMC11146981.pdf
[grobid]   OK   PMC111566.pdf
[grobid]   OK   PMC11158054.pdf
[grobid]   OK   PMC11158431.pdf
[grobid]   OK   PMC11158646.pdf
[grobid]   OK   PMC11158711.pdf
[grobid]   OK   PMC11158723.pdf
[grobid]   OK   PMC11158759.pdf
[grobid]   OK   PMC11158771.pdf
[grobid]   OK   PMC11158876.pdf
[grobid]   OK   PMC11159083.pdf
[grobid]   OK   PMC11159299.pdf
[grobid]   OK   PMC11159316.pdf
[grobid]   OK   PMC11159460.pdf
[grobid]   OK   PMC11159526.pdf
[grobid]   OK   PMC11159599.pdf
[grobid]   OK   PMC11159611.pdf
[grobid]   OK   PMC11159614.pdf
[grobid]   OK   PMC11159684.pdf
[grobid]   OK   PMC11159779.pdf
[grobid]   OK   PMC11159834.pdf
[grobid]   OK   PMC11159859.pdf
[grobid]   OK   PMC11159935.pdf
[grobid]   OK   PMC11159952.pdf
[grobid]   OK   PMC11160004.pdf
[grobid]   OK   PMC11160105.pdf
[grobid]   OK   PMC11163202.pdf
[grobid]   OK   PMC11164119.pdf
[grobid]   OK   PMC11164174.pdf
[grobid]   OK   PMC111671.pdf
[grobid]   OK   PMC11170950.pdf
[grobid]   OK   PMC111774.pdf
[grobid]   OK   PMC111775.pdf
[grobid]   OK   PMC11187041.pdf
[grobid]   OK   PMC11187548.pdf
[grobid]   OK   PMC11192725.pdf
[grobid]   OK   PMC11208384.pdf
[grobid]   OK   PMC11210903.pdf
[grobid]   OK   PMC11217343.pdf
[grobid]   OK   PMC11218690.pdf
[grobid]   OK   PMC11219741.pdf
[grobid]   OK   PMC112225.pdf
[grobid]   OK   PMC11226886.pdf
[grobid]   OK   PMC11257690.pdf
[grobid]   OK   PMC11257692.pdf
[grobid]   OK   PMC11262042.pdf
[grobid]   OK   PMC11262197.pdf
[grobid]   OK   PMC11265209.pdf
[grobid]   OK   PMC1129107.pdf
[grobid]   OK   PMC11303683.pdf
[grobid]   OK   PMC1130786.pdf
[grobid]   OK   PMC1131071.pdf
[grobid]   OK   PMC1131148.pdf
[grobid]   OK   PMC113143.pdf
[grobid]   OK   PMC1131464.pdf
[grobid]   OK   PMC11320975.pdf
[grobid]   OK   PMC11322760.pdf
[grobid]   OK   PMC1132349.pdf
[grobid]   OK   PMC1132491.pdf
[grobid]   OK   PMC1132707.pdf
[grobid]   OK   PMC1132945.pdf
[grobid]   OK   PMC1133249.pdf
[grobid]   OK   PMC11333377.pdf
[grobid]   OK   PMC11334550.pdf
[grobid]   OK   PMC11335916.pdf
[grobid]   OK   PMC1133718.pdf
[grobid]   OK   PMC11337271.pdf
[grobid]   OK   PMC11337296.pdf
[grobid]   OK   PMC1133742.pdf
[grobid]   OK   PMC1133759.pdf
[grobid]   OK   PMC11337843.pdf
[grobid]   OK   PMC11339003.pdf
[grobid]   OK   PMC11339011.pdf
[grobid]   OK   PMC1133914.pdf
[grobid]   OK   PMC11339171.pdf
[grobid]   OK   PMC1133963.pdf
[grobid]   OK   PMC1134149.pdf
[grobid]   OK   PMC1134171.pdf
[grobid]   OK   PMC1134263.pdf
[grobid]   OK   PMC1134319.pdf
[grobid]   OK   PMC1134320.pdf
[grobid]   OK   PMC1134340.pdf
[grobid]   OK   PMC1134568.pdf
[grobid]   OK   PMC1134605.pdf
[grobid]   OK   PMC11346566.pdf
[grobid]   OK   PMC1134753.pdf
[grobid]   OK   PMC11347774.pdf
[grobid]   OK   PMC1134869.pdf
[grobid]   OK   PMC1135008.pdf
[grobid]   OK   PMC1135432.pdf
[grobid]   OK   PMC1135774.pdf
[grobid]   OK   PMC1135828.pdf
[grobid]   OK   PMC1135882.pdf
[grobid]   OK   PMC1135979.pdf
[grobid]   OK   PMC1136332.pdf
[grobid]   OK   PMC1136843.pdf
[grobid]   OK   PMC1136945.pdf
[grobid]   OK   PMC1136978.pdf
[grobid]   OK   PMC1136986.pdf
[grobid]   OK   PMC1137389.pdf
[grobid]   OK   PMC1137392.pdf
[grobid]   OK   PMC1137403.pdf
[grobid]   OK   PMC1137411.pdf
[grobid]   OK   PMC1137553.pdf
[grobid]   OK   PMC1138024.pdf
[grobid]   OK   PMC1138113.pdf
[grobid]   OK   PMC113853.pdf
[grobid]   OK   PMC113861.pdf
[grobid]   OK   PMC1138653.pdf
[grobid]   OK   PMC1138782.pdf
[grobid]   OK   PMC11389173.pdf
[grobid]   OK   PMC114041.pdf
[grobid]   OK   PMC1140411.pdf
[grobid]   OK   PMC11405563.pdf
[grobid]   OK   PMC11409978.pdf
[grobid]   OK   PMC11409997.pdf
[grobid]   OK   PMC11411613.pdf
[grobid]   OK   PMC11412193.pdf
[grobid]   OK   PMC11412433.pdf
[grobid]   OK   PMC11413923.pdf
[grobid]   OK   PMC11417365.pdf
[grobid]   OK   PMC11420221.pdf
[grobid]   OK   PMC11423672.pdf
[grobid]   OK   PMC11424887.pdf
[grobid]   OK   PMC11436590.pdf
[grobid]   OK   PMC1143773.pdf
[grobid]   OK   PMC1144106.pdf
[grobid]   OK   PMC11441218.pdf
[grobid]   OK   PMC11441250.pdf
[grobid]   OK   PMC1144284.pdf
[grobid]   OK   PMC1144505.pdf
[grobid]   OK   PMC1144506.pdf
[grobid]   OK   PMC11448521.pdf
[grobid]   OK   PMC11448852.pdf
[grobid]   OK   PMC11450266.pdf
[grobid]   OK   PMC1145045.pdf
[grobid]   OK   PMC1145155.pdf
[grobid]   OK   PMC1145156.pdf
[grobid]   OK   PMC11457961.pdf
[grobid]   OK   PMC11459351.pdf
[grobid]   OK   PMC11460550.pdf
[grobid]   OK   PMC11464667.pdf
[grobid]   OK   PMC1146798.pdf
[grobid]   OK   PMC11469864.pdf
[grobid]   OK   PMC11469882.pdf
[grobid]   OK   PMC11472166.pdf
[grobid]   OK   PMC1147306.pdf
[grobid]   OK   PMC11477821.pdf
[grobid]   OK   PMC1147937.pdf
[grobid]   OK   PMC1148014.pdf
[grobid]   OK   PMC1148157.pdf
[grobid]   OK   PMC11482081.pdf
[grobid]   OK   PMC11482107.pdf
[grobid]   OK   PMC11482131.pdf
[grobid]   OK   PMC11482210.pdf
[grobid]   OK   PMC11482505.pdf
[grobid]   OK   PMC11486194.pdf
[grobid]   OK   PMC11486290.pdf
[grobid]   OK   PMC11486473.pdf
[grobid]   OK   PMC1148671.pdf
[grobid]   OK   PMC11488908.pdf
[grobid]   OK   PMC11489735.pdf
[grobid]   OK   PMC1149216.pdf
[grobid]   OK   PMC1149418.pdf
[grobid]   OK   PMC11494852.pdf
[grobid]   OK   PMC1149687.pdf
[grobid]   OK   PMC11497979.pdf
[grobid]   OK   PMC11497999.pdf
[grobid]   OK   PMC11498446.pdf
[grobid]   OK   PMC11498531.pdf
[grobid]   OK   PMC11498594.pdf
[grobid]   OK   PMC11498873.pdf
[grobid]   OK   PMC1149985.pdf
[grobid]   OK   PMC114999.pdf
[grobid]   OK   PMC1150065.pdf
[grobid]   OK   PMC1150079.pdf
[grobid]   OK   PMC1150109.pdf
[grobid]   OK   PMC11505776.pdf
[grobid]   OK   PMC1151375.pdf
[grobid]   OK   PMC1151519.pdf
[grobid]   OK   PMC1152205.pdf
[grobid]   OK   PMC1152253.pdf
[grobid]   OK   PMC11522957.pdf
[grobid]   OK   PMC115236.pdf
[grobid]   OK   PMC1152608.pdf
[grobid]   OK   PMC1152678.pdf
[grobid]   OK   PMC1152891.pdf
[grobid]   OK   PMC11531853.pdf
[grobid]   OK   PMC11533818.pdf
[grobid]   OK   PMC11533869.pdf
[grobid]   OK   PMC1153509.pdf
[grobid]   OK   PMC11535106.pdf
[grobid]   OK   PMC11555509.pdf
[grobid]   OK   PMC11572199.pdf
[grobid]   OK   PMC11574240.pdf
[grobid]   OK   PMC11575257.pdf
[grobid]   OK   PMC11575399.pdf
[grobid]   OK   PMC11575408.pdf
[grobid]   OK   PMC11578115.pdf
[grobid]   OK   PMC1158317.pdf
[grobid]   OK   PMC11583677.pdf
[grobid]   OK   PMC1158454.pdf
[grobid]   OK   PMC11587565.pdf
[grobid]   OK   PMC11587833.pdf
[grobid]   OK   PMC11589466.pdf
[grobid]   OK   PMC115897.pdf
[grobid]   OK   PMC1159411.pdf
[grobid]   OK   PMC1159492.pdf
[grobid]   OK   PMC1159539.pdf
[grobid]   OK   PMC116066.pdf
[grobid]   OK   PMC1161119.pdf
[grobid]   OK   PMC1161120.pdf
[grobid]   OK   PMC116114.pdf
[grobid]   OK   PMC1161398.pdf
[grobid]   OK   PMC11615905.pdf
[grobid]   OK   PMC1161850.pdf
[grobid]   OK   PMC11619502.pdf
[grobid]   OK   PMC11621290.pdf
[grobid]   OK   PMC11629961.pdf
[grobid]   OK   PMC1163109.pdf
[grobid]   OK   PMC11635795.pdf
[grobid]   OK   PMC1163681.pdf
[grobid]   OK   PMC116379.pdf
[grobid]   OK   PMC1163933.pdf
[grobid]   OK   PMC1164485.pdf
[grobid]   OK   PMC1164630.pdf
[grobid]   OK   PMC1164989.pdf
[grobid]   OK   PMC1165132.pdf
[grobid]   OK   PMC1165138.pdf
[grobid]   OK   PMC1165510.pdf
[grobid]   OK   PMC11655842.pdf
[grobid]   OK   PMC1166210.pdf
[grobid]   OK   PMC11662934.pdf
[grobid]   OK   PMC1166533.pdf
[grobid]   OK   PMC11668720.pdf
[grobid]   OK   PMC1167080.pdf
[grobid]   OK   PMC1167184.pdf
[grobid]   OK   PMC1167471.pdf
[grobid]   OK   PMC1167495.pdf
[grobid]   OK   PMC1167758.pdf
[grobid]   OK   PMC11682514.pdf
[grobid]   OK   PMC1168468.pdf
[grobid]   OK   PMC1168476.pdf
[grobid]   OK   PMC11684833.pdf
[grobid]   OK   PMC11684948.pdf
[grobid]   OK   PMC1168798.pdf
[grobid]   OK   PMC1168823.pdf
[grobid]   OK   PMC1169706.pdf
[grobid]   OK   PMC1169963.pdf
[grobid]   OK   PMC11702949.pdf
[grobid]   OK   PMC1170566.pdf
[grobid]   OK   PMC11707420.pdf
[grobid]   OK   PMC1171650.pdf
[grobid]   OK   PMC1171691.pdf
[grobid]   OK   PMC1172448.pdf
[grobid]   OK   PMC1172713.pdf
[grobid]   OK   PMC1173991.pdf
[grobid]   OK   PMC11744281.pdf
[grobid]   OK   PMC11747567.pdf
[grobid]   OK   PMC117511.pdf
[grobid]   OK   PMC1175426.pdf
[grobid]   OK   PMC11755360.pdf
[grobid]   OK   PMC11764093.pdf
[grobid]   OK   PMC11770945.pdf
[grobid]   OK   PMC1178902.pdf
[grobid]   OK   PMC11797215.pdf
[grobid]   OK   PMC11797469.pdf
[grobid]   OK   PMC11798204.pdf
[grobid]   OK   PMC11801018.pdf
[grobid]   OK   PMC11801958.pdf
[grobid]   OK   PMC1180231.pdf
[grobid]   OK   PMC1180241.pdf
[grobid]   OK   PMC1180714.pdf
[grobid]   OK   PMC1180764.pdf
[grobid]   OK   PMC1180795.pdf
[grobid]   OK   PMC11810206.pdf
[grobid]   OK   PMC11815359.pdf
[grobid]   OK   PMC1181595.pdf
[grobid]   OK   PMC11819010.pdf
[grobid]   OK   PMC1181921.pdf
[grobid]   OK   PMC11819279.pdf
[grobid]   OK   PMC11819417.pdf
[grobid]   OK   PMC1182241.pdf
[grobid]   OK   PMC11824195.pdf
[grobid]   OK   PMC11828165.pdf
[grobid]   OK   PMC11828242.pdf
[grobid]   OK   PMC1182948.pdf
[grobid]   OK   PMC11832864.pdf
[grobid]   OK   PMC11837096.pdf
[grobid]   OK   PMC11845480.pdf
[grobid]   OK   PMC1184564.pdf
[grobid]   OK   PMC1184760.pdf
[grobid]   OK   PMC1185884.pdf
[grobid]   OK   PMC1185932.pdf
[grobid]   OK   PMC1187090.pdf
[grobid]   OK   PMC1187214.pdf
[grobid]   OK   PMC1187808.pdf
[grobid]   OK   PMC11878994.pdf
[grobid]   OK   PMC1188266.pdf
[grobid]   OK   PMC1190265.pdf
[grobid]   OK   PMC1190340.pdf
[grobid]   OK   PMC11911553.pdf
[grobid]   OK   PMC11917499.pdf
[grobid]   OK   PMC11924496.pdf
[grobid]   OK   PMC11924498.pdf
[grobid]   OK   PMC11926549.pdf
[grobid]   OK   PMC11947172.pdf
[grobid]   OK   PMC11950541.pdf
[grobid]   OK   PMC1195406.pdf
[grobid]   OK   PMC11955880.pdf
[grobid]   OK   PMC11955895.pdf
[grobid]   OK   PMC11958886.pdf
[grobid]   OK   PMC11958908.pdf
[grobid]   OK   PMC11962265.pdf
[grobid]   OK   PMC1196378.pdf
[grobid]   OK   PMC11970124.pdf
[grobid]   OK   PMC11977514.pdf
[grobid]   OK   PMC11993549.pdf
[grobid]   OK   PMC1199377.pdf
[grobid]   OK   PMC11993921.pdf
[grobid]   OK   PMC11996747.pdf
[grobid]   OK   PMC1201203.pdf
[grobid]   OK   PMC1201449.pdf
[grobid]   OK   PMC12014872.pdf
[grobid]   OK   PMC1201488.pdf
[grobid]   OK   PMC1201536.pdf
[grobid]   OK   PMC1202135.pdf
[grobid]   OK   PMC1203810.pdf
[grobid]   OK   PMC12038232.pdf
[grobid]   OK   PMC12038250.pdf
[grobid]   OK   PMC1203963.pdf
[grobid]   OK   PMC1204129.pdf
[grobid]   OK   PMC12041777.pdf
[grobid]   OK   PMC1204787.pdf
[grobid]   OK   PMC12048393.pdf
[grobid]   OK   PMC12048403.pdf
[grobid]   OK   PMC1204866.pdf
[grobid]   OK   PMC1205020.pdf
[grobid]   OK   PMC1205252.pdf
[grobid]   OK   PMC12055678.pdf
[grobid]   OK   PMC1205785.pdf
[grobid]   OK   PMC1205816.pdf
[grobid]   OK   PMC1205963.pdf
[grobid]   OK   PMC1206770.pdf
[grobid]   OK   PMC12068373.pdf
[grobid]   OK   PMC1207032.pdf
[grobid]   OK   PMC12075035.pdf
[grobid]   OK   PMC1207617.pdf
[grobid]   OK   PMC1207618.pdf
[grobid]   OK   PMC1207732.pdf
[grobid]   OK   PMC12078252.pdf
[grobid]   OK   PMC1207861.pdf
[grobid]   OK   PMC1207868.pdf
[grobid]   OK   PMC12080356.pdf
[grobid]   OK   PMC12081383.pdf
[grobid]   OK   PMC12100742.pdf
[grobid]   OK   PMC1211555.pdf
[grobid]   OK   PMC12120447.pdf
[grobid]   OK   PMC12120455.pdf
[grobid]   OK   PMC1213204.pdf
[grobid]   OK   PMC12145352.pdf
[grobid]   OK   PMC121528.pdf
[grobid]   OK   PMC12158986.pdf
[grobid]   OK   PMC12160181.pdf
[grobid]   OK   PMC12160726.pdf
[grobid]   OK   PMC12161090.pdf
[grobid]   OK   PMC12161252.pdf
[grobid]   OK   PMC12161254.pdf
[grobid]   OK   PMC12161265.pdf
[grobid]   OK   PMC12161899.pdf
[grobid]   OK   PMC12164689.pdf
[grobid]   OK   PMC12164864.pdf
[grobid]   OK   PMC12168126.pdf
[grobid]   OK   PMC12170437.pdf
[grobid]   OK   PMC1217198.pdf
[grobid]   OK   PMC1217278.pdf
[grobid]   OK   PMC1217636.pdf
[grobid]   OK   PMC1217690.pdf
[grobid]   OK   PMC1217724.pdf
[grobid]   OK   PMC1217852.pdf
[grobid]   OK   PMC1218127.pdf
[grobid]   OK   PMC12181579.pdf
[grobid]   OK   PMC1218254.pdf
[grobid]   OK   PMC1218325.pdf
[grobid]   OK   PMC1218402.pdf
[grobid]   OK   PMC1218544.pdf
[grobid]   OK   PMC1218709.pdf
[grobid]   OK   PMC1218784.pdf
[grobid]   OK   PMC1218923.pdf
[grobid]   OK   PMC1218943.pdf
[grobid]   OK   PMC1218963.pdf
[grobid]   OK   PMC1219082.pdf
[grobid]   OK   PMC1219274.pdf
[grobid]   OK   PMC1219353.pdf
[grobid]   OK   PMC1219593.pdf
[grobid]   OK   PMC1219683.pdf
[grobid]   OK   PMC1219871.pdf
[grobid]   OK   PMC1219956.pdf
[grobid]   OK   PMC1219980.pdf
[grobid]   OK   PMC12201300.pdf
[grobid]   OK   PMC12201448.pdf
[grobid]   OK   PMC1220414.pdf
[grobid]   OK   PMC12204821.pdf
[grobid]   OK   PMC12206921.pdf
[grobid]   OK   PMC1220715.pdf
[grobid]   OK   PMC1220716.pdf
[grobid]   OK   PMC1220740.pdf
[grobid]   OK   PMC1220756.pdf
[grobid]   OK   PMC1220766.pdf
[grobid]   OK   PMC1220810.pdf
[grobid]   OK   PMC1220953.pdf
[grobid]   OK   PMC1220965.pdf
[grobid]   OK   PMC12210180.pdf
[grobid]   OK   PMC1221068.pdf
[grobid]   OK   PMC1221082.pdf
[grobid]   OK   PMC1221356.pdf
[grobid]   OK   PMC12214152.pdf
[grobid]   OK   PMC1221422.pdf
[grobid]   OK   PMC1221580.pdf
[grobid]   OK   PMC1221669.pdf
[grobid]   OK   PMC1221680.pdf
[grobid]   OK   PMC1221772.pdf
[grobid]   OK   PMC1221846.pdf
[grobid]   OK   PMC1221927.pdf
[grobid]   OK   PMC122205.pdf
[grobid]   OK   PMC1222051.pdf
[grobid]   OK   PMC1222174.pdf
[grobid]   OK   PMC122224.pdf
[grobid]   OK   PMC12222608.pdf
[grobid]   OK   PMC1222297.pdf
[grobid]   OK   PMC1222323.pdf
[grobid]   OK   PMC1222370.pdf
[grobid]   OK   PMC1222427.pdf
[grobid]   OK   PMC1222454.pdf
[grobid]   OK   PMC1222481.pdf
[grobid]   OK   PMC1222614.pdf
[grobid]   OK   PMC1222632.pdf
[grobid]   OK   PMC1222705.pdf
[grobid]   OK   PMC1222758.pdf
[grobid]   OK   PMC1222799.pdf
[grobid]   OK   PMC1222882.pdf
[grobid]   OK   PMC12229414.pdf
[grobid]   OK   PMC1223025.pdf
[grobid]   OK   PMC1223164.pdf
[grobid]   OK   PMC1223253.pdf
[grobid]   OK   PMC1223270.pdf
[grobid]   OK   PMC1223480.pdf
[grobid]   OK   PMC1223567.pdf
[grobid]   OK   PMC1223569.pdf
[grobid]   OK   PMC1223651.pdf
[grobid]   OK   PMC1223738.pdf
[grobid]   OK   PMC1223751.pdf
[grobid]   OK   PMC1223781.pdf
[grobid]   OK   PMC1223854.pdf
[grobid]   OK   PMC1223874.pdf
[grobid]   OK   PMC1223913.pdf
[grobid]   OK   PMC1224042.pdf
[grobid]   OK   PMC122410.pdf
[grobid]   OK   PMC1224102.pdf
[grobid]   OK   PMC1224179.pdf
[grobid]   OK   PMC1224220.pdf
[grobid]   OK   PMC12242302.pdf
[grobid]   OK   PMC1224251.pdf
[grobid]   OK   PMC12243845.pdf
[grobid]   OK   PMC1224682.pdf
[grobid]   OK   PMC1224704.pdf
[grobid]   OK   PMC1224720.pdf
[grobid]   OK   PMC12252327.pdf
[grobid]   OK   PMC12253661.pdf
[grobid]   OK   PMC122585.pdf
[grobid]   OK   PMC1225912.pdf
[grobid]   OK   PMC122595.pdf
[grobid]   OK   PMC1226069.pdf
[grobid]   OK   PMC1226144.pdf
[grobid]   OK   PMC12266020.pdf
[grobid]   OK   PMC12268904.pdf
[grobid]   OK   PMC122802.pdf
[grobid]   OK   PMC12296055.pdf
[grobid]   OK   PMC12311379.pdf
[grobid]   OK   PMC1231589.pdf
[grobid]   OK   PMC1231804.pdf
[grobid]   OK   PMC1231858.pdf
[grobid]   OK   PMC123235.pdf
[grobid]   OK   PMC12323501.pdf
[grobid]   OK   PMC12330234.pdf
[grobid]   OK   PMC12334884.pdf
[grobid]   OK   PMC12342095.pdf
[grobid]   OK   PMC12343009.pdf
[grobid]   OK   PMC1234908.pdf
[grobid]   OK   PMC1235272.pdf
[grobid]   OK   PMC12362711.pdf
[grobid]   OK   PMC12364173.pdf
[grobid]   OK   PMC1236688.pdf
[grobid]   OK   PMC1236695.pdf
[grobid]   OK   PMC1236702.pdf
[grobid]   OK   PMC12376138.pdf
[grobid]   OK   PMC12378876.pdf
[grobid]   OK   PMC12379201.pdf
[grobid]   OK   PMC12380214.pdf
[grobid]   OK   PMC12390378.pdf
[grobid]   OK   PMC12392931.pdf
[grobid]   OK   PMC12394808.pdf
[grobid]   OK   PMC12397038.pdf
[grobid]   OK   PMC12405924.pdf
[grobid]   OK   PMC12408428.pdf
[grobid]   OK   PMC12421863.pdf
[grobid]   OK   PMC12434539.pdf
[grobid]   OK   PMC1243926.pdf
[grobid]   OK   PMC124394.pdf
[grobid]   OK   PMC1244005.pdf
[grobid]   OK   PMC124457.pdf
[grobid]   OK   PMC124814.pdf
[grobid]   OK   PMC124920.pdf
[grobid]   OK   PMC12492974.pdf
[grobid]   OK   PMC12500055.pdf
[grobid]   OK   PMC12506718.pdf
[grobid]   OK   PMC12530878.pdf
[grobid]   OK   PMC125420.pdf
[grobid]   OK   PMC125451.pdf
[grobid]   OK   PMC12548711.pdf
[grobid]   OK   PMC1255601.pdf
[grobid]   OK   PMC125626.pdf
[grobid]   OK   PMC1256824.pdf
[grobid]   OK   PMC125731.pdf
[grobid]   OK   PMC125806.pdf
[grobid]   OK   PMC125809.pdf
[grobid]   OK   PMC12582077.pdf
[grobid]   OK   PMC12585162.pdf
[grobid]   OK   PMC12591672.pdf
[grobid]   OK   PMC1259612.pdf
[grobid]   OK   PMC125974.pdf
[grobid]   OK   PMC1259857.pdf
[grobid]   OK   PMC1259876.pdf
[grobid]   OK   PMC126038.pdf
[grobid]   OK   PMC1260416.pdf
[grobid]   OK   PMC1261560.pdf
[grobid]   OK   PMC1261696.pdf
[grobid]   OK   PMC12618869.pdf
[grobid]   OK   PMC1262574.pdf
[grobid]   OK   PMC12634949.pdf
[grobid]   OK   PMC12645170.pdf
[grobid]   OK   PMC1264980.pdf
[grobid]   OK   PMC1265049.pdf
[grobid]   OK   PMC1265849.pdf
[grobid]   OK   PMC1265901.pdf
[grobid]   OK   PMC1266419.pdf
[grobid]   OK   PMC12676696.pdf
[grobid]   OK   PMC12678856.pdf
[grobid]   OK   PMC12685734.pdf
[grobid]   OK   PMC12699339.pdf
[grobid]   OK   PMC1270110.pdf
[grobid]   OK   PMC1271572.pdf
[grobid]   OK   PMC12718025.pdf
[grobid]   OK   PMC127236.pdf
[grobid]   OK   PMC127389.pdf
[grobid]   OK   PMC127398.pdf
[grobid]   OK   PMC1274494.pdf
[grobid]   OK   PMC127499.pdf
[grobid]   OK   PMC1275637.pdf
[grobid]   OK   PMC12756993.pdf
[grobid]   OK   PMC12758233.pdf
[grobid]   OK   PMC12768567.pdf
[grobid]   PMC12769053.pdf attempt 1/3: server or connection error -- [NO_BLOCKS] PDF parsing resulted in empty content -- retrying in 5s
[grobid]   PMC12769053.pdf attempt 2/3: server or connection error -- [NO_BLOCKS] PDF parsing resulted in empty content -- retrying in 10s
[grobid]   SKIP PMC12769053.pdf (server or connection error -- [NO_BLOCKS] PDF parsing resulted in empty content)
[grobid]   OK   PMC1276962.pdf
[grobid]   OK   PMC12799370.pdf
[grobid]   OK   PMC1280259.pdf
[grobid]   OK   PMC128060.pdf
[grobid]   OK   PMC12808055.pdf
[grobid]   OK   PMC12809641.pdf
[grobid]   OK   PMC12814270.pdf
[grobid]   PMC12814365.pdf attempt 1/3: server or connection error -- [NO_BLOCKS] PDF parsing resulted in empty content -- retrying in 5s
[grobid]   PMC12814365.pdf attempt 2/3: server or connection error -- [NO_BLOCKS] PDF parsing resulted in empty content -- retrying in 10s
[grobid]   SKIP PMC12814365.pdf (server or connection error -- [NO_BLOCKS] PDF parsing resulted in empty content)
[grobid]   OK   PMC12817277.pdf
[grobid]   OK   PMC12825090.pdf
[grobid]   OK   PMC12833748.pdf
[grobid]   OK   PMC1283829.pdf
[grobid]   OK   PMC1285165.pdf
[grobid]   OK   PMC12853097.pdf
[grobid]   OK   PMC12856567.pdf
[grobid]   OK   PMC12862629.pdf
[grobid]   OK   PMC128726.pdf
[grobid]   OK   PMC1288178.pdf
[grobid]   OK   PMC1291226.pdf
[grobid]   OK   PMC12928296.pdf
[grobid]   OK   PMC12935326.pdf
[grobid]   OK   PMC129407.pdf
[grobid]   OK   PMC129443.pdf
[grobid]   OK   PMC12972496.pdf
[grobid]   OK   PMC129731.pdf
[grobid]   OK   PMC129803.pdf
[grobid]   OK   PMC1298233.pdf
[grobid]   OK   PMC12989420.pdf
[grobid]   OK   PMC1299291.pdf
[grobid]   OK   PMC12995084.pdf
[grobid]   OK   PMC12995225.pdf
[grobid]   OK   PMC12995255.pdf
[grobid]   OK   PMC12996873.pdf
[grobid]   OK   PMC12996887.pdf
[grobid]   OK   PMC1300059.pdf
[grobid]   OK   PMC13001574.pdf
[grobid]   OK   PMC13001842.pdf
[grobid]   OK   PMC13004186.pdf
[grobid]   OK   PMC13004245.pdf
[grobid]   OK   PMC13004468.pdf
[grobid]   OK   PMC13004476.pdf
[grobid]   OK   PMC1300926.pdf
[grobid]   OK   PMC13020510.pdf
[grobid]   OK   PMC13020637.pdf
[grobid]   OK   PMC1302706.pdf
[grobid]   OK   PMC1303061.pdf
[grobid]   OK   PMC13031004.pdf
[grobid]   OK   PMC13032132.pdf
[grobid]   OK   PMC1305354.pdf
[grobid]   OK   PMC13061444.pdf
[grobid]   OK   PMC1307078.pdf
[grobid]   OK   PMC130864.pdf
[grobid]   OK   PMC13090498.pdf
[grobid]   OK   PMC1311736.pdf
[grobid]   OK   PMC13151844.pdf
[grobid]   OK   PMC13151863.pdf
[grobid]   OK   PMC1315813.pdf
[grobid]   OK   PMC1315937.pdf
[grobid]   OK   PMC13169307.pdf
[grobid]   OK   PMC1317662.pdf
[grobid]   OK   PMC13191401.pdf
[grobid]   OK   PMC13202193.pdf
[grobid]   OK   PMC13218815.pdf
[grobid]   OK   PMC13221245.pdf
[grobid]   PMC13227915.pdf attempt 1/3: server or connection error -- [BAD_INPUT_DATA] PDF to XML conversion failed with error code: 1 -- retrying in 5s
[grobid]   PMC13227915.pdf attempt 2/3: server or connection error -- [BAD_INPUT_DATA] PDF to XML conversion failed with error code: 1 -- retrying in 10s
[grobid]   SKIP PMC13227915.pdf (server or connection error -- [BAD_INPUT_DATA] PDF to XML conversion failed with error code: 1)
[grobid]   OK   PMC1323177.pdf
[grobid]   OK   PMC13241252.pdf
[grobid]   OK   PMC1325106.pdf
[grobid]   OK   PMC13266328.pdf
[grobid]   OK   PMC132758.pdf
[grobid]   OK   PMC13275835.pdf
[grobid]   OK   PMC13281138.pdf
[grobid]   OK   PMC132975.pdf
[grobid]   OK   PMC1330895.pdf
[grobid]   OK   PMC13309792.pdf
[grobid]   OK   PMC13337189.pdf
[grobid]   OK   PMC13340423.pdf
[grobid]   OK   PMC1334492.pdf
[grobid]   OK   PMC13349343.pdf
[grobid]   OK   PMC13352105.pdf
[grobid]   OK   PMC13352229.pdf
[grobid]   OK   PMC13356239.pdf
[grobid]   OK   PMC133596.pdf
[grobid]   OK   PMC13362273.pdf
[grobid]   OK   PMC13366343.pdf
[grobid]   OK   PMC133680.pdf
[grobid]   OK   PMC13369321.pdf
[grobid]   OK   PMC13370723.pdf
[grobid]   OK   PMC13372229.pdf
[grobid]   OK   PMC133754.pdf
[grobid]   OK   PMC133882.pdf
[grobid]   OK   PMC13396974.pdf
[grobid]   OK   PMC13407245.pdf
[grobid]   OK   PMC13409424.pdf
[grobid]   OK   PMC13420758.pdf
[grobid]   OK   PMC13420773.pdf
[grobid]   OK   PMC13421863.pdf
[grobid]   OK   PMC13424968.pdf
[grobid]   OK   PMC13431730.pdf
[grobid]   OK   PMC13432455.pdf
[grobid]   OK   PMC13432537.pdf
[grobid]   OK   PMC1343529.pdf
[grobid]   OK   PMC13436049.pdf
[grobid]   OK   PMC1343812.pdf
[grobid]   OK   PMC13440616.pdf
[grobid]   OK   PMC13441093.pdf
[grobid]   OK   PMC13441385.pdf
[grobid]   OK   PMC13441394.pdf
[grobid]   OK   PMC13446741.pdf
[grobid]   OK   PMC13448373.pdf
[grobid]   OK   PMC13448411.pdf
[grobid]   OK   PMC13448886.pdf
[grobid]   OK   PMC13448952.pdf
[grobid]   OK   PMC13454715.pdf
[grobid]   OK   PMC13460481.pdf
[grobid]   OK   PMC13462363.pdf
[grobid]   OK   PMC134642.pdf
[grobid]   OK   PMC1346602.pdf
[grobid]   OK   PMC134690.pdf
[grobid]   OK   PMC13478360.pdf
[grobid]   OK   PMC13483001.pdf
[grobid]   OK   PMC13483197.pdf
[grobid]   OK   PMC13492356.pdf
[grobid]   OK   PMC13501031.pdf
[grobid]   OK   PMC13501045.pdf
[grobid]   OK   PMC13501048.pdf
[grobid]   OK   PMC13501143.pdf
[grobid]   OK   PMC13507588.pdf
[grobid]   OK   PMC1350949.pdf
[grobid]   OK   PMC1351357.pdf
[grobid]   OK   PMC13528641.pdf
[grobid]   OK   PMC1353262.pdf
[grobid]   OK   PMC13532876.pdf
[grobid]   OK   PMC13533876.pdf
[grobid]   OK   PMC13539367.pdf
[grobid]   OK   PMC13542875.pdf
[grobid]   OK   PMC13542961.pdf
[grobid]   OK   PMC13548986.pdf
[grobid]   OK   PMC1355720.pdf
[grobid]   OK   PMC135593.pdf
[grobid]   OK   PMC1356306.pdf
[grobid]   OK   PMC1356348.pdf
[grobid]   OK   PMC135671.pdf
[grobid]   OK   PMC13569147.pdf
[grobid]   OK   PMC13569186.pdf
[grobid]   OK   PMC135701.pdf
[grobid]   OK   PMC13575064.pdf
[grobid]   OK   PMC135769.pdf
[grobid]   OK   PMC13577164.pdf
[grobid]   OK   PMC13578571.pdf
[grobid]   OK   PMC13580291.pdf
[grobid]   OK   PMC135811.pdf
[grobid]   OK   PMC135822.pdf
[grobid]   OK   PMC1358953.pdf
[grobid]   OK   PMC13601457.pdf
[grobid]   OK   PMC1361698.pdf
[grobid]   OK   PMC136220.pdf
[grobid]   OK   PMC136318.pdf
[grobid]   OK   PMC136348.pdf
[grobid]   OK   PMC136431.pdf
[grobid]   OK   PMC1366829.pdf
[grobid]   OK   PMC1366874.pdf
[grobid]   OK   PMC136811.pdf
[grobid]   OK   PMC1369163.pdf
[grobid]   OK   PMC136959.pdf
[grobid]   OK   PMC1369627.pdf
[grobid]   OK   PMC1369830.pdf
[grobid]   OK   PMC1370008.pdf
[grobid]   OK   PMC1370574.pdf
[grobid]   OK   PMC1370715.pdf
[grobid]   OK   PMC1370743.pdf
[grobid]   OK   PMC1370769.pdf
[grobid]   OK   PMC137141.pdf
[grobid]   OK   PMC137500.pdf
[grobid]   OK   PMC1376892.pdf
[grobid]   OK   PMC1377234.pdf
[grobid]   OK   PMC1377311.pdf
[grobid]   OK   PMC137755.pdf
[grobid]   OK   PMC1377632.pdf
[grobid]   OK   PMC1377654.pdf
[grobid]   OK   PMC1377722.pdf
[grobid]   OK   PMC1377723.pdf
[grobid]   OK   PMC137781.pdf
[grobid]   OK   PMC1377894.pdf
[grobid]   OK   PMC1377930.pdf
[grobid]   OK   PMC1377967.pdf
[grobid]   OK   PMC1378010.pdf
[grobid]   OK   PMC1378018.pdf
[grobid]   OK   PMC1378040.pdf
[grobid]   OK   PMC1378050.pdf
[grobid]   OK   PMC137891.pdf
[grobid]   OK   PMC137893.pdf
[grobid]   OK   PMC137961.pdf
[grobid]   OK   PMC1382330.pdf
[grobid]   OK   PMC1382353.pdf
[grobid]   OK   PMC1382357.pdf
[grobid]   OK   PMC1383742.pdf
[grobid]   OK   PMC1385604.pdf
[grobid]   OK   PMC138638.pdf
[grobid]   OK   PMC1386401.pdf
[grobid]   OK   PMC1387050.pdf
[grobid]   OK   PMC139774.pdf
[grobid]   OK   PMC140497.pdf
[grobid]   OK   PMC1405236.pdf
[grobid]   OK   PMC140587.pdf
[grobid]   OK   PMC140698.pdf
[grobid]   OK   PMC140912.pdf
[grobid]   OK   PMC1409579.pdf
[grobid]   OK   PMC141028.pdf
[grobid]   OK   PMC141043.pdf
[grobid]   OK   PMC1412975.pdf
[grobid]   OK   PMC1412985.pdf
[grobid]   OK   PMC1413652.pdf
[grobid]   OK   PMC1413946.pdf
[grobid]   OK   PMC1424681.pdf
[grobid]   OK   PMC1428063.pdf
[grobid]   OK   PMC1435866.pdf
[grobid]   OK   PMC1440407.pdf
[grobid]   OK   PMC1440725.pdf
[grobid]   OK   PMC1440888.pdf
[grobid]   OK   PMC1444756.pdf
[grobid]   OK   PMC1447533.pdf
[grobid]   OK   PMC1449539.pdf
[grobid]   OK   PMC1449603.pdf
[grobid]   OK   PMC1449769.pdf
[grobid]   OK   PMC1449880.pdf
[grobid]   OK   PMC1449989.pdf
[grobid]   OK   PMC1452675.pdf
[grobid]   OK   PMC1454010.pdf
[grobid]   OK   PMC145449.pdf
[grobid]   OK   PMC145607.pdf
[grobid]   OK   PMC1456150.pdf
[grobid]   OK   PMC1456161.pdf
[grobid]   OK   PMC1456165.pdf
[grobid]   OK   PMC1456533.pdf
[grobid]   OK   PMC1456879.pdf
[grobid]   OK   PMC145779.pdf
[grobid]   OK   PMC1458651.pdf
[grobid]   OK   PMC1458669.pdf
[grobid]   OK   PMC1458739.pdf
[grobid]   OK   PMC145992.pdf
[grobid]   OK   PMC14601.pdf
[grobid]   OK   PMC1460660.pdf
[grobid]   OK   PMC1460892.pdf
[grobid]   OK   PMC1460913.pdf
[grobid]   OK   PMC1461088.pdf
[grobid]   OK   PMC1461530.pdf
[grobid]   OK   PMC1461814.pdf
[grobid]   OK   PMC1461844.pdf
[grobid]   OK   PMC1462015.pdf
[grobid]   OK   PMC14622.pdf
[grobid]   OK   PMC1462640.pdf
[grobid]   OK   PMC146362.pdf
[grobid]   OK   PMC146395.pdf
[grobid]   OK   PMC146428.pdf
[grobid]   OK   PMC1464345.pdf
[grobid]   OK   PMC146488.pdf
[grobid]   OK   PMC146498.pdf
[grobid]   OK   PMC14675.pdf
[grobid]   OK   PMC1467724.pdf
[grobid]   OK   PMC1468122.pdf
[grobid]   OK   PMC1468126.pdf
[grobid]   OK   PMC1470796.pdf
[grobid]   OK   PMC147181.pdf
[grobid]   OK   PMC1472221.pdf
[grobid]   OK   PMC147233.pdf
[grobid]   OK   PMC147248.pdf
[grobid]   OK   PMC1472533.pdf
[grobid]   OK   PMC147281.pdf
[grobid]   OK   PMC147305.pdf
[grobid]   OK   PMC147367.pdf
[grobid]   OK   PMC147381.pdf
[grobid]   OK   PMC1474082.pdf
[grobid]   OK   PMC1474138.pdf
[grobid]   OK   PMC147431.pdf
[grobid]   OK   PMC147479.pdf
[grobid]   OK   PMC147628.pdf
[grobid]   OK   PMC1478185.pdf
[grobid]   OK   PMC147866.pdf
[grobid]   OK   PMC147895.pdf
[grobid]   OK   PMC147925.pdf
[grobid]   OK   PMC147960.pdf
[grobid]   OK   PMC147991.pdf
[grobid]   OK   PMC1480416.pdf
[grobid]   OK   PMC1480596.pdf
[grobid]   OK   PMC148115.pdf
[grobid]   OK   PMC148118.pdf
[grobid]   OK   PMC148244.pdf
[grobid]   OK   PMC1482809.pdf
[grobid]   OK   PMC148303.pdf
[grobid]   OK   PMC148398.pdf
[grobid]   OK   PMC1484424.pdf
[grobid]   OK   PMC1484433.pdf
[grobid]   OK   PMC148466.pdf
[grobid]   OK   PMC14860.pdf
[grobid]   OK   PMC148617.pdf
[grobid]   OK   PMC148736.pdf
[grobid]   OK   PMC148812.pdf
[grobid]   OK   PMC1489029.pdf
[grobid]   OK   PMC1489043.pdf
[grobid]   OK   PMC1489155.pdf
[grobid]   OK   PMC14893.pdf
[grobid]   OK   PMC149030.pdf
[grobid]   OK   PMC14924.pdf
[grobid]   OK   PMC149754.pdf
[grobid]   OK   PMC149893.pdf
[grobid]   OK   PMC149920.pdf
[grobid]   OK   PMC149936.pdf
[grobid]   OK   PMC1500981.pdf
[grobid]   OK   PMC1501129.pdf
[grobid]   OK   PMC1501425.pdf
[grobid]   OK   PMC1502310.pdf
[grobid]   OK   PMC1502439.pdf
[grobid]   OK   PMC1503670.pdf
[grobid]   OK   PMC1505419.pdf
[grobid]   OK   PMC1506567.pdf
[grobid]   OK   PMC15077.pdf
[grobid]   OK   PMC1508093.pdf
[grobid]   OK   PMC1510452.pdf
[grobid]   OK   PMC151532.pdf
[grobid]   OK   PMC151631.pdf
[grobid]   OK   PMC151741.pdf
[grobid]   OK   PMC152374.pdf
[grobid]   OK   PMC1525050.pdf
[grobid]   OK   PMC152798.pdf
[grobid]   OK   PMC152855.pdf
[grobid]   OK   PMC152864.pdf
[grobid]   OK   PMC152874.pdf
[grobid]   OK   PMC152932.pdf
[grobid]   OK   PMC153124.pdf
[grobid]   OK   PMC153227.pdf
[grobid]   OK   PMC1533883.pdf
[grobid]   OK   PMC1535228.pdf
[grobid]   OK   PMC1536407.pdf
[grobid]   OK   PMC1536502.pdf
[grobid]   OK   PMC1538439.pdf
[grobid]   OK   PMC1538956.pdf
[grobid]   OK   PMC1540458.pdf
[grobid]   OK   PMC1541017.pdf
[grobid]   OK   PMC1541239.pdf
[grobid]   OK   PMC1541622.pdf
[grobid]   OK   PMC1542148.pdf
[grobid]   OK   PMC154220.pdf
[grobid]   OK   PMC154358.pdf
[grobid]   OK   PMC154665.pdf
[grobid]   OK   PMC1550299.pdf
[grobid]   OK   PMC1553797.pdf
[grobid]   OK   PMC1553805.pdf
[grobid]   OK   PMC1554013.pdf
[grobid]   OK   PMC1554074.pdf
[grobid]   OK   PMC1554250.pdf
[grobid]   OK   PMC1559489.pdf
[grobid]   OK   PMC1559550.pdf
[grobid]   OK   PMC1559775.pdf
[grobid]   OK   PMC1559998.pdf
[grobid]   OK   PMC1560039.pdf
[grobid]   OK   PMC1560278.pdf
[grobid]   OK   PMC1563725.pdf
[grobid]   OK   PMC1563864.pdf
[grobid]   OK   PMC1565175.pdf
[grobid]   OK   PMC1565568.pdf
[grobid]   OK   PMC1566086.pdf
[grobid]   OK   PMC156738.pdf
[grobid]   OK   PMC156760.pdf
[grobid]   OK   PMC156951.pdf
[grobid]   OK   PMC1569674.pdf
[grobid]   OK   PMC1571475.pdf
[grobid]   OK   PMC1572220.pdf
[grobid]   OK   PMC1573529.pdf
[grobid]   OK   PMC1573783.pdf
[grobid]   OK   PMC1573997.pdf
[grobid]   OK   PMC1574251.pdf
[grobid]   OK   PMC1575165.pdf
[grobid]   OK   PMC1575272.pdf
[grobid]   OK   PMC1575275.pdf
[grobid]   OK   PMC1575923.pdf
[grobid]   OK   PMC1576126.pdf
[grobid]   OK   PMC1577045.pdf
[grobid]   OK   PMC1577449.pdf
[grobid]   OK   PMC1578710.pdf
[grobid]   OK   PMC1579132.pdf
[grobid]   OK   PMC158820.pdf
[grobid]   OK   PMC1592530.pdf
[grobid]   OK   PMC1592725.pdf
[grobid]   OK   PMC1592756.pdf
[grobid]   OK   PMC15940.pdf
[grobid]   OK   PMC1601974.pdf
[grobid]   OK   PMC1603558.pdf
[grobid]   OK   PMC1606501.pdf
[grobid]   OK   PMC1606606.pdf
[grobid]   OK   PMC1606607.pdf
[grobid]   OK   PMC1610478.pdf
[grobid]   OK   PMC1613264.pdf
[grobid]   OK   PMC1614709.pdf
[grobid]   OK   PMC161671.pdf
[grobid]   OK   PMC1618377.pdf
[grobid]   OK   PMC1618658.pdf
[grobid]   OK   PMC161925.pdf
[grobid]   OK   PMC162038.pdf
[grobid]   OK   PMC1621086.pdf
[grobid]   OK   PMC162151.pdf
[grobid]   OK   PMC1622791.pdf
[grobid]   OK   PMC1626594.pdf
[grobid]   OK   PMC162933.pdf
[grobid]   OK   PMC1630753.pdf
[grobid]   OK   PMC163120.pdf
[grobid]   OK   PMC163369.pdf
[grobid]   OK   PMC1635451.pdf
[grobid]   OK   PMC1635511.pdf
[grobid]   OK   PMC1637562.pdf
[grobid]   OK   PMC163892.pdf
[grobid]   OK   PMC1642621.pdf
[grobid]   OK   PMC164701.pdf
[grobid]   OK   PMC164823.pdf
[grobid]   OK   PMC164853.pdf
[grobid]   OK   PMC16510.pdf
[grobid]   OK   PMC165570.pdf
[grobid]   OK   PMC165645.pdf
[grobid]   OK   PMC16573.pdf
[grobid]   OK   PMC166325.pdf
[grobid]   OK   PMC1664806.pdf
[grobid]   OK   PMC1665109.pdf
[grobid]   OK   PMC167980.pdf
[grobid]   OK   PMC1679904.pdf
[grobid]   OK   PMC1682099.pdf
[grobid]   OK   PMC1682180.pdf
[grobid]   OK   PMC1682422.pdf
[grobid]   OK   PMC1682435.pdf
[grobid]   OK   PMC1682495.pdf
[grobid]   OK   PMC1682655.pdf
[grobid]   OK   PMC1682745.pdf
[grobid]   OK   PMC1682955.pdf
[grobid]   OK   PMC1682963.pdf
[grobid]   OK   PMC1683006.pdf
[grobid]   OK   PMC1683011.pdf
[grobid]   OK   PMC1683088.pdf
[grobid]   OK   PMC1683616.pdf
[grobid]   OK   PMC1683656.pdf
[grobid]   OK   PMC1683915.pdf
[grobid]   OK   PMC1683983.pdf
[grobid]   OK   PMC1684351.pdf
[grobid]   OK   PMC1684748.pdf
[grobid]   OK   PMC1684768.pdf
[grobid]   OK   PMC1684801.pdf
[grobid]   OK   PMC1684817.pdf
[grobid]   OK   PMC1685048.pdf
[grobid]   OK   PMC1689787.pdf
[grobid]   OK   PMC1689791.pdf
[grobid]   OK   PMC1690078.pdf
[grobid]   OK   PMC1690323.pdf
[grobid]   OK   PMC1690489.pdf
[grobid]   OK   PMC1690836.pdf
[grobid]   OK   PMC1690993.pdf
[grobid]   OK   PMC1690996.pdf
[grobid]   OK   PMC1691686.pdf
[grobid]   OK   PMC1692296.pdf
[grobid]   OK   PMC1692446.pdf
[grobid]   OK   PMC1692452.pdf
[grobid]   OK   PMC1692889.pdf
[grobid]   OK   PMC1693320.pdf
[grobid]   OK   PMC1693790.pdf
[grobid]   OK   PMC1698671.pdf
[grobid]   OK   PMC1698734.pdf
[grobid]   OK   PMC169989.pdf
[grobid]   OK   PMC1702318.pdf
[grobid]   OK   PMC1702369.pdf
[grobid]   OK   PMC170893.pdf
[grobid]   OK   PMC170904.pdf
[grobid]   OK   PMC1712682.pdf
[grobid]   OK   PMC1712974.pdf
[grobid]   OK   PMC1715281.pdf
[grobid]   OK   PMC1715361.pdf
[grobid]   OK   PMC1715442.pdf
[grobid]   OK   PMC1715554.pdf
[grobid]   OK   PMC1715611.pdf
[grobid]   OK   PMC1715874.pdf
[grobid]   OK   PMC1715955.pdf
[grobid]   OK   PMC1715995.pdf
[grobid]   OK   PMC1716025.pdf
[grobid]   OK   PMC1716057.pdf
[grobid]   OK   PMC1716061.pdf
[grobid]   OK   PMC1716087.pdf
[grobid]   OK   PMC1716104.pdf
[grobid]   OK   PMC1716123.pdf
[grobid]   OK   PMC1721517.pdf
[grobid]   OK   PMC1722931.pdf
[grobid]   OK   PMC1724533.pdf
[grobid]   OK   PMC1727116.pdf
[grobid]   OK   PMC1734386.pdf
[grobid]   OK   PMC1736055.pdf
[grobid]   OK   PMC1738655.pdf
[grobid]   OK   PMC1748185.pdf
[grobid]   OK   PMC1751188.pdf
[grobid]   OK   PMC1751213.pdf
[grobid]   OK   PMC17545.pdf
[grobid]   OK   PMC1754706.pdf
[grobid]   OK   PMC1755391.pdf
[grobid]   OK   PMC17584.pdf
[grobid]   OK   PMC1759904.pdf
[grobid]   OK   PMC1761114.pdf
[grobid]   OK   PMC1762033.pdf
[grobid]   OK   PMC1763461.pdf
[grobid]   OK   PMC17646.pdf
[grobid]   OK   PMC1765425.pdf
[grobid]   OK   PMC1765481.pdf
[grobid]   OK   PMC1766336.pdf
[grobid]   OK   PMC1766465.pdf
[grobid]   OK   PMC1769889.pdf
[grobid]   OK   PMC1770540.pdf
[grobid]   OK   PMC1770728.pdf
[grobid]   OK   PMC1770765.pdf
[grobid]   OK   PMC1770875.pdf
[grobid]   OK   PMC1771975.pdf
[grobid]   OK   PMC1772744.pdf
[grobid]   OK   PMC1773378.pdf
[grobid]   OK   PMC1774072.pdf
[grobid]   OK   PMC17758.pdf
[grobid]   OK   PMC1775911.pdf
[grobid]   OK   PMC1779943.pdf
[grobid]   OK   PMC1782147.pdf
[grobid]   OK   PMC1782647.pdf
[grobid]   OK   PMC1782900.pdf
[grobid]   OK   PMC178377.pdf
[grobid]   OK   PMC178486.pdf
[grobid]   OK   PMC1785270.pdf
[grobid]   OK   PMC1785346.pdf
[grobid]   OK   PMC17928.pdf
[grobid]   OK   PMC1794275.pdf
[grobid]   OK   PMC1794683.pdf
[grobid]   OK   PMC1796774.pdf
[grobid]   OK   PMC1797232.pdf
[grobid]   OK   PMC1797653.pdf
[grobid]   OK   PMC1798404.pdf
[grobid]   OK   PMC1800695.pdf
[grobid]   OK   PMC1800831.pdf
[grobid]   OK   PMC1801155.pdf
[grobid]   OK   PMC1801401.pdf
[grobid]   OK   PMC1801540.pdf
[grobid]   OK   PMC1801549.pdf
[grobid]   OK   PMC1801555.pdf
[grobid]   OK   PMC180389.pdf
[grobid]   OK   PMC1805116.pdf
[grobid]   OK   PMC1805645.pdf
[grobid]   OK   PMC1805655.pdf
[grobid]   OK   PMC1809047.pdf
[grobid]   OK   PMC1809635.pdf
[grobid]   OK   PMC1810089.pdf
[grobid]   OK   PMC1810328.pdf
[grobid]   OK   PMC18105.pdf
[grobid]   OK   PMC1817641.pdf
[grobid]   OK   PMC1819428.pdf
[grobid]   OK   PMC1819462.pdf
[grobid]   OK   PMC1820653.pdf
[grobid]   OK   PMC1820707.pdf
[grobid]   OK   PMC182622.pdf
[grobid]   OK   PMC1828028.pdf
[grobid]   OK   PMC1828285.pdf
[grobid]   OK   PMC1831462.pdf
[grobid]   OK   PMC1831872.pdf
[grobid]   OK   PMC1838738.pdf
[grobid]   OK   PMC1838755.pdf
[grobid]   OK   PMC18388.pdf
[grobid]   OK   PMC1850070.pdf
[grobid]   OK   PMC1850158.pdf
[grobid]   OK   PMC1850242.pdf
[grobid]   OK   PMC1850399.pdf
[grobid]   OK   PMC1850442.pdf
[grobid]   OK   PMC1850571.pdf
[grobid]   OK   PMC1850872.pdf
[grobid]   OK   PMC1850903.pdf
[grobid]   OK   PMC1851069.pdf
[grobid]   OK   PMC1851087.pdf
[grobid]   OK   PMC1851856.pdf
[grobid]   OK   PMC1852827.pdf
[grobid]   OK   PMC185285.pdf
[grobid]   OK   PMC1852967.pdf
[grobid]   OK   PMC1853247.pdf
[grobid]   OK   PMC1855737.pdf
[grobid]   OK   PMC1856157.pdf
[grobid]   OK   PMC1857338.pdf
[grobid]   OK   PMC1857835.pdf
[grobid]   OK   PMC1857926.pdf
[grobid]   OK   PMC1858108.pdf
[grobid]   OK   PMC1858271.pdf
[grobid]   OK   PMC185828.pdf
[grobid]   OK   PMC1858657.pdf
[grobid]   OK   PMC1860255.pdf
[grobid]   OK   PMC1861830.pdf
[grobid]   OK   PMC1862448.pdf
[grobid]   OK   PMC1863503.pdf
[grobid]   OK   PMC1863572.pdf
[grobid]   OK   PMC1864816.pdf
[grobid]   OK   PMC1864875.pdf
[grobid]   OK   PMC1866869.pdf
[grobid]   OK   PMC1866889.pdf
[grobid]   OK   PMC1866921.pdf
[grobid]   OK   PMC1866931.pdf
[grobid]   OK   PMC1867016.pdf
[grobid]   OK   PMC1867205.pdf
[grobid]   OK   PMC1867623.pdf
[grobid]   OK   PMC1868311.pdf
[grobid]   OK   PMC1874241.pdf
[grobid]   OK   PMC187576.pdf
[grobid]   OK   PMC1876717.pdf
[grobid]   OK   PMC187837.pdf
[grobid]   OK   PMC187839.pdf
[grobid]   OK   PMC188128.pdf
[grobid]   OK   PMC188279.pdf
[grobid]   OK   PMC1884399.pdf
[grobid]   OK   PMC1885609.pdf
[grobid]   OK   PMC1885623.pdf
[grobid]   OK   PMC1885744.pdf
[grobid]   OK   PMC1885754.pdf
[grobid]   OK   PMC18859.pdf
[grobid]   OK   PMC1886070.pdf
[grobid]   OK   PMC1886722.pdf
[grobid]   OK   PMC1887010.pdf
[grobid]   OK   PMC1887469.pdf
[grobid]   OK   PMC1887498.pdf
[grobid]   OK   PMC1891339.pdf
[grobid]   OK   PMC1892212.pdf
[grobid]   OK   PMC1892439.pdf
[grobid]   OK   PMC1893115.pdf
[grobid]   OK   PMC1894683.pdf
[grobid]   OK   PMC18965.pdf
[grobid]   OK   PMC18993.pdf
[grobid]   OK   PMC1899442.pdf
[grobid]   OK   PMC1900046.pdf
[grobid]   OK   PMC1900104.pdf
[grobid]   OK   PMC1900312.pdf
[grobid]   OK   PMC1903339.pdf
[grobid]   OK   PMC1903708.pdf
[grobid]   OK   PMC1903887.pdf
[grobid]   OK   PMC1904057.pdf
[grobid]   OK   PMC19042.pdf
[grobid]   OK   PMC1904940.pdf
[grobid]   OK   PMC1905251.pdf
[grobid]   OK   PMC1905785.pdf
[grobid]   OK   PMC1905846.pdf
[grobid]   OK   PMC1906310.pdf
[grobid]   OK   PMC1906335.pdf
[grobid]   OK   PMC1906479.pdf
[grobid]   OK   PMC1906874.pdf
[grobid]   OK   PMC1907109.pdf
[grobid]   OK   PMC1907336.pdf
[grobid]   OK   PMC1907635.pdf
[grobid]   OK   PMC1910721.pdf
[grobid]   OK   PMC1914096.pdf
[grobid]   OK   PMC1914581.pdf
[grobid]   OK   PMC1914608.pdf
[grobid]   OK   PMC1914790.pdf
[grobid]   OK   PMC1914802.pdf
[grobid]   OK   PMC1914856.pdf
[grobid]   OK   PMC1914922.pdf
[grobid]   OK   PMC1914925.pdf
[grobid]   OK   PMC1916090.pdf
[grobid]   OK   PMC1916216.pdf
[grobid]   OK   PMC1917788.pdf
[grobid]   OK   PMC1918029.pdf
[grobid]   OK   PMC1918099.pdf
[grobid]   OK   PMC1918182.pdf
[grobid]   OK   PMC1918379.pdf
[grobid]   OK   PMC1919520.pdf
[grobid]   OK   PMC1920446.pdf
[grobid]   OK   PMC19224.pdf
[grobid]   OK   PMC1924894.pdf
[grobid]   OK   PMC192736.pdf
[grobid]   OK   PMC1931561.pdf
[grobid]   OK   PMC1932938.pdf
[grobid]   OK   PMC1934524.pdf
[grobid]   OK   PMC1934611.pdf
[grobid]   OK   PMC193565.pdf
[grobid]   OK   PMC19407.pdf
[grobid]   OK   PMC1941684.pdf
[grobid]   OK   PMC19448.pdf
[grobid]   OK   PMC1944995.pdf
[grobid]   OK   PMC194879.pdf
[grobid]   OK   PMC1948986.pdf
[grobid]   OK   PMC1949930.pdf
[grobid]   OK   PMC1949964.pdf
[grobid]   OK   PMC1950909.pdf
[grobid]   OK   PMC1951141.pdf
[grobid]   OK   PMC1951777.pdf
[grobid]   OK   PMC1952129.pdf
[grobid]   OK   PMC1952303.pdf
[grobid]   OK   PMC1952633.pdf
[grobid]   OK   PMC1952691.pdf
[grobid]   OK   PMC19544.pdf
[grobid]   OK   PMC1954743.pdf
[grobid]   OK   PMC1955463.pdf
[grobid]   OK   PMC1955482.pdf
[grobid]   OK   PMC196031.pdf
[grobid]   OK   PMC1964509.pdf
[grobid]   OK   PMC1965333.pdf
[grobid]   OK   PMC196577.pdf
[grobid]   OK   PMC196862.pdf
[grobid]   OK   PMC1974887.pdf
[grobid]   OK   PMC19762.pdf
[grobid]   OK   PMC1976232.pdf
[grobid]   OK   PMC1976282.pdf
[grobid]   OK   PMC1986728.pdf
[grobid]   OK   PMC1987388.pdf
[grobid]   OK   PMC1988866.pdf
[grobid]   OK   PMC1991308.pdf
[grobid]   OK   PMC1991338.pdf
[grobid]   OK   PMC199271.pdf
[grobid]   OK   PMC1993861.pdf
[grobid]   OK   PMC1995083.pdf
[grobid]   OK   PMC1995688.pdf
[grobid]   OK   PMC19975.pdf
[grobid]   OK   PMC2000536.pdf
[grobid]   OK   PMC2000627.pdf
[grobid]   OK   PMC2000678.pdf
[grobid]   OK   PMC2000851.pdf
[grobid]   OK   PMC2002185.pdf
[grobid]   OK   PMC2002532.pdf
[grobid]   OK   PMC200953.pdf
[grobid]   OK   PMC201059.pdf
[grobid]   OK   PMC201089.pdf
[grobid]   OK   PMC2013271.pdf
[grobid]   OK   PMC2013280.pdf
[grobid]   OK   PMC2018246.pdf
[grobid]   OK   PMC2020433.pdf
[grobid]   OK   PMC2032202.pdf
[grobid]   OK   PMC2032295.pdf
[grobid]   OK   PMC2032773.pdf
[grobid]   OK   PMC2034339.pdf
[grobid]   OK   PMC2034671.pdf
[grobid]   OK   PMC2039994.pdf
[grobid]   OK   PMC2040210.pdf
[grobid]   OK   PMC2040806.pdf
[grobid]   OK   PMC2041174.pdf
[grobid]   OK   PMC2041192.pdf
[grobid]   OK   PMC2041219.pdf
[grobid]   OK   PMC2041638.pdf
[grobid]   OK   PMC2042052.pdf
[grobid]   OK   PMC2042223.pdf
[grobid]   OK   PMC2042270.pdf
[grobid]   OK   PMC2043361.pdf
[grobid]   OK   PMC2043556.pdf
[grobid]   OK   PMC2044533.pdf
[grobid]   OK   PMC2045150.pdf
[grobid]   OK   PMC2045521.pdf
[grobid]   OK   PMC2045560.pdf
[grobid]   OK   PMC206471.pdf
[grobid]   OK   PMC2066198.pdf
[grobid]   OK   PMC206625.pdf
[grobid]   OK   PMC2071946.pdf
[grobid]   OK   PMC2072159.pdf
[grobid]   OK   PMC2072428.pdf
[grobid]   OK   PMC2072539.pdf
[grobid]   OK   PMC2072996.pdf
[grobid]   OK   PMC2075306.pdf
[grobid]   OK   PMC2075421.pdf
[grobid]   OK   PMC2080560.pdf
[grobid]   OK   PMC2080561.pdf
[grobid]   OK   PMC2080571.pdf
[grobid]   OK   PMC2080659.pdf
[grobid]   OK   PMC2084232.pdf
[grobid]   OK   PMC209082.pdf
[grobid]   OK   PMC209324.pdf
[grobid]   OK   PMC209375.pdf
[grobid]   OK   PMC2094037.pdf
[grobid]   OK   PMC209429.pdf
[grobid]   OK   PMC20949.pdf
[grobid]   OK   PMC2096455.pdf
[grobid]   OK   PMC2099577.pdf
[grobid]   OK   PMC2099623.pdf
[grobid]   OK   PMC2100412.pdf
[grobid]   OK   PMC21068.pdf
[grobid]   OK   PMC21110.pdf
[grobid]   OK   PMC2117329.pdf
[grobid]   OK   PMC21200.pdf
[grobid]   OK   PMC212747.pdf
[grobid]   OK   PMC212813.pdf
[grobid]   OK   PMC2131726.pdf
[grobid]   OK   PMC2134776.pdf
[grobid]   OK   PMC2142192.pdf
[grobid]   OK   PMC2142493.pdf
[grobid]   OK   PMC2142639.pdf
[grobid]   OK   PMC2144141.pdf
[grobid]   OK   PMC2144226.pdf
[grobid]   OK   PMC2147976.pdf
[grobid]   OK   PMC2151449.pdf
[grobid]   OK   PMC2154478.pdf
[grobid]   OK   PMC2167993.pdf
[grobid]   OK   PMC2168311.pdf
[grobid]   OK   PMC2169056.pdf
[grobid]   OK   PMC2169275.pdf
[grobid]   OK   PMC2169382.pdf
[grobid]   OK   PMC2176128.pdf
[grobid]   OK   PMC2176200.pdf
[grobid]   OK   PMC21819.pdf
[grobid]   OK   PMC218729.pdf
[grobid]   OK   PMC2189563.pdf
[grobid]   OK   PMC219467.pdf
[grobid]   OK   PMC2196442.pdf
[grobid]   OK   PMC2203288.pdf
[grobid]   OK   PMC2203379.pdf
[grobid]   OK   PMC22110.pdf
[grobid]   OK   PMC2211686.pdf
[grobid]   OK   PMC2212247.pdf
[grobid]   OK   PMC2212258.pdf
[grobid]   OK   PMC2212259.pdf
[grobid]   OK   PMC2212590.pdf
[grobid]   OK   PMC2219346.pdf
[grobid]   OK   PMC2219499.pdf
[grobid]   OK   PMC221962.pdf
[grobid]   OK   PMC2220049.pdf
[grobid]   OK   PMC2220080.pdf
[grobid]   OK   PMC22218.pdf
[grobid]   OK   PMC2223314.pdf
[grobid]   OK   PMC2223897.pdf
[grobid]   OK   PMC2224593.pdf
[grobid]   OK   PMC2224772.pdf
[grobid]   OK   PMC2228254.pdf
[grobid]   OK   PMC2228261.pdf
[grobid]   OK   PMC2228267.pdf
[grobid]   OK   PMC2229945.pdf
[grobid]   OK   PMC2230030.pdf
[grobid]   OK   PMC2230229.pdf
[grobid]   OK   PMC2230323.pdf
[grobid]   OK   PMC2230476.pdf
[grobid]   OK   PMC2230839.pdf
[grobid]   OK   PMC2231011.pdf
[grobid]   OK   PMC2231159.pdf
[grobid]   OK   PMC2231285.pdf
[grobid]   OK   PMC2234344.pdf
[grobid]   OK   PMC2234350.pdf
[grobid]   OK   PMC2234356.pdf
[grobid]   OK   PMC223617.pdf
[grobid]   OK   PMC2253300.pdf
[grobid]   OK   PMC2253485.pdf
[grobid]   OK   PMC2258259.pdf
[grobid]   OK   PMC2258549.pdf
[grobid]   OK   PMC2258791.pdf
[grobid]   OK   PMC2258941.pdf
[grobid]   OK   PMC2258971.pdf
[grobid]   OK   PMC2259102.pdf
[grobid]   OK   PMC22609.pdf
[grobid]   OK   PMC2263000.pdf
[grobid]   OK   PMC2265188.pdf
[grobid]   OK   PMC2265662.pdf
[grobid]   OK   PMC2267347.pdf
[grobid]   OK   PMC2267512.pdf
[grobid]   OK   PMC2268081.pdf
[grobid]   OK   PMC2268644.pdf
[grobid]   OK   PMC2269251.pdf
[grobid]   OK   PMC2269891.pdf
[grobid]   OK   PMC2269973.pdf
[grobid]   OK   PMC2269983.pdf
[grobid]   OK   PMC2270128.pdf
[grobid]   OK   PMC2270181.pdf
[grobid]   OK   PMC2271358.pdf
[grobid]   OK   PMC2271369.pdf
[grobid]   OK   PMC2276380.pdf
[grobid]   OK   PMC2276384.pdf
[grobid]   OK   PMC2277194.pdf
[grobid]   OK   PMC2277329.pdf
[grobid]   OK   PMC2278544.pdf
[grobid]   OK   PMC2278656.pdf
[grobid]   OK   PMC2278849.pdf
[grobid]   OK   PMC227885.pdf
[grobid]   OK   PMC2278998.pdf
[grobid]   OK   PMC2279331.pdf
[grobid]   OK   PMC2280005.pdf
[grobid]   OK   PMC228124.pdf
[grobid]   OK   PMC228146.pdf
[grobid]   OK   PMC22816.pdf
[grobid]   OK   PMC228466.pdf
[grobid]   OK   PMC22869.pdf
[grobid]   OK   PMC2290107.pdf
[grobid]   OK   PMC2290332.pdf
[grobid]   OK   PMC2290497.pdf
[grobid]   OK   PMC2290561.pdf
[grobid]   OK   PMC2292407.pdf
[grobid]   OK   PMC2292559.pdf
[grobid]   OK   PMC2292619.pdf
[grobid]   OK   PMC2293043.pdf
[grobid]   OK   PMC2293061.pdf
[grobid]   OK   PMC2293290.pdf
[grobid]   OK   PMC229585.pdf
[grobid]   OK   PMC22976.pdf
[grobid]   OK   PMC229764.pdf
[grobid]   OK   PMC22978.pdf
[grobid]   OK   PMC229822.pdf
[grobid]   OK   PMC230518.pdf
[grobid]   OK   PMC23071.pdf
[grobid]   OK   PMC230812.pdf
[grobid]   OK   PMC230958.pdf
[grobid]   OK   PMC231368.pdf
[grobid]   OK   PMC231400.pdf
[grobid]   OK   PMC231876.pdf
[grobid]   OK   PMC231987.pdf
[grobid]   OK   PMC232390.pdf
[grobid]   OK   PMC2323910.pdf
[grobid]   OK   PMC232539.pdf
[grobid]   OK   PMC2329719.pdf
[grobid]   OK   PMC2330213.pdf
[grobid]   OK   PMC2342594.pdf
[grobid]   OK   PMC2342646.pdf
[grobid]   OK   PMC2342737.pdf
[grobid]   OK   PMC2342916.pdf
[grobid]   OK   PMC2342936.pdf
[grobid]   OK   PMC2342997.pdf
[grobid]   OK   PMC2343085.pdf
[grobid]   OK   PMC2343318.pdf
[grobid]   OK   PMC2346614.pdf
[grobid]   OK   PMC2346748.pdf
[grobid]   OK   PMC2347378.pdf
[grobid]   OK   PMC23530.pdf
[grobid]   OK   PMC2359810.pdf
[grobid]   OK   PMC2364649.pdf
[grobid]   OK   PMC2365494.pdf
[grobid]   OK   PMC23663.pdf
[grobid]   OK   PMC2366858.pdf
[grobid]   OK   PMC2366870.pdf
[grobid]   OK   PMC2366905.pdf
[grobid]   OK   PMC2373443.pdf
[grobid]   OK   PMC2374079.pdf
[grobid]   OK   PMC2374141.pdf
[grobid]   OK   PMC23752.pdf
[grobid]   OK   PMC2375725.pdf
[grobid]   OK   PMC2383975.pdf
[grobid]   OK   PMC2386271.pdf
[grobid]   OK   PMC2386926.pdf
[grobid]   OK   PMC2386933.pdf
[grobid]   OK   PMC2386939.pdf
[grobid]   OK   PMC2386942.pdf
[grobid]   OK   PMC2386954.pdf
[grobid]   OK   PMC2387116.pdf
[grobid]   OK   PMC2387239.pdf
[grobid]   OK   PMC2395058.pdf
[grobid]   OK   PMC2397315.pdf
[grobid]   OK   PMC2397453.pdf
[grobid]   OK   PMC2405939.pdf
[grobid]   OK   PMC2408405.pdf
[grobid]   OK   PMC2409392.pdf
[grobid]   OK   PMC2410086.pdf
[grobid]   OK   PMC2410094.pdf
[grobid]   OK   PMC2417161.pdf
[grobid]   OK   PMC2423129.pdf
[grobid]   OK   PMC2423388.pdf
[grobid]   OK   PMC2424222.pdf
[grobid]   OK   PMC2424318.pdf
[grobid]   OK   PMC2427203.pdf
[grobid]   OK   PMC2427281.pdf
[grobid]   OK   PMC2427282.pdf
[grobid]   OK   PMC2427290.pdf
[grobid]   OK   PMC2427581.pdf
[grobid]   OK   PMC2430521.pdf
[grobid]   OK   PMC2430675.pdf
[grobid]   OK   PMC2431021.pdf
[grobid]   OK   PMC2431035.pdf
[grobid]   OK   PMC2440621.pdf
[grobid]   OK   PMC2442321.pdf
[grobid]   OK   PMC2443964.pdf
[grobid]   OK   PMC2444000.pdf
[grobid]   OK   PMC2447053.pdf
[grobid]   OK   PMC2447668.pdf
[grobid]   OK   PMC2453002.pdf
[grobid]   OK   PMC2453747.pdf
[grobid]   OK   PMC24590.pdf
[grobid]   OK   PMC2474776.pdf
[grobid]   OK   PMC2474939.pdf
[grobid]   OK   PMC2475784.pdf
[grobid]   OK   PMC2477707.pdf
[grobid]   OK   PMC2480587.pdf
[grobid]   OK   PMC2486429.pdf
[grobid]   OK   PMC2488271.pdf
[grobid]   OK   PMC2491457.pdf
[grobid]   OK   PMC2491496.pdf
[grobid]   OK   PMC24920.pdf
[grobid]   OK   PMC2493433.pdf
[grobid]   OK   PMC2494556.pdf
[grobid]   OK   PMC2494876.pdf
[grobid]   OK   PMC2494915.pdf
[grobid]   OK   PMC2495975.pdf
[grobid]   OK   PMC2502066.pdf
[grobid]   OK   PMC2504897.pdf
[grobid]   OK   PMC2515868.pdf
[grobid]   OK   PMC2516254.pdf
[grobid]   OK   PMC2516494.pdf
[grobid]   OK   PMC251650.pdf
[grobid]   OK   PMC2517144.pdf
[grobid]   OK   PMC2517418.pdf
[grobid]   OK   PMC2517437.pdf
[grobid]   OK   PMC2517570.pdf
[grobid]   OK   PMC2517634.pdf
[grobid]   OK   PMC2517640.pdf
[grobid]   OK   PMC2518062.pdf
[grobid]   OK   PMC2518168.pdf
[grobid]   OK   PMC2519607.pdf
[grobid]   OK   PMC2519700.pdf
[grobid]   OK   PMC2519719.pdf
[grobid]   OK   PMC2519767.pdf
[grobid]   OK   PMC2519888.pdf
[grobid]   OK   PMC25247.pdf
[grobid]   OK   PMC2525696.pdf
[grobid]   OK   PMC2525806.pdf
[grobid]   OK   PMC25259.pdf
[grobid]   OK   PMC2527111.pdf
[grobid]   OK   PMC2527237.pdf
[grobid]   OK   PMC2527349.pdf
[grobid]   OK   PMC2527544.pdf
[grobid]   OK   PMC2528878.pdf
[grobid]   OK   PMC2529005.pdf
[grobid]   OK   PMC2529467.pdf
[grobid]   OK   PMC2529477.pdf
[grobid]   OK   PMC2531134.pdf
[grobid]   OK   PMC2532631.pdf
[grobid]   OK   PMC2533141.pdf
[grobid]   OK   PMC2533213.pdf
[grobid]   OK   PMC2533742.pdf
[grobid]   OK   PMC2533800.pdf
[grobid]   OK   PMC2535852.pdf
[grobid]   OK   PMC253807.pdf
[grobid]   OK   PMC2538676.pdf
[grobid]   OK   PMC2538832.pdf
[grobid]   OK   PMC2538871.pdf
[grobid]   OK   PMC2538879.pdf
[grobid]   OK   PMC25402.pdf
[grobid]   OK   PMC2544630.pdf
[grobid]   OK   PMC2546560.pdf
[grobid]   OK   PMC2546834.pdf
[grobid]   OK   PMC2546940.pdf
[grobid]   OK   PMC25503.pdf
[grobid]   OK   PMC2553330.pdf
[grobid]   OK   PMC2556002.pdf
[grobid]   OK   PMC2556433.pdf
[grobid]   OK   PMC2556853.pdf
[grobid]   OK   PMC2557026.pdf
[grobid]   OK   PMC2559911.pdf
[grobid]   OK   PMC25601.pdf
[grobid]   OK   PMC2561934.pdf
[grobid]   OK   PMC2562304.pdf
[grobid]   OK   PMC2562876.pdf
[grobid]   OK   PMC2562913.pdf
[grobid]   OK   PMC2563078.pdf
[grobid]   OK   PMC2563165.pdf
[grobid]   OK   PMC2564511.pdf
[grobid]   OK   PMC2566526.pdf
[grobid]   OK   PMC2567220.pdf
[grobid]   OK   PMC2567458.pdf
[grobid]   OK   PMC2567807.pdf
[grobid]   OK   PMC2568060.pdf
[grobid]   OK   PMC2569837.pdf
[grobid]   OK   PMC2569901.pdf
[grobid]   OK   PMC25707.pdf
[grobid]   OK   PMC2570754.pdf
[grobid]   OK   PMC2570890.pdf
[grobid]   OK   PMC257099.pdf
[grobid]   OK   PMC2573044.pdf
[grobid]   OK   PMC2573064.pdf
[grobid]   OK   PMC2573069.pdf
[grobid]   OK   PMC2573133.pdf
[grobid]   OK   PMC2573180.pdf
[grobid]   OK   PMC2573227.pdf
[grobid]   OK   PMC2573345.pdf
[grobid]   OK   PMC2577434.pdf
[grobid]   OK   PMC2577895.pdf
[grobid]   OK   PMC2577902.pdf
[grobid]   OK   PMC2578859.pdf
[grobid]   OK   PMC2579266.pdf
[grobid]   OK   PMC2579664.pdf
[grobid]   OK   PMC2581953.pdf
[grobid]   OK   PMC2582265.pdf
[grobid]   OK   PMC2582934.pdf
[grobid]   OK   PMC2583030.pdf
[grobid]   OK   PMC2584669.pdf
[grobid]   OK   PMC25847.pdf
[grobid]   OK   PMC2584717.pdf
[grobid]   OK   PMC2584719.pdf
[grobid]   OK   PMC2586044.pdf
[grobid]   OK   PMC2586291.pdf
[grobid]   OK   PMC2588105.pdf
[grobid]   OK   PMC2588187.pdf
[grobid]   OK   PMC258973.pdf
[grobid]   OK   PMC2590712.pdf
[grobid]   OK   PMC2592502.pdf
[grobid]   OK   PMC2593320.pdf
[grobid]   OK   PMC2593442.pdf
[grobid]   OK   PMC2593897.pdf
[grobid]   OK   PMC2593925.pdf
[grobid]   OK   PMC2596378.pdf
[grobid]   OK   PMC2596402.pdf
[grobid]   OK   PMC2597021.pdf
[grobid]   OK   PMC2597564.pdf
[grobid]   OK   PMC2597574.pdf
[grobid]   OK   PMC2597693.pdf
[grobid]   OK   PMC2597695.pdf
[grobid]   OK   PMC2597696.pdf
[grobid]   OK   PMC2603431.pdf
[grobid]   OK   PMC2606046.pdf
[grobid]   OK   PMC2607074.pdf
[grobid]   OK   PMC261080.pdf
[grobid]   OK   PMC2610863.pdf
[grobid]   OK   PMC2612134.pdf
[grobid]   OK   PMC2612303.pdf
[grobid]   OK   PMC2612608.pdf
[grobid]   OK   PMC2613088.pdf
[grobid]   OK   PMC2613245.pdf
[grobid]   OK   PMC26136.pdf
[grobid]   OK   PMC2613605.pdf
[grobid]   OK   PMC2614359.pdf
[grobid]   OK   PMC2614397.pdf
[grobid]   OK   PMC2614440.pdf
[grobid]   OK   PMC2614795.pdf
[grobid]   OK   PMC2615389.pdf
[grobid]   OK   PMC2615591.pdf
[grobid]   OK   PMC261973.pdf
[grobid]   OK   PMC2620636.pdf
[grobid]   OK   PMC2620748.pdf
[grobid]   OK   PMC262427.pdf
[grobid]   OK   PMC262865.pdf
[grobid]   OK   PMC2629107.pdf
[grobid]   OK   PMC2629286.pdf
[grobid]   OK   PMC263000.pdf
[grobid]   OK   PMC2630552.pdf
[grobid]   OK   PMC2631288.pdf
[grobid]   OK   PMC2632007.pdf
[grobid]   OK   PMC2633141.pdf
[grobid]   OK   PMC2633397.pdf
[grobid]   OK   PMC2633738.pdf
[grobid]   OK   PMC2634874.pdf
[grobid]   OK   PMC2637315.pdf
[grobid]   OK   PMC2638581.pdf
[grobid]   OK   PMC2638828.pdf
[grobid]   OK   PMC26410.pdf
[grobid]   OK   PMC264207.pdf
[grobid]   OK   PMC264226.pdf
[grobid]   OK   PMC2643029.pdf
[grobid]   OK   PMC2643276.pdf
[grobid]   OK   PMC2643507.pdf
[grobid]   OK   PMC2644154.pdf
[grobid]   OK   PMC2644423.pdf
[grobid]   OK   PMC26450.pdf
[grobid]   OK   PMC26453.pdf
[grobid]   OK   PMC2645834.pdf
[grobid]   OK   PMC2645840.pdf
[grobid]   OK   PMC2646450.pdf
[grobid]   OK   PMC2648105.pdf
[grobid]   OK   PMC2648517.pdf
[grobid]   OK   PMC2648680.pdf
[grobid]   OK   PMC2649108.pdf
[grobid]   OK   PMC2649346.pdf
[grobid]   OK   PMC26495.pdf
[grobid]   OK   PMC2650114.pdf
[grobid]   OK   PMC2650426.pdf
[grobid]   OK   PMC2650532.pdf
[grobid]   OK   PMC2650796.pdf
[grobid]   OK   PMC265181.pdf
[grobid]   OK   PMC2652203.pdf
[grobid]   OK   PMC2652706.pdf
[grobid]   OK   PMC2654023.pdf
[grobid]   OK   PMC2654256.pdf
[grobid]   OK   PMC2654850.pdf
[grobid]   OK   PMC2658105.pdf
[grobid]   OK   PMC2660971.pdf
[grobid]   OK   PMC2661403.pdf
[grobid]   OK   PMC2662052.pdf
[grobid]   OK   PMC2662054.pdf
[grobid]   OK   PMC2662150.pdf
[grobid]   OK   PMC2662262.pdf
[grobid]   OK   PMC2662284.pdf
[grobid]   OK   PMC2662388.pdf
[grobid]   OK   PMC2662547.pdf
[grobid]   OK   PMC2663610.pdf
[grobid]   OK   PMC2663932.pdf
[grobid]   OK   PMC2664067.pdf
[grobid]   OK   PMC2664653.pdf
[grobid]   OK   PMC2665776.pdf
[grobid]   OK   PMC2666096.pdf
[grobid]   OK   PMC2666563.pdf
[grobid]   OK   PMC2667359.pdf
[grobid]   OK   PMC2667758.pdf
[grobid]   OK   PMC2668051.pdf
[grobid]   OK   PMC2668499.pdf
[grobid]   OK   PMC2668781.pdf
[grobid]   OK   PMC2669535.pdf
[grobid]   OK   PMC2670574.pdf
[grobid]   OK   PMC2670868.pdf
[grobid]   OK   PMC2671025.pdf
[grobid]   OK   PMC2671856.pdf
[grobid]   OK   PMC2672511.pdf
[grobid]   OK   PMC2673779.pdf
[grobid]   OK   PMC26743.pdf
[grobid]   OK   PMC2674343.pdf
[grobid]   OK   PMC2674579.pdf
[grobid]   OK   PMC26750.pdf
[grobid]   OK   PMC2675806.pdf
[grobid]   OK   PMC2675979.pdf
[grobid]   OK   PMC2679239.pdf
[grobid]   OK   PMC2680053.pdf
[grobid]   OK   PMC2680127.pdf
[grobid]   OK   PMC2680164.pdf
[grobid]   OK   PMC2681001.pdf
[grobid]   OK   PMC2681004.pdf
[grobid]   OK   PMC2681006.pdf
[grobid]   OK   PMC2681935.pdf
[grobid]   OK   PMC2681938.pdf
[grobid]   OK   PMC2682257.pdf
[grobid]   OK   PMC2683371.pdf
[grobid]   OK   PMC2683661.pdf
[grobid]   OK   PMC2685418.pdf
[grobid]   OK   PMC2685531.pdf
[grobid]   OK   PMC26868.pdf
[grobid]   OK   PMC2687208.pdf
[grobid]   OK   PMC2689111.pdf
[grobid]   OK   PMC2689553.pdf
[grobid]   OK   PMC2691080.pdf
[grobid]   OK   PMC2692602.pdf
[grobid]   OK   PMC26931.pdf
[grobid]   OK   PMC2693707.pdf
[grobid]   OK   PMC2693728.pdf
[grobid]   OK   PMC2694520.pdf
[grobid]   OK   PMC2694548.pdf
[grobid]   OK   PMC2694859.pdf
[grobid]   OK   PMC2694970.pdf
[grobid]   OK   PMC2694979.pdf
[grobid]   OK   PMC2695051.pdf
[grobid]   OK   PMC2695405.pdf
[grobid]   OK   PMC2697447.pdf
[grobid]   OK   PMC2698476.pdf
[grobid]   OK   PMC2699004.pdf
[grobid]   OK   PMC2701109.pdf
[grobid]   OK   PMC2701340.pdf
[grobid]   OK   PMC2702135.pdf
[grobid]   OK   PMC2702680.pdf
[grobid]   OK   PMC2702852.pdf
[grobid]   OK   PMC2704159.pdf
[grobid]   OK   PMC2704585.pdf
[grobid]   OK   PMC2704642.pdf
[grobid]   OK   PMC2704664.pdf
[grobid]   OK   PMC2704673.pdf
[grobid]   OK   PMC2705231.pdf
[grobid]   OK   PMC2705534.pdf
[grobid]   OK   PMC2705628.pdf
[grobid]   OK   PMC2705808.pdf
[grobid]   OK   PMC2707021.pdf
[grobid]   OK   PMC2707934.pdf
[grobid]   OK   PMC2707962.pdf
[grobid]   OK   PMC2707981.pdf
[grobid]   OK   PMC2708890.pdf
[grobid]   OK   PMC2709377.pdf
[grobid]   OK   PMC2709381.pdf
[grobid]   OK   PMC2709527.pdf
[grobid]   OK   PMC2711006.pdf
[grobid]   OK   PMC2711189.pdf
[grobid]   OK   PMC2713048.pdf
[grobid]   OK   PMC2713553.pdf
[grobid]   OK   PMC2713582.pdf
[grobid]   OK   PMC2714726.pdf
[grobid]   OK   PMC2714750.pdf
[grobid]   OK   PMC2715170.pdf
[grobid]   OK   PMC2715314.pdf
[grobid]   OK   PMC2715333.pdf
[grobid]   OK   PMC2715806.pdf
[grobid]   OK   PMC2716201.pdf
[grobid]   OK   PMC2716858.pdf
[grobid]   OK   PMC2718376.pdf
[grobid]   OK   PMC2719230.pdf
[grobid]   OK   PMC2719232.pdf
[grobid]   OK   PMC2719920.pdf
[grobid]   OK   PMC2719931.pdf
[grobid]   OK   PMC2720693.pdf
[grobid]   OK   PMC2721438.pdf
[grobid]   OK   PMC2722340.pdf
[grobid]   OK   PMC2722359.pdf
[grobid]   OK   PMC2722368.pdf
[grobid]   OK   PMC2723628.pdf
[grobid]   OK   PMC2724040.pdf
[grobid]   OK   PMC2725737.pdf
[grobid]   OK   PMC2725775.pdf
[grobid]   OK   PMC2726352.pdf
[grobid]   OK   PMC2727860.pdf
[grobid]   OK   PMC2728262.pdf
[grobid]   OK   PMC2730139.pdf
[grobid]   OK   PMC2730395.pdf
[grobid]   OK   PMC2731121.pdf
[grobid]   OK   PMC2731145.pdf
[grobid]   OK   PMC2731181.pdf
[grobid]   OK   PMC2731808.pdf
[grobid]   OK   PMC2732704.pdf
[grobid]   OK   PMC2732832.pdf
[grobid]   OK   PMC2732863.pdf
[grobid]   OK   PMC2733364.pdf
[grobid]   OK   PMC2733816.pdf
[grobid]   OK   PMC2735801.pdf
[grobid]   OK   PMC2737057.pdf
[grobid]   OK   PMC2737991.pdf
[grobid]   OK   PMC2739899.pdf
[grobid]   OK   PMC2740378.pdf
[grobid]   OK   PMC2740446.pdf
[grobid]   OK   PMC2740576.pdf
[grobid]   OK   PMC2740839.pdf
[grobid]   OK   PMC2741152.pdf
[grobid]   OK   PMC2741255.pdf
[grobid]   OK   PMC2741347.pdf
[grobid]   OK   PMC2741655.pdf
[grobid]   OK   PMC2742846.pdf
[grobid]   OK   PMC274319.pdf
[grobid]   OK   PMC2743836.pdf
[grobid]   OK   PMC2743847.pdf
[grobid]   OK   PMC2745029.pdf
[grobid]   OK   PMC2745437.pdf
[grobid]   OK   PMC2746905.pdf
[grobid]   OK   PMC2747483.pdf
[grobid]   OK   PMC2748021.pdf
[grobid]   OK   PMC2749509.pdf
[grobid]   OK   PMC2749980.pdf
[grobid]   OK   PMC2751998.pdf
[grobid]   OK   PMC2752033.pdf
[grobid]   OK   PMC2752072.pdf
[grobid]   OK   PMC2752530.pdf
[grobid]   OK   PMC2753134.pdf
[grobid]   OK   PMC275423.pdf
[grobid]   OK   PMC275447.pdf
[grobid]   OK   PMC2754768.pdf
[grobid]   OK   PMC2754935.pdf
[grobid]   OK   PMC2755692.pdf
[grobid]   OK   PMC2755862.pdf
[grobid]   OK   PMC2756532.pdf
[grobid]   OK   PMC2756874.pdf
[grobid]   OK   PMC27575.pdf
[grobid]   OK   PMC2757685.pdf
[grobid]   OK   PMC2757975.pdf
[grobid]   OK   PMC2760857.pdf
[grobid]   OK   PMC2760982.pdf
[grobid]   OK   PMC2761821.pdf
[grobid]   OK   PMC2763642.pdf
[grobid]   OK   PMC2763882.pdf
[grobid]   OK   PMC2765244.pdf
[grobid]   OK   PMC2765287.pdf
[grobid]   OK   PMC2766292.pdf
[grobid]   OK   PMC276663.pdf
[grobid]   OK   PMC2766704.pdf
[grobid]   OK   PMC2766708.pdf
[grobid]   OK   PMC2767201.pdf
[grobid]   OK   PMC2769217.pdf
[grobid]   OK   PMC2771772.pdf
[grobid]   OK   PMC2772318.pdf
[grobid]   OK   PMC2772322.pdf
[grobid]   OK   PMC2772395.pdf
[grobid]   OK   PMC2772561.pdf
[grobid]   OK   PMC2772617.pdf
[grobid]   OK   PMC2772775.pdf
[grobid]   OK   PMC2772865.pdf
[grobid]   OK   PMC277416.pdf
[grobid]   OK   PMC2774980.pdf
[grobid]   OK   PMC2776635.pdf
[grobid]   OK   PMC2777029.pdf
[grobid]   OK   PMC2777924.pdf
[grobid]   OK   PMC2778475.pdf
[grobid]   OK   PMC2778476.pdf
[grobid]   OK   PMC2779526.pdf
[grobid]   OK   PMC2779565.pdf
[grobid]   OK   PMC2781466.pdf
[grobid]   OK   PMC2781578.pdf
[grobid]   OK   PMC2781591.pdf
[grobid]   OK   PMC2781592.pdf
[grobid]   OK   PMC2781654.pdf
[grobid]   OK   PMC2781666.pdf
[grobid]   OK   PMC2782032.pdf
[grobid]   OK   PMC2784729.pdf
[grobid]   OK   PMC2785285.pdf
[grobid]   OK   PMC2785362.pdf
[grobid]   OK   PMC2785533.pdf
[grobid]   OK   PMC2785578.pdf
[grobid]   OK   PMC2785608.pdf
[grobid]   OK   PMC2785638.pdf
[grobid]   OK   PMC2786271.pdf
[grobid]   OK   PMC2786433.pdf
[grobid]   OK   PMC2786492.pdf
[grobid]   OK   PMC2786688.pdf
[grobid]   OK   PMC2787233.pdf
[grobid]   OK   PMC2788833.pdf
[grobid]   OK   PMC2788871.pdf
[grobid]   OK   PMC2790959.pdf
[grobid]   OK   PMC27910.pdf
[grobid]   OK   PMC2792155.pdf
[grobid]   OK   PMC2794721.pdf
[grobid]   OK   PMC2794774.pdf
[grobid]   OK   PMC2795552.pdf
[grobid]   OK   PMC279571.pdf
[grobid]   OK   PMC2797213.pdf
[grobid]   OK   PMC279783.pdf
[grobid]   OK   PMC2797899.pdf
[grobid]   OK   PMC2798495.pdf
[grobid]   OK   PMC2799198.pdf
[grobid]   OK   PMC2799273.pdf
[grobid]   OK   PMC2799815.pdf
[grobid]   OK   PMC2801274.pdf
[grobid]   OK   PMC280200.pdf
[grobid]   OK   PMC2802310.pdf
[grobid]   OK   PMC280243.pdf
[grobid]   OK   PMC280319.pdf
[grobid]   OK   PMC2804218.pdf
[grobid]   OK   PMC2805823.pdf
[grobid]   OK   PMC2806429.pdf
[grobid]   OK   PMC2806779.pdf
[grobid]   OK   PMC2807631.pdf
[grobid]   OK   PMC2808091.pdf
[grobid]   OK   PMC2808260.pdf
[grobid]   OK   PMC2812133.pdf
[grobid]   OK   PMC2812398.pdf
[grobid]   OK   PMC2812455.pdf
[grobid]   OK   PMC2813150.pdf
[grobid]   OK   PMC2816511.pdf
[grobid]   OK   PMC2816528.pdf
[grobid]   OK   PMC2818893.pdf
[grobid]   OK   PMC2819972.pdf
[grobid]   OK   PMC2820196.pdf
[grobid]   OK   PMC2820767.pdf
[grobid]   OK   PMC2821041.pdf
[grobid]   OK   PMC282111.pdf
[grobid]   OK   PMC282162.pdf
[grobid]   OK   PMC282177.pdf
[grobid]   OK   PMC2823525.pdf
[grobid]   OK   PMC2823536.pdf
[grobid]   OK   PMC2823794.pdf
[grobid]   OK   PMC2824369.pdf
[grobid]   OK   PMC2826064.pdf
[grobid]   OK   PMC2827951.pdf
[grobid]   OK   PMC2829286.pdf
[grobid]   OK   PMC283015.pdf
[grobid]   OK   PMC2831415.pdf
[grobid]   OK   PMC283176.pdf
[grobid]   OK   PMC2832503.pdf
[grobid]   OK   PMC2832984.pdf
[grobid]   OK   PMC2833026.pdf
[grobid]   OK   PMC2833053.pdf
[grobid]   OK   PMC2836155.pdf
[grobid]   OK   PMC2837881.pdf
[grobid]   OK   PMC2838024.pdf
[grobid]   OK   PMC2838035.pdf
[grobid]   OK   PMC28387.pdf
[grobid]   OK   PMC2840336.pdf
[grobid]   OK   PMC2841785.pdf
[grobid]   OK   PMC2842042.pdf
[grobid]   OK   PMC2842657.pdf
[grobid]   OK   PMC2843195.pdf
[grobid]   OK   PMC2843841.pdf
[grobid]   OK   PMC2843878.pdf
[grobid]   OK   PMC284392.pdf
[grobid]   OK   PMC2844180.pdf
[grobid]   OK   PMC2844881.pdf
[grobid]   OK   PMC2845007.pdf
[grobid]   OK   PMC2845942.pdf
[grobid]   OK   PMC284643.pdf
[grobid]   OK   PMC284674.pdf
[grobid]   OK   PMC284734.pdf
[grobid]   OK   PMC2849965.pdf
[grobid]   OK   PMC2850432.pdf
[grobid]   OK   PMC2853923.pdf
[grobid]   OK   PMC2854988.pdf
[grobid]   OK   PMC2855097.pdf
[grobid]   OK   PMC2856887.pdf
[grobid]   OK   PMC2856991.pdf
[grobid]   OK   PMC2856994.pdf
[grobid]   OK   PMC2857037.pdf
[grobid]   OK   PMC2857048.pdf
[grobid]   OK   PMC2858224.pdf
[grobid]   OK   PMC2859087.pdf
[grobid]   OK   PMC2860907.pdf
[grobid]   OK   PMC2861258.pdf
[grobid]   OK   PMC2862425.pdf
[grobid]   OK   PMC2863210.pdf
[grobid]   OK   PMC2863588.pdf
[grobid]   OK   PMC286430.pdf
[grobid]   OK   PMC2864413.pdf
[grobid]   OK   PMC2865262.pdf
[grobid]   OK   PMC2865269.pdf
[grobid]   OK   PMC286572.pdf
[grobid]   OK   PMC286665.pdf
[grobid]   OK   PMC2866950.pdf
[grobid]   OK   PMC2867614.pdf
[grobid]   OK   PMC286784.pdf
[grobid]   OK   PMC2868271.pdf
[grobid]   OK   PMC2868338.pdf
[grobid]   OK   PMC2871385.pdf
[grobid]   OK   PMC2871506.pdf
[grobid]   OK   PMC2871873.pdf
[grobid]   OK   PMC287405.pdf
[grobid]   OK   PMC2874140.pdf
[grobid]   OK   PMC2876419.pdf
[grobid]   OK   PMC2876960.pdf
[grobid]   OK   PMC2878061.pdf
[grobid]   OK   PMC2878495.pdf
[grobid]   OK   PMC2878543.pdf
[grobid]   OK   PMC2881736.pdf
[grobid]   OK   PMC2881771.pdf
[grobid]   OK   PMC2881797.pdf
[grobid]   OK   PMC2884089.pdf
[grobid]   OK   PMC288450.pdf
[grobid]   OK   PMC2885240.pdf
[grobid]   OK   PMC2887087.pdf
[grobid]   OK   PMC2889218.pdf
[grobid]   OK   PMC2890083.pdf
[grobid]   OK   PMC2890488.pdf
[grobid]   OK   PMC2890828.pdf
[grobid]   OK   PMC2894910.pdf
[grobid]   OK   PMC2894940.pdf
[grobid]   OK   PMC2897349.pdf
[grobid]   OK   PMC2897597.pdf
[grobid]   OK   PMC2897878.pdf
[grobid]   OK   PMC2898308.pdf
[grobid]   OK   PMC2898414.pdf
[grobid]   OK   PMC2900671.pdf
[grobid]   OK   PMC2900682.pdf
[grobid]   OK   PMC2901451.pdf
[grobid]   OK   PMC2901460.pdf
[grobid]   OK   PMC2901709.pdf
[grobid]   OK   PMC2902387.pdf
[grobid]   OK   PMC2903265.pdf
[grobid]   OK   PMC2903803.pdf
[grobid]   OK   PMC2904001.pdf
[grobid]   OK   PMC2905382.pdf
[grobid]   OK   PMC2906299.pdf
[grobid]   OK   PMC2906567.pdf
[grobid]   OK   PMC2906835.pdf
[grobid]   OK   PMC2906840.pdf
[grobid]   OK   PMC2907220.pdf
[grobid]   OK   PMC2908467.pdf
[grobid]   OK   PMC2909311.pdf
[grobid]   OK   PMC2910253.pdf
[grobid]   OK   PMC2910713.pdf
[grobid]   OK   PMC2911209.pdf
[grobid]   OK   PMC2914580.pdf
[grobid]   OK   PMC2915675.pdf
[grobid]   OK   PMC2917062.pdf
[grobid]   OK   PMC2917713.pdf
[grobid]   OK   PMC2917860.pdf
[grobid]   OK   PMC291829.pdf
[grobid]   OK   PMC2919034.pdf
[grobid]   OK   PMC2919093.pdf
[grobid]   OK   PMC291911.pdf
[grobid]   OK   PMC2923291.pdf
[grobid]   OK   PMC2924002.pdf
[grobid]   OK   PMC2924085.pdf
[grobid]   OK   PMC2924093.pdf
[grobid]   OK   PMC292620.pdf
[grobid]   OK   PMC29271.pdf
[grobid]   OK   PMC2928503.pdf
[grobid]   OK   PMC2928507.pdf
[grobid]   OK   PMC2930454.pdf
[grobid]   OK   PMC2930740.pdf
[grobid]   OK   PMC2930774.pdf
[grobid]   OK   PMC2933572.pdf
[grobid]   OK   PMC2934675.pdf
[grobid]   OK   PMC2934689.pdf
[grobid]   OK   PMC2934692.pdf
[grobid]   OK   PMC2934698.pdf
[grobid]   OK   PMC2934699.pdf
[grobid]   OK   PMC2935348.pdf
[grobid]   OK   PMC293539.pdf
[grobid]   OK   PMC2935632.pdf
[grobid]   OK   PMC2935999.pdf
[grobid]   OK   PMC2936026.pdf
[grobid]   OK   PMC293638.pdf
[grobid]   OK   PMC2936498.pdf
[grobid]   OK   PMC2936840.pdf
[grobid]   OK   PMC2936955.pdf
[grobid]   OK   PMC2937365.pdf
[grobid]   OK   PMC2937524.pdf
[grobid]   OK   PMC2937596.pdf
[grobid]   OK   PMC2937600.pdf
[grobid]   OK   PMC2937707.pdf
[grobid]   OK   PMC2937816.pdf
[grobid]   OK   PMC2939673.pdf
[grobid]   OK   PMC294050.pdf
[grobid]   OK   PMC2941282.pdf
[grobid]   OK   PMC2941323.pdf
[grobid]   OK   PMC294231.pdf
[grobid]   OK   PMC2943296.pdf
[grobid]   OK   PMC2945544.pdf
[grobid]   OK   PMC2945573.pdf
[grobid]   OK   PMC2947771.pdf
[grobid]   OK   PMC2948486.pdf
[grobid]   OK   PMC2949186.pdf
[grobid]   OK   PMC2950436.pdf
[grobid]   OK   PMC2953058.pdf
[grobid]   OK   PMC2953464.pdf
[grobid]   OK   PMC2953951.pdf
[grobid]   OK   PMC2954960.pdf
[grobid]   OK   PMC2955093.pdf
[grobid]   OK   PMC2955101.pdf
[grobid]   OK   PMC295512.pdf
[grobid]   OK   PMC295513.pdf
[grobid]   OK   PMC295585.pdf
[grobid]   OK   PMC2956810.pdf
[grobid]   OK   PMC2957058.pdf
[grobid]   OK   PMC2957164.pdf
[grobid]   OK   PMC295799.pdf
[grobid]   OK   PMC2958050.pdf
[grobid]   OK   PMC2958650.pdf
[grobid]   OK   PMC295925.pdf
[grobid]   OK   PMC295999.pdf
[grobid]   OK   PMC2962517.pdf
[grobid]   OK   PMC2963101.pdf
[grobid]   OK   PMC2963433.pdf
[grobid]   OK   PMC2964992.pdf
[grobid]   OK   PMC2964996.pdf
[grobid]   OK   PMC2965402.pdf
[grobid]   OK   PMC2965436.pdf
[grobid]   OK   PMC296549.pdf
[grobid]   OK   PMC2965520.pdf
[grobid]   OK   PMC2966043.pdf
[grobid]   OK   PMC2966113.pdf
[grobid]   OK   PMC2966482.pdf
[grobid]   OK   PMC2966552.pdf
[grobid]   OK   PMC2966810.pdf
[grobid]   OK   PMC29682.pdf
[grobid]   OK   PMC296962.pdf
[grobid]   OK   PMC297061.pdf
[grobid]   OK   PMC2970747.pdf
[grobid]   OK   PMC2971563.pdf
[grobid]   OK   PMC2972396.pdf
[grobid]   OK   PMC2972730.pdf
[grobid]   OK   PMC2972922.pdf
[grobid]   OK   PMC29743.pdf
[grobid]   OK   PMC297615.pdf
[grobid]   OK   PMC297667.pdf
[grobid]   OK   PMC2977874.pdf
[grobid]   OK   PMC2978311.pdf
[grobid]   OK   PMC2978972.pdf
[grobid]   OK   PMC2980846.pdf
[grobid]   OK   PMC298190.pdf
[grobid]   OK   PMC2981963.pdf
[grobid]   OK   PMC2984166.pdf
[grobid]   OK   PMC298493.pdf
[grobid]   OK   PMC2986650.pdf
[grobid]   OK   PMC2987384.pdf
[grobid]   OK   PMC2988388.pdf
[grobid]   OK   PMC298874.pdf
[grobid]   OK   PMC2989881.pdf
[grobid]   OK   PMC2989999.pdf
[grobid]   OK   PMC2992254.pdf
[grobid]   OK   PMC299256.pdf
[grobid]   OK   PMC2992718.pdf
[grobid]   OK   PMC2993089.pdf
[grobid]   OK   PMC2993277.pdf
[grobid]   OK   PMC2993338.pdf
[grobid]   OK   PMC299343.pdf
[grobid]   OK   PMC2995430.pdf
[grobid]   OK   PMC2995551.pdf
[grobid]   OK   PMC2996595.pdf
[grobid]   OK   PMC299674.pdf
[grobid]   OK   PMC2997360.pdf
[grobid]   OK   PMC2997996.pdf
[grobid]   OK   PMC299914.pdf
[grobid]   OK   PMC2999801.pdf
[grobid]   OK   PMC3000675.pdf
[grobid]   OK   PMC3000740.pdf
[grobid]   OK   PMC3000957.pdf
[grobid]   OK   PMC3000961.pdf
[grobid]   OK   PMC3001980.pdf
[grobid]   OK   PMC3002569.pdf
[grobid]   OK   PMC3005902.pdf
[grobid]   OK   PMC3006622.pdf
[grobid]   OK   PMC3007130.pdf
[grobid]   OK   PMC3007152.pdf
[grobid]   OK   PMC3008554.pdf
[grobid]   OK   PMC3010147.pdf
[grobid]   OK   PMC3012919.pdf
[grobid]   OK   PMC30130.pdf
[grobid]   OK   PMC3013050.pdf
[grobid]   OK   PMC3013442.pdf
[grobid]   OK   PMC301408.pdf
[grobid]   OK   PMC3014371.pdf
[grobid]   OK   PMC301643.pdf
[grobid]   OK   PMC301891.pdf
[grobid]   OK   PMC301923.pdf
[grobid]   OK   PMC3019658.pdf
[grobid]   OK   PMC301976.pdf
[grobid]   OK   PMC3019999.pdf
[grobid]   OK   PMC3020125.pdf
[grobid]   OK   PMC302029.pdf
[grobid]   OK   PMC3020646.pdf
[grobid]   OK   PMC3020749.pdf
[grobid]   OK   PMC3020775.pdf
[grobid]   OK   PMC3020988.pdf
[grobid]   OK   PMC302159.pdf
[grobid]   OK   PMC302189.pdf
[grobid]   OK   PMC3023411.pdf
[grobid]   OK   PMC3023929.pdf
[grobid]   OK   PMC3024017.pdf
[grobid]   OK   PMC3024079.pdf
[grobid]   OK   PMC3025181.pdf
[grobid]   OK   PMC3025718.pdf
[grobid]   OK   PMC3025768.pdf
[grobid]   OK   PMC3027014.pdf
[grobid]   OK   PMC3028303.pdf
[grobid]   OK   PMC3030152.pdf
[grobid]   OK   PMC3030170.pdf
[grobid]   OK   PMC3030810.pdf
[grobid]   OK   PMC3031861.pdf
[grobid]   OK   PMC3032478.pdf
[grobid]   OK   PMC3033681.pdf
[grobid]   OK   PMC3033717.pdf
[grobid]   OK   PMC3034121.pdf
[grobid]   OK   PMC303528.pdf
[grobid]   OK   PMC3035514.pdf
[grobid]   OK   PMC3035681.pdf
[grobid]   OK   PMC303583.pdf
[grobid]   OK   PMC3037632.pdf
[grobid]   OK   PMC3037811.pdf
[grobid]   OK   PMC303877.pdf
[grobid]   OK   PMC30390.pdf
[grobid]   OK   PMC3039362.pdf
[grobid]   OK   PMC3039498.pdf
[grobid]   OK   PMC303965.pdf
[grobid]   OK   PMC3039768.pdf
[grobid]   OK   PMC304008.pdf
[grobid]   OK   PMC3041164.pdf
[grobid]   OK   PMC304216.pdf
[grobid]   OK   PMC3043657.pdf
[grobid]   OK   PMC3044202.pdf
[grobid]   OK   PMC3044380.pdf
[grobid]   OK   PMC304442.pdf
[grobid]   OK   PMC3045836.pdf
[grobid]   OK   PMC304628.pdf
[grobid]   OK   PMC3046768.pdf
[grobid]   OK   PMC3047109.pdf
[grobid]   OK   PMC3047570.pdf
[grobid]   OK   PMC3047615.pdf
[grobid]   OK   PMC3047616.pdf
[grobid]   OK   PMC3047618.pdf
[grobid]   OK   PMC3047745.pdf
[grobid]   OK   PMC3047816.pdf
[grobid]   OK   PMC3048093.pdf
[grobid]   OK   PMC3048117.pdf
[grobid]   OK   PMC30487.pdf
[grobid]   OK   PMC3049287.pdf
[grobid]   OK   PMC3049386.pdf
[grobid]   OK   PMC3049809.pdf
[grobid]   OK   PMC305022.pdf
[grobid]   OK   PMC305025.pdf
[grobid]   OK   PMC3051850.pdf
[grobid]   OK   PMC3056148.pdf
[grobid]   OK   PMC3057663.pdf
[grobid]   OK   PMC3057791.pdf
[grobid]   OK   PMC305809.pdf
[grobid]   OK   PMC305865.pdf
[grobid]   OK   PMC3058968.pdf
[grobid]   OK   PMC3059047.pdf
[grobid]   OK   PMC3059058.pdf
[grobid]   OK   PMC3059922.pdf
[grobid]   OK   PMC3060373.pdf
[grobid]   OK   PMC3060412.pdf
[grobid]   OK   PMC3060527.pdf
[grobid]   OK   PMC3061495.pdf
[grobid]   OK   PMC3062186.pdf
[grobid]   OK   PMC3062394.pdf
[grobid]   OK   PMC30634.pdf
[grobid]   OK   PMC3063991.pdf
[grobid]   OK   PMC3064192.pdf
[grobid]   OK   PMC3064337.pdf
[grobid]   OK   PMC3064839.pdf
[grobid]   OK   PMC3065730.pdf
[grobid]   OK   PMC3067405.pdf
[grobid]   OK   PMC3067407.pdf
[grobid]   OK   PMC3067410.pdf
[grobid]   OK   PMC3067791.pdf
[grobid]   OK   PMC3068193.pdf
[grobid]   OK   PMC3069780.pdf
[grobid]   OK   PMC3070934.pdf
[grobid]   OK   PMC3071907.pdf
[grobid]   OK   PMC3071910.pdf
[grobid]   OK   PMC3071914.pdf
[grobid]   OK   PMC3072732.pdf
[grobid]   OK   PMC307353.pdf
[grobid]   OK   PMC3076767.pdf
[grobid]   OK   PMC3076817.pdf
[grobid]   OK   PMC3077591.pdf
[grobid]   OK   PMC3077619.pdf
[grobid]   OK   PMC3078493.pdf
[grobid]   OK   PMC3081016.pdf
[grobid]   OK   PMC3081440.pdf
[grobid]   OK   PMC3083616.pdf
[grobid]   OK   PMC3084393.pdf
[grobid]   OK   PMC3085737.pdf
[grobid]   OK   PMC3087090.pdf
[grobid]   OK   PMC308782.pdf
[grobid]   OK   PMC3088254.pdf
[grobid]   OK   PMC308871.pdf
[grobid]   OK   PMC3088978.pdf
[grobid]   OK   PMC3089799.pdf
[grobid]   OK   PMC3090233.pdf
[grobid]   OK   PMC3091095.pdf
[grobid]   OK   PMC3091189.pdf
[grobid]   OK   PMC3091243.pdf
[grobid]   OK   PMC309129.pdf
[grobid]   OK   PMC3092255.pdf
[grobid]   OK   PMC309332.pdf
[grobid]   OK   PMC3093886.pdf
[grobid]   OK   PMC309584.pdf
[grobid]   OK   PMC3095929.pdf
[grobid]   OK   PMC3096496.pdf
[grobid]   OK   PMC3097938.pdf
[grobid]   OK   PMC3098031.pdf
[grobid]   OK   PMC3098580.pdf
[grobid]   OK   PMC310033.pdf
[grobid]   OK   PMC310046.pdf
[grobid]   OK   PMC310070.pdf
[grobid]   OK   PMC3101619.pdf
[grobid]   OK   PMC310185.pdf
[grobid]   OK   PMC3102401.pdf
[grobid]   OK   PMC3104569.pdf
[grobid]   OK   PMC3107025.pdf
[grobid]   OK   PMC3108827.pdf
[grobid]   OK   PMC3109040.pdf
[grobid]   OK   PMC3109459.pdf
[grobid]   OK   PMC3109639.pdf
[grobid]   OK   PMC3110039.pdf
[grobid]   OK   PMC3110098.pdf
[grobid]   OK   PMC311011.pdf
[grobid]   OK   PMC311073.pdf
[grobid]   OK   PMC311116.pdf
[grobid]   OK   PMC3111326.pdf
[grobid]   OK   PMC3113344.pdf
[grobid]   OK   PMC3115590.pdf
[grobid]   OK   PMC3116618.pdf
[grobid]   OK   PMC3117136.pdf
[grobid]   OK   PMC3117655.pdf
[grobid]   OK   PMC312090.pdf
[grobid]   OK   PMC3121467.pdf
[grobid]   OK   PMC3121469.pdf
[grobid]   OK   PMC3121529.pdf
[grobid]   OK   PMC3121847.pdf
[grobid]   OK   PMC3121977.pdf
[grobid]   OK   PMC3122232.pdf
[grobid]   OK   PMC3122247.pdf
[grobid]   OK   PMC3123095.pdf
[grobid]   OK   PMC3124067.pdf
[grobid]   OK   PMC3125551.pdf
[grobid]   OK   PMC3126314.pdf
[grobid]   OK   PMC3127430.pdf
[grobid]   OK   PMC3127548.pdf
[grobid]   OK   PMC3127672.pdf
[grobid]   OK   PMC312863.pdf
[grobid]   OK   PMC3129172.pdf
[grobid]   OK   PMC3131042.pdf
[grobid]   OK   PMC3131902.pdf
[grobid]   OK   PMC3133352.pdf
[grobid]   OK   PMC313527.pdf
[grobid]   OK   PMC3135289.pdf
[grobid]   OK   PMC3135809.pdf
[grobid]   OK   PMC3136948.pdf
[grobid]   OK   PMC313696.pdf
[grobid]   OK   PMC3138298.pdf
[grobid]   OK   PMC313834.pdf
[grobid]   OK   PMC3139936.pdf
[grobid]   OK   PMC3141935.pdf
[grobid]   OK   PMC3142456.pdf
[grobid]   OK   PMC3142605.pdf
[grobid]   OK   PMC3145710.pdf
[grobid]   OK   PMC3146743.pdf
[grobid]   OK   PMC3147283.pdf
[grobid]   OK   PMC3147603.pdf
[grobid]   OK   PMC3148702.pdf
[grobid]   OK   PMC3148737.pdf
[grobid]   OK   PMC3148911.pdf
[grobid]   OK   PMC3149179.pdf
[grobid]   OK   PMC3151428.pdf
[grobid]   OK   PMC3154420.pdf
[grobid]   OK   PMC315672.pdf
[grobid]   OK   PMC3158009.pdf
[grobid]   OK   PMC3158019.pdf
[grobid]   OK   PMC3158163.pdf
[grobid]   OK   PMC3159084.pdf
[grobid]   OK   PMC3160254.pdf
[grobid]   OK   PMC3163237.pdf
[grobid]   OK   PMC3164363.pdf
[grobid]   OK   PMC3165121.pdf
[grobid]   OK   PMC3165779.pdf
[grobid]   OK   PMC3165936.pdf
[grobid]   OK   PMC3166200.pdf
[grobid]   OK   PMC3169127.pdf
[grobid]   OK   PMC3169687.pdf
[grobid]   OK   PMC3170853.pdf
[grobid]   OK   PMC3171862.pdf
[grobid]   OK   PMC3173085.pdf
[grobid]   OK   PMC3173122.pdf
[grobid]   OK   PMC3173137.pdf
[grobid]   OK   PMC3173144.pdf
[grobid]   OK   PMC3173179.pdf
[grobid]   OK   PMC3173181.pdf
[grobid]   OK   PMC3174335.pdf
[grobid]   OK   PMC3174580.pdf
[grobid]   OK   PMC3174652.pdf
[grobid]   OK   PMC3175971.pdf
[grobid]   OK   PMC3177020.pdf
[grobid]   OK   PMC3179038.pdf
[grobid]   OK   PMC3179067.pdf
[grobid]   OK   PMC3179382.pdf
[grobid]   OK   PMC317969.pdf
[grobid]   OK   PMC3180189.pdf
[grobid]   OK   PMC3180190.pdf
[grobid]   OK   PMC3181340.pdf
[grobid]   OK   PMC318262.pdf
[grobid]   OK   PMC3182683.pdf
[grobid]   OK   PMC318375.pdf
[grobid]   OK   PMC3183843.pdf
[grobid]   OK   PMC3186194.pdf
[grobid]   OK   PMC3186302.pdf
[grobid]   OK   PMC3186354.pdf
[grobid]   OK   PMC3186377.pdf
[grobid]   OK   PMC3186397.pdf
[grobid]   OK   PMC3186714.pdf
[grobid]   OK   PMC3186722.pdf
[grobid]   OK   PMC3186728.pdf
[grobid]   OK   PMC3187898.pdf
[grobid]   OK   PMC3188620.pdf
[grobid]   OK   PMC318915.pdf
[grobid]   OK   PMC3189519.pdf
[grobid]   OK   PMC3190681.pdf
[grobid]   OK   PMC3190761.pdf
[grobid]   OK   PMC3190830.pdf
[grobid]   OK   PMC3190900.pdf
[grobid]   OK   PMC3191034.pdf
[grobid]   OK   PMC3191039.pdf
[grobid]   OK   PMC3191116.pdf
[grobid]   OK   PMC3193527.pdf
[grobid]   OK   PMC319355.pdf
[grobid]   OK   PMC319360.pdf
[grobid]   OK   PMC3193926.pdf
[grobid]   OK   PMC319487.pdf
[grobid]   OK   PMC319513.pdf
[grobid]   OK   PMC3196079.pdf
[grobid]   OK   PMC3196442.pdf
[grobid]   OK   PMC319658.pdf
[grobid]   OK   PMC3197395.pdf
[grobid]   OK   PMC3198019.pdf
[grobid]   OK   PMC3198592.pdf
[grobid]   OK   PMC3199161.pdf
[grobid]   OK   PMC3199482.pdf
[grobid]   OK   PMC3201175.pdf
[grobid]   OK   PMC3201187.pdf
[grobid]   OK   PMC3201634.pdf
[grobid]   OK   PMC3202125.pdf
[grobid]   OK   PMC3204148.pdf
[grobid]   OK   PMC3204355.pdf
[grobid]   OK   PMC3204372.pdf
[grobid]   OK   PMC3205871.pdf
[grobid]   OK   PMC3206591.pdf
[grobid]   OK   PMC320729.pdf
[grobid]   OK   PMC3207660.pdf
[grobid]   OK   PMC3207677.pdf
[grobid]   OK   PMC3207702.pdf
[grobid]   OK   PMC3208113.pdf
[grobid]   OK   PMC3208177.pdf
[grobid]   OK   PMC3208612.pdf
[grobid]   OK   PMC3209048.pdf
[grobid]   OK   PMC3209050.pdf
[grobid]   OK   PMC3209112.pdf
[grobid]   OK   PMC3210309.pdf
[grobid]   OK   PMC321128.pdf
[grobid]   OK   PMC3211972.pdf
[grobid]   OK   PMC3213398.pdf
[grobid]   OK   PMC3214842.pdf
[grobid]   OK   PMC3214941.pdf
[grobid]   OK   PMC3215063.pdf
[grobid]   OK   PMC321521.pdf
[grobid]   OK   PMC321620.pdf
[grobid]   OK   PMC3217247.pdf
[grobid]   OK   PMC3217631.pdf
[grobid]   OK   PMC3218152.pdf
[grobid]   OK   PMC3218591.pdf
[grobid]   OK   PMC3218672.pdf
[grobid]   OK   PMC3219109.pdf
[grobid]   OK   PMC3219229.pdf
[grobid]   OK   PMC321927.pdf
[grobid]   OK   PMC3220388.pdf
[grobid]   OK   PMC3220404.pdf
[grobid]   OK   PMC3220453.pdf
[grobid]   OK   PMC3220507.pdf
[grobid]   OK   PMC3220568.pdf
[grobid]   OK   PMC3220609.pdf
[grobid]   OK   PMC322112.pdf
[grobid]   OK   PMC3221255.pdf
[grobid]   OK   PMC3221265.pdf
[grobid]   OK   PMC3222122.pdf
[grobid]   OK   PMC322450.pdf
[grobid]   OK   PMC3224768.pdf
[grobid]   OK   PMC3225227.pdf
[grobid]   OK   PMC3226362.pdf
[grobid]   OK   PMC3226399.pdf
[grobid]   OK   PMC32269.pdf
[grobid]   OK   PMC3227851.pdf
[grobid]   OK   PMC3227853.pdf
[grobid]   OK   PMC3230294.pdf
[grobid]   OK   PMC323043.pdf
[grobid]   OK   PMC3230472.pdf
[grobid]   OK   PMC323123.pdf
[grobid]   OK   PMC323147.pdf
[grobid]   OK   PMC323227.pdf
[grobid]   OK   PMC3233034.pdf
[grobid]   OK   PMC323418.pdf
[grobid]   OK   PMC3234662.pdf
[grobid]   OK   PMC3234714.pdf
[grobid]   OK   PMC3234739.pdf
[grobid]   OK   PMC3234786.pdf
[grobid]   OK   PMC3234873.pdf
[grobid]   OK   PMC3235631.pdf
[grobid]   OK   PMC3237069.pdf
[grobid]   OK   PMC3238138.pdf
[grobid]   OK   PMC3242627.pdf
[grobid]   OK   PMC3242796.pdf
[grobid]   OK   PMC324296.pdf
[grobid]   OK   PMC3242981.pdf
[grobid]   OK   PMC3243009.pdf
[grobid]   OK   PMC3243591.pdf
[grobid]   OK   PMC3243621.pdf
[grobid]   OK   PMC324540.pdf
[grobid]   OK   PMC3247976.pdf
[grobid]   OK   PMC3248680.pdf
[grobid]   OK   PMC3249412.pdf
[grobid]   OK   PMC3250197.pdf
[grobid]   OK   PMC3252494.pdf
[grobid]   OK   PMC3252972.pdf
[grobid]   OK   PMC3253670.pdf
[grobid]   OK   PMC3255718.pdf
[grobid]   OK   PMC3255912.pdf
[grobid]   OK   PMC3258508.pdf
[grobid]   OK   PMC3258852.pdf
[grobid]   OK   PMC3258864.pdf
[grobid]   OK   PMC3258903.pdf
[grobid]   OK   PMC3259655.pdf
[grobid]   OK   PMC3259822.pdf
[grobid]   OK   PMC3259849.pdf
[grobid]   OK   PMC3259879.pdf
[grobid]   OK   PMC3260354.pdf
[grobid]   OK   PMC3261448.pdf
[grobid]   OK   PMC3263781.pdf
[grobid]   OK   PMC3263939.pdf
[grobid]   OK   PMC3265863.pdf
[grobid]   OK   PMC3266687.pdf
[grobid]   OK   PMC3266784.pdf
[grobid]   OK   PMC326693.pdf
[grobid]   OK   PMC3267116.pdf
[grobid]   OK   PMC3267120.pdf
[grobid]   OK   PMC3267125.pdf
[grobid]   OK   PMC326718.pdf
[grobid]   OK   PMC3267980.pdf
[grobid]   OK   PMC3268439.pdf
[grobid]   OK   PMC326869.pdf
[grobid]   OK   PMC3272287.pdf
[grobid]   OK   PMC3272288.pdf
[grobid]   OK   PMC3272292.pdf
[grobid]   OK   PMC3272585.pdf
[grobid]   OK   PMC3272768.pdf
[grobid]   OK   PMC327318.pdf
[grobid]   OK   PMC327352.pdf
[grobid]   OK   PMC327379.pdf
[grobid]   OK   PMC327436.pdf
[grobid]   OK   PMC327529.pdf
[grobid]   OK   PMC327560.pdf
[grobid]   OK   PMC3275810.pdf
[grobid]   OK   PMC327592.pdf
[grobid]   OK   PMC3276663.pdf
[grobid]   OK   PMC3277306.pdf
[grobid]   OK   PMC3278893.pdf
[grobid]   OK   PMC3280604.pdf
[grobid]   OK   PMC3280915.pdf
[grobid]   OK   PMC3280951.pdf
[grobid]   OK   PMC3281221.pdf
[grobid]   OK   PMC3281226.pdf
[grobid]   OK   PMC3281230.pdf
[grobid]   OK   PMC3281727.pdf
[grobid]   OK   PMC3283444.pdf
[grobid]   OK   PMC3284115.pdf
[grobid]   OK   PMC3287224.pdf
[grobid]   OK   PMC3287228.pdf
[grobid]   OK   PMC329096.pdf
[grobid]   OK   PMC329198.pdf
[grobid]   OK   PMC329211.pdf
[grobid]   OK   PMC3292753.pdf
[grobid]   OK   PMC3293377.pdf
[grobid]   OK   PMC3293568.pdf
[grobid]   OK   PMC3294311.pdf
[grobid]   OK   PMC3294915.pdf
[grobid]   OK   PMC3295046.pdf
[grobid]   OK   PMC329573.pdf
[grobid]   OK   PMC329592.pdf
[grobid]   OK   PMC329615.pdf
[grobid]   OK   PMC3297794.pdf
[grobid]   OK   PMC3297988.pdf
[grobid]   OK   PMC329848.pdf
[grobid]   OK   PMC3298849.pdf
[grobid]   OK   PMC3298863.pdf
[grobid]   OK   PMC330329.pdf
[grobid]   OK   PMC3304530.pdf
[grobid]   OK   PMC3307973.pdf
[grobid]   OK   PMC3308748.pdf
[grobid]   OK   PMC3308766.pdf
[grobid]   OK   PMC3308798.pdf
[grobid]   OK   PMC3309186.pdf
[grobid]   OK   PMC3310918.pdf
[grobid]   OK   PMC3313448.pdf
[grobid]   OK   PMC3315045.pdf
[grobid]   OK   PMC3318305.pdf
[grobid]   OK   PMC3318746.pdf
[grobid]   OK   PMC3320136.pdf
[grobid]   OK   PMC3321628.pdf
[grobid]   OK   PMC3322232.pdf
[grobid]   OK   PMC3322466.pdf
[grobid]   OK   PMC3322467.pdf
[grobid]   OK   PMC3323793.pdf
[grobid]   OK   PMC3323963.pdf
[grobid]   OK   PMC3324770.pdf
[grobid]   OK   PMC332513.pdf
[grobid]   OK   PMC3325524.pdf
[grobid]   OK   PMC3326256.pdf
[grobid]   OK   PMC332752.pdf
[grobid]   OK   PMC3329137.pdf
[grobid]   OK   PMC3329378.pdf
[grobid]   OK   PMC3329383.pdf
[grobid]   OK   PMC33297.pdf
[grobid]   OK   PMC332986.pdf
[grobid]   OK   PMC3329948.pdf
[grobid]   OK   PMC3329951.pdf
[grobid]   OK   PMC3329953.pdf
[grobid]   OK   PMC3331615.pdf
[grobid]   OK   PMC3332288.pdf
[grobid]   OK   PMC333342.pdf
[grobid]   OK   PMC333462.pdf
[grobid]   OK   PMC3335917.pdf
[grobid]   OK   PMC3335944.pdf
[grobid]   OK   PMC3335991.pdf
[grobid]   OK   PMC333638.pdf
[grobid]   OK   PMC3337023.pdf
[grobid]   OK   PMC333729.pdf
[grobid]   OK   PMC3339927.pdf
[grobid]   OK   PMC3340051.pdf
[grobid]   OK   PMC3340208.pdf
[grobid]   OK   PMC3340279.pdf
[grobid]   OK   PMC3340288.pdf
[grobid]   OK   PMC3340713.pdf
[grobid]   OK   PMC3340787.pdf
[grobid]   OK   PMC3341011.pdf
[grobid]   OK   PMC3343469.pdf
[grobid]   OK   PMC33450.pdf
[grobid]   OK   PMC3346089.pdf
[grobid]   OK   PMC3350666.pdf
[grobid]   OK   PMC3351285.pdf
[grobid]   OK   PMC3356643.pdf
[grobid]   OK   PMC3356804.pdf
[grobid]   OK   PMC3356810.pdf
[grobid]   OK   PMC3357134.pdf
[grobid]   OK   PMC3358873.pdf
[grobid]   OK   PMC3362498.pdf
[grobid]   OK   PMC3362891.pdf
[grobid]   OK   PMC3363330.pdf
[grobid]   OK   PMC3363336.pdf
[grobid]   OK   PMC3363339.pdf
[grobid]   OK   PMC3363348.pdf
[grobid]   OK   PMC3365764.pdf
[grobid]   OK   PMC336833.pdf
[grobid]   OK   PMC3368816.pdf
[grobid]   OK   PMC3369789.pdf
[grobid]   OK   PMC3370278.pdf
[grobid]   OK   PMC3370514.pdf
[grobid]   OK   PMC3372610.pdf
[grobid]   OK   PMC3372822.pdf
[grobid]   OK   PMC3375510.pdf
[grobid]   OK   PMC3379532.pdf
[grobid]   OK   PMC3380192.pdf
[grobid]   OK   PMC3381030.pdf
[grobid]   OK   PMC3381884.pdf
[grobid]   OK   PMC3382340.pdf
[grobid]   OK   PMC3382833.pdf
[grobid]   OK   PMC3384197.pdf
[grobid]   OK   PMC3384583.pdf
[grobid]   OK   PMC3385938.pdf
[grobid]   OK   PMC3387072.pdf
[grobid]   OK   PMC338778.pdf
[grobid]   OK   PMC3389690.pdf
[grobid]   OK   PMC3390184.pdf
[grobid]   OK   PMC3390476.pdf
[grobid]   OK   PMC3390479.pdf
[grobid]   OK   PMC3391156.pdf
[grobid]   OK   PMC3392009.pdf
[grobid]   OK   PMC3392640.pdf
[grobid]   OK   PMC3394663.pdf
[grobid]   OK   PMC3394935.pdf
[grobid]   OK   PMC3397905.pdf
[grobid]   OK   PMC339948.pdf
[grobid]   OK   PMC3402771.pdf
[grobid]   OK   PMC3403864.pdf
[grobid]   OK   PMC340450.pdf
[grobid]   OK   PMC3405838.pdf
[grobid]   OK   PMC3405841.pdf
[grobid]   OK   PMC3406660.pdf
[grobid]   OK   PMC3406663.pdf
[grobid]   OK   PMC3406664.pdf
[grobid]   OK   PMC3406811.pdf
[grobid]   OK   PMC3406830.pdf
[grobid]   OK   PMC3408009.pdf
[grobid]   OK   PMC340920.pdf
[grobid]   OK   PMC341044.pdf
[grobid]   OK   PMC341102.pdf
[grobid]   OK   PMC3413253.pdf
[grobid]   OK   PMC3415660.pdf
[grobid]   OK   PMC3415902.pdf
[grobid]   OK   PMC3416046.pdf
[grobid]   OK   PMC3416069.pdf
[grobid]   OK   PMC3421225.pdf
[grobid]   OK   PMC3421640.pdf
[grobid]   OK   PMC3421961.pdf
[grobid]   OK   PMC3422470.pdf
[grobid]   OK   PMC3422478.pdf
[grobid]   OK   PMC3427745.pdf
[grobid]   OK   PMC3429555.pdf
[grobid]   OK   PMC3429558.pdf
[grobid]   OK   PMC3430774.pdf
[grobid]   OK   PMC3433896.pdf
[grobid]   OK   PMC3433908.pdf
[grobid]   OK   PMC3434507.pdf
[grobid]   OK   PMC3435195.pdf
[grobid]   OK   PMC3435197.pdf
[grobid]   OK   PMC3435222.pdf
[grobid]   OK   PMC3436194.pdf
[grobid]   OK   PMC3436217.pdf
[grobid]   OK   PMC3436283.pdf
[grobid]   OK   PMC3436308.pdf
[grobid]   OK   PMC3436311.pdf
[grobid]   OK   PMC3436514.pdf
[grobid]   OK   PMC343758.pdf
[grobid]   OK   PMC3437896.pdf
[grobid]   OK   PMC3438615.pdf
[grobid]   OK   PMC3438698.pdf
[grobid]   OK   PMC343981.pdf
[grobid]   OK   PMC3440201.pdf
[grobid]   OK   PMC3441123.pdf
[grobid]   OK   PMC3442536.pdf
[grobid]   OK   PMC3442893.pdf
[grobid]   OK   PMC3443132.pdf
[grobid]   OK   PMC3444729.pdf
[grobid]   OK   PMC344651.pdf
[grobid]   OK   PMC3447267.pdf
[grobid]   OK   PMC3448936.pdf
[grobid]   OK   PMC3448940.pdf
[grobid]   OK   PMC344897.pdf
[grobid]   OK   PMC3449267.pdf
[grobid]   OK   PMC3449794.pdf
[grobid]   OK   PMC345397.pdf
[grobid]   OK   PMC3453995.pdf
[grobid]   OK   PMC3454008.pdf
[grobid]   OK   PMC3455035.pdf
[grobid]   OK   PMC3455240.pdf
[grobid]   OK   PMC3455645.pdf
[grobid]   OK   PMC3455734.pdf
[grobid]   OK   PMC3455755.pdf
[grobid]   OK   PMC345590.pdf
[grobid]   OK   PMC3456092.pdf
[grobid]   OK   PMC3456337.pdf
[grobid]   OK   PMC3456410.pdf
[grobid]   OK   PMC3457586.pdf
[grobid]   OK   PMC3458362.pdf
[grobid]   OK   PMC3459047.pdf
[grobid]   OK   PMC3460336.pdf
[grobid]   OK   PMC3460428.pdf
[grobid]   OK   PMC3462992.pdf
[grobid]   OK   PMC3463304.pdf
[grobid]   OK   PMC346392.pdf
[grobid]   OK   PMC346461.pdf
[grobid]   OK   PMC3465694.pdf
[grobid]   OK   PMC3466058.pdf
[grobid]   OK   PMC3466527.pdf
[grobid]   OK   PMC3466726.pdf
[grobid]   OK   PMC3468229.pdf
[grobid]   OK   PMC346882.pdf
[grobid]   OK   PMC3469061.pdf
[grobid]   OK   PMC3471205.pdf
[grobid]   OK   PMC3471393.pdf
[grobid]   OK   PMC3471698.pdf
[grobid]   OK   PMC347305.pdf
[grobid]   OK   PMC347418.pdf
[grobid]   OK   PMC3474189.pdf
[grobid]   OK   PMC3476327.pdf
[grobid]   OK   PMC3476419.pdf
[grobid]   OK   PMC3478117.pdf
[grobid]   OK   PMC347913.pdf
[grobid]   OK   PMC3479547.pdf
[grobid]   OK   PMC3479559.pdf
[grobid]   OK   PMC3479596.pdf
[grobid]   OK   PMC3479925.pdf
[grobid]   OK   PMC348317.pdf
[grobid]   OK   PMC3484458.pdf
[grobid]   OK   PMC3484479.pdf
[grobid]   OK   PMC3484891.pdf
[grobid]   OK   PMC3485924.pdf
[grobid]   OK   PMC3486595.pdf
[grobid]   OK   PMC3487136.pdf
[grobid]   OK   PMC3488090.pdf
[grobid]   OK   PMC348856.pdf
[grobid]   OK   PMC348988.pdf
[grobid]   OK   PMC349030.pdf
[grobid]   OK   PMC349120.pdf
[grobid]   OK   PMC3491605.pdf
[grobid]   OK   PMC3491962.pdf
[grobid]   OK   PMC3492587.pdf
[grobid]   OK   PMC3492588.pdf
[grobid]   OK   PMC3493916.pdf
[grobid]   OK   PMC3494939.pdf
[grobid]   OK   PMC3495124.pdf
[grobid]   OK   PMC349573.pdf
[grobid]   OK   PMC349665.pdf
[grobid]   OK   PMC349666.pdf
[grobid]   OK   PMC349773.pdf
[grobid]   OK   PMC3497983.pdf
[grobid]   OK   PMC3499014.pdf
[grobid]   OK   PMC3499590.pdf
[grobid]   OK   PMC350359.pdf
[grobid]   OK   PMC350389.pdf
[grobid]   OK   PMC3504440.pdf
[grobid]   OK   PMC3504677.pdf
[grobid]   OK   PMC3504726.pdf
[grobid]   OK   PMC350517.pdf
[grobid]   OK   PMC3507491.pdf
[grobid]   OK   PMC3507492.pdf
[grobid]   OK   PMC3507495.pdf
[grobid]   OK   PMC3509842.pdf
[grobid]   OK   PMC3509876.pdf
[grobid]   OK   PMC3510370.pdf
[grobid]   OK   PMC3513987.pdf
[grobid]   OK   PMC3515832.pdf
[grobid]   OK   PMC3516323.pdf
[grobid]   OK   PMC3516599.pdf
[grobid]   OK   PMC3516610.pdf
[grobid]   OK   PMC3516734.pdf
[grobid]   OK   PMC3518123.pdf
[grobid]   OK   PMC3522276.pdf
[grobid]   OK   PMC3522414.pdf
[grobid]   OK   PMC3523872.pdf
[grobid]   OK   PMC3523873.pdf
[grobid]   OK   PMC3524212.pdf
[grobid]   OK   PMC3524213.pdf
[grobid]   OK   PMC3525010.pdf
[grobid]   OK   PMC3525416.pdf
[grobid]   OK   PMC3525461.pdf
[grobid]   OK   PMC3525992.pdf
[grobid]   OK   PMC3526895.pdf
[grobid]   OK   PMC3526898.pdf
[grobid]   OK   PMC3527969.pdf
[grobid]   OK   PMC3528880.pdf
[grobid]   OK   PMC3529014.pdf
[grobid]   OK   PMC3529058.pdf
[grobid]   OK   PMC352997.pdf
[grobid]   OK   PMC3531769.pdf
[grobid]   OK   PMC3533552.pdf
[grobid]   OK   PMC353432.pdf
[grobid]   OK   PMC3536111.pdf
[grobid]   OK   PMC3536544.pdf
[grobid]   OK   PMC3537047.pdf
[grobid]   OK   PMC3537066.pdf
[grobid]   OK   PMC3537196.pdf
[grobid]   OK   PMC3540245.pdf
[grobid]   OK   PMC3540860.pdf
[grobid]   OK   PMC3543026.pdf
[grobid]   OK   PMC3545297.pdf
[grobid]   OK   PMC3545351.pdf
[grobid]   OK   PMC3545794.pdf
[grobid]   OK   PMC354695.pdf
[grobid]   OK   PMC3548478.pdf
[grobid]   OK   PMC3549598.pdf
[grobid]   OK   PMC3552922.pdf
[grobid]   OK   PMC3552923.pdf
[grobid]   OK   PMC3554338.pdf
[grobid]   OK   PMC3554895.pdf
[grobid]   OK   PMC3555272.pdf
[grobid]   OK   PMC3558300.pdf
[grobid]   OK   PMC3561540.pdf
[grobid]   OK   PMC3561569.pdf
[grobid]   OK   PMC3561797.pdf
[grobid]   OK   PMC3564238.pdf
[grobid]   OK   PMC3564451.pdf
[grobid]   OK   PMC3565683.pdf
[grobid]   OK   PMC3566051.pdf
[grobid]   OK   PMC3566782.pdf
[grobid]   OK   PMC3567272.pdf
[grobid]   OK   PMC3567273.pdf
[grobid]   OK   PMC3567662.pdf
[grobid]   OK   PMC3567693.pdf
[grobid]   OK   PMC3567857.pdf
[grobid]   OK   PMC3568306.pdf
[grobid]   OK   PMC3570003.pdf
[grobid]   OK   PMC3570026.pdf
[grobid]   OK   PMC3570509.pdf
[grobid]   OK   PMC3570520.pdf
[grobid]   OK   PMC3575038.pdf
[grobid]   OK   PMC3575450.pdf
[grobid]   OK   PMC3575458.pdf
[grobid]   OK   PMC3576006.pdf
[grobid]   OK   PMC3578408.pdf
[grobid]   OK   PMC3579386.pdf
[grobid]   OK   PMC3579397.pdf
[grobid]   OK   PMC3581419.pdf
[grobid]   OK   PMC358179.pdf
[grobid]   OK   PMC3582128.pdf
[grobid]   OK   PMC3582144.pdf
[grobid]   OK   PMC3582156.pdf
[grobid]   OK   PMC3584504.pdf
[grobid]   OK   PMC358636.pdf
[grobid]   OK   PMC3587194.pdf
[grobid]   OK   PMC3587199.pdf
[grobid]   OK   PMC3587449.pdf
[grobid]   OK   PMC3587706.pdf
[grobid]   OK   PMC3588877.pdf
[grobid]   OK   PMC3589073.pdf
[grobid]   OK   PMC3589878.pdf
[grobid]   OK   PMC3590072.pdf
[grobid]   OK   PMC3590254.pdf
[grobid]   OK   PMC3590264.pdf
[grobid]   OK   PMC359079.pdf
[grobid]   OK   PMC359313.pdf
[grobid]   OK   PMC3593247.pdf
[grobid]   OK   PMC359509.pdf
[grobid]   OK   PMC3596851.pdf
[grobid]   OK   PMC3600884.pdf
[grobid]   OK   PMC3603177.pdf
[grobid]   OK   PMC3603314.pdf
[grobid]   OK   PMC3605650.pdf
[grobid]   OK   PMC360567.pdf
[grobid]   OK   PMC3607141.pdf
[grobid]   OK   PMC3607172.pdf
[grobid]   OK   PMC3607752.pdf
[grobid]   OK   PMC3610729.pdf
[grobid]   OK   PMC3614258.pdf
[grobid]   OK   PMC361579.pdf
[grobid]   OK   PMC3617377.pdf
[grobid]   OK   PMC361908.pdf
[grobid]   OK   PMC3619368.pdf
[grobid]   OK   PMC362109.pdf
[grobid]   OK   PMC3622334.pdf
[grobid]   OK   PMC3622731.pdf
[grobid]   OK   PMC3624453.pdf
[grobid]   OK   PMC3624766.pdf
[grobid]   OK   PMC3625258.pdf
[grobid]   OK   PMC3625387.pdf
[grobid]   OK   PMC3625930.pdf
[grobid]   OK   PMC3625967.pdf
[grobid]   OK   PMC3625975.pdf
[grobid]   OK   PMC3626980.pdf
[grobid]   OK   PMC362711.pdf
[grobid]   OK   PMC3629773.pdf
[grobid]   OK   PMC363030.pdf
[grobid]   OK   PMC363075.pdf
[grobid]   OK   PMC363133.pdf
[grobid]   OK   PMC3632244.pdf
[grobid]   OK   PMC363587.pdf
[grobid]   OK   PMC3636879.pdf
[grobid]   OK   PMC3637760.pdf
[grobid]   OK   PMC3637790.pdf
[grobid]   OK   PMC3638359.pdf
[grobid]   OK   PMC3640312.pdf
[grobid]   OK   PMC364194.pdf
[grobid]   OK   PMC3642310.pdf
[grobid]   OK   PMC3642345.pdf
[grobid]   OK   PMC364274.pdf
[grobid]   OK   PMC3644121.pdf
[grobid]   OK   PMC364449.pdf
[grobid]   OK   PMC3644634.pdf
[grobid]   OK   PMC3647236.pdf
[grobid]   OK   PMC3648137.pdf
[grobid]   OK   PMC3650227.pdf
[grobid]   OK   PMC3650321.pdf
[grobid]   OK   PMC3650371.pdf
[grobid]   OK   PMC3651434.pdf
[grobid]   OK   PMC3651455.pdf
[grobid]   OK   PMC3651471.pdf
[grobid]   OK   PMC365152.pdf
[grobid]   OK   PMC3652418.pdf
[grobid]   OK   PMC3653390.pdf
[grobid]   OK   PMC365525.pdf
[grobid]   OK   PMC3655465.pdf
[grobid]   OK   PMC365617.pdf
[grobid]   OK   PMC3656281.pdf
[grobid]   OK   PMC3656610.pdf
[grobid]   OK   PMC3656999.pdf
[grobid]   OK   PMC3657477.pdf
[grobid]   OK   PMC3657747.pdf
[grobid]   OK   PMC3657773.pdf
[grobid]   OK   PMC3659724.pdf
[grobid]   OK   PMC3660087.pdf
[grobid]   OK   PMC3666477.pdf
[grobid]   OK   PMC366652.pdf
[grobid]   OK   PMC3666633.pdf
[grobid]   OK   PMC3670330.pdf
[grobid]   OK   PMC3672297.pdf
[grobid]   OK   PMC3672644.pdf
[grobid]   OK   PMC3673655.pdf
[grobid]   OK   PMC3674067.pdf
[grobid]   OK   PMC3674384.pdf
[grobid]   OK   PMC3674799.pdf
[grobid]   OK   PMC367510.pdf
[grobid]   OK   PMC3675564.pdf
[grobid]   OK   PMC3675918.pdf
[grobid]   OK   PMC367638.pdf
[grobid]   OK   PMC367809.pdf
[grobid]   OK   PMC3682546.pdf
[grobid]   OK   PMC3683770.pdf
[grobid]   OK   PMC3685333.pdf
[grobid]   OK   PMC3685456.pdf
[grobid]   OK   PMC368954.pdf
[grobid]   OK   PMC3689984.pdf
[grobid]   OK   PMC3690852.pdf
[grobid]   OK   PMC3690968.pdf
[grobid]   OK   PMC3691914.pdf
[grobid]   OK   PMC369350.pdf
[grobid]   OK   PMC369459.pdf
[grobid]   OK   PMC3696330.pdf
[grobid]   OK   PMC3696604.pdf
[grobid]   OK   PMC369680.pdf
[grobid]   OK   PMC369750.pdf
[grobid]   OK   PMC3697600.pdf
[grobid]   OK   PMC369774.pdf
[grobid]   OK   PMC369845.pdf
[grobid]   OK   PMC3700017.pdf
[grobid]   OK   PMC370029.pdf
[grobid]   OK   PMC3701192.pdf
[grobid]   OK   PMC3701239.pdf
[grobid]   OK   PMC3702325.pdf
[grobid]   OK   PMC3704028.pdf
[grobid]   OK   PMC3707374.pdf
[grobid]   OK   PMC3707376.pdf
[grobid]   OK   PMC370795.pdf
[grobid]   OK   PMC3708860.pdf
[grobid]   OK   PMC3708863.pdf
[grobid]   OK   PMC3711290.pdf
[grobid]   OK   PMC3711996.pdf
[grobid]   OK   PMC3713542.pdf
[grobid]   OK   PMC371480.pdf
[grobid]   OK   PMC3715144.pdf
[grobid]   OK   PMC371641.pdf
[grobid]   OK   PMC371797.pdf
[grobid]   OK   PMC3718318.pdf
[grobid]   OK   PMC3720167.pdf
[grobid]   OK   PMC3721271.pdf
[grobid]   OK   PMC372160.pdf
[grobid]   OK   PMC3722316.pdf
[grobid]   OK   PMC3722929.pdf
[grobid]   OK   PMC372418.pdf
[grobid]   OK   PMC37250.pdf
[grobid]   OK   PMC3725060.pdf
[grobid]   OK   PMC3725076.pdf
[grobid]   OK   PMC372559.pdf
[grobid]   OK   PMC3725795.pdf
[grobid]   OK   PMC3726172.pdf
[grobid]   OK   PMC3726962.pdf
[grobid]   OK   PMC3727647.pdf
[grobid]   OK   PMC372862.pdf
[grobid]   OK   PMC3730707.pdf
[grobid]   OK   PMC3730725.pdf
[grobid]   OK   PMC373300.pdf
[grobid]   OK   PMC373379.pdf
[grobid]   OK   PMC3734782.pdf
[grobid]   OK   PMC3738302.pdf
[grobid]   OK   PMC3738821.pdf
[grobid]   OK   PMC3739090.pdf
[grobid]   OK   PMC3739263.pdf
[grobid]   OK   PMC3739394.pdf
[grobid]   OK   PMC3739951.pdf
[grobid]   OK   PMC3741499.pdf
[grobid]   OK   PMC3742491.pdf
[grobid]   OK   PMC3743495.pdf
[grobid]   OK   PMC3746573.pdf
[grobid]   OK   PMC375163.pdf
[grobid]   OK   PMC3752513.pdf
[grobid]   OK   PMC375254.pdf
[grobid]   OK   PMC3752820.pdf
[grobid]   OK   PMC375312.pdf
[grobid]   OK   PMC3754227.pdf
[grobid]   OK   PMC3754249.pdf
[grobid]   OK   PMC3757219.pdf
[grobid]   OK   PMC3761568.pdf
[grobid]   OK   PMC3761611.pdf
[grobid]   OK   PMC3762358.pdf
[grobid]   OK   PMC3763223.pdf
[grobid]   OK   PMC3764801.pdf
[grobid]   OK   PMC3767537.pdf
[grobid]   OK   PMC3767566.pdf
[grobid]   OK   PMC3770331.pdf
[grobid]   OK   PMC3771285.pdf
[grobid]   OK   PMC3771343.pdf
[grobid]   OK   PMC3772234.pdf
[grobid]   OK   PMC3772241.pdf
[grobid]   OK   PMC377455.pdf
[grobid]   OK   PMC3776090.pdf
[grobid]   OK   PMC3778740.pdf
[grobid]   OK   PMC3779036.pdf
[grobid]   OK   PMC3779039.pdf
[grobid]   OK   PMC3780431.pdf
[grobid]   OK   PMC3780874.pdf
[grobid]   OK   PMC3781780.pdf
[grobid]   OK   PMC3784204.pdf
[grobid]   OK   PMC3784521.pdf
[grobid]   OK   PMC3785797.pdf
[grobid]   OK   PMC3785802.pdf
[grobid]   OK   PMC378614.pdf
[grobid]   OK   PMC3789880.pdf
[grobid]   OK   PMC379094.pdf
[grobid]   OK   PMC379199.pdf
[grobid]   OK   PMC379223.pdf
[grobid]   OK   PMC3792427.pdf
[grobid]   OK   PMC3792701.pdf
[grobid]   OK   PMC3795229.pdf
[grobid]   OK   PMC3795269.pdf
[grobid]   OK   PMC3799075.pdf
[grobid]   OK   PMC38000.pdf
[grobid]   OK   PMC3800532.pdf
[grobid]   OK   PMC3800739.pdf
[grobid]   OK   PMC3801077.pdf
[grobid]   OK   PMC3805862.pdf
[grobid]   OK   PMC3806020.pdf
[grobid]   OK   PMC38080.pdf
[grobid]   OK   PMC3809782.pdf
[grobid]   OK   PMC3810086.pdf
[grobid]   OK   PMC3810839.pdf
[grobid]   OK   PMC3811468.pdf
[grobid]   OK   PMC3811568.pdf
[grobid]   OK   PMC3811608.pdf
[grobid]   OK   PMC38148.pdf
[grobid]   OK   PMC3815615.pdf
[grobid]   OK   PMC381681.pdf
[grobid]   OK   PMC3816814.pdf
[grobid]   OK   PMC3820337.pdf
[grobid]   OK   PMC3826185.pdf
[grobid]   OK   PMC3826303.pdf
[grobid]   OK   PMC3828468.pdf
[grobid]   OK   PMC3829176.pdf
[grobid]   OK   PMC3829452.pdf
[grobid]   OK   PMC3831468.pdf
[grobid]   OK   PMC383512.pdf
[grobid]   OK   PMC383514.pdf
[grobid]   OK   PMC3835270.pdf
[grobid]   OK   PMC3835340.pdf
[grobid]   OK   PMC3836503.pdf
[grobid]   OK   PMC3836591.pdf
[grobid]   OK   PMC3837272.pdf
[grobid]   OK   PMC3837843.pdf
[grobid]   OK   PMC3838790.pdf
[grobid]   OK   PMC3839705.pdf
[grobid]   OK   PMC384181.pdf
[grobid]   OK   PMC3842456.pdf
[grobid]   OK   PMC384292.pdf
[grobid]   OK   PMC3843054.pdf
[grobid]   OK   PMC384318.pdf
[grobid]   OK   PMC3843827.pdf
[grobid]   OK   PMC384706.pdf
[grobid]   OK   PMC384751.pdf
[grobid]   OK   PMC38525.pdf
[grobid]   OK   PMC3854060.pdf
[grobid]   OK   PMC3854989.pdf
[grobid]   OK   PMC3855373.pdf
[grobid]   OK   PMC3857942.pdf
[grobid]   OK   PMC3859425.pdf
[grobid]   OK   PMC3861634.pdf
[grobid]   OK   PMC3861700.pdf
[grobid]   OK   PMC3861715.pdf
[grobid]   OK   PMC3861725.pdf
[grobid]   OK   PMC3861736.pdf
[grobid]   OK   PMC3864459.pdf
[grobid]   OK   PMC386486.pdf
[grobid]   OK   PMC386540.pdf
[grobid]   OK   PMC3866487.pdf
[grobid]   OK   PMC38665.pdf
[grobid]   OK   PMC3866502.pdf
[grobid]   OK   PMC3868739.pdf
[grobid]   OK   PMC3869355.pdf
[grobid]   OK   PMC386988.pdf
[grobid]   OK   PMC3870539.pdf
[grobid]   OK   PMC387062.pdf
[grobid]   OK   PMC3871244.pdf
[grobid]   OK   PMC3871309.pdf
[grobid]   OK   PMC387190.pdf
[grobid]   OK   PMC387214.pdf
[grobid]   OK   PMC3873806.pdf
[grobid]   OK   PMC3873824.pdf
[grobid]   OK   PMC387870.pdf
[grobid]   OK   PMC3879559.pdf
[grobid]   OK   PMC3879571.pdf
[grobid]   OK   PMC3880585.pdf
[grobid]   OK   PMC3882398.pdf
[grobid]   OK   PMC388317.pdf
[grobid]   OK   PMC3883170.pdf
[grobid]   OK   PMC388335.pdf
[grobid]   OK   PMC388394.pdf
[grobid]   OK   PMC388554.pdf
[grobid]   OK   PMC3886179.pdf
[grobid]   OK   PMC3887202.pdf
[grobid]   OK   PMC3887457.pdf
[grobid]   OK   PMC3887459.pdf
[grobid]   OK   PMC3887465.pdf
[grobid]   OK   PMC388749.pdf
[grobid]   OK   PMC3887718.pdf
[grobid]   OK   PMC3887732.pdf
[grobid]   OK   PMC3887880.pdf
[grobid]   OK   PMC3887981.pdf
[grobid]   OK   PMC3888257.pdf
[grobid]   OK   PMC3889556.pdf
[grobid]   OK   PMC3890765.pdf
[grobid]   OK   PMC3890954.pdf
[grobid]   OK   PMC389156.pdf
[grobid]   OK   PMC389415.pdf
[grobid]   OK   PMC3894710.pdf
[grobid]   OK   PMC38970.pdf
[grobid]   OK   PMC3900111.pdf
[grobid]   OK   PMC3900989.pdf
[grobid]   OK   PMC3903233.pdf
[grobid]   OK   PMC3903990.pdf
[grobid]   OK   PMC39045.pdf
[grobid]   OK   PMC390471.pdf
[grobid]   OK   PMC3909035.pdf
[grobid]   OK   PMC3911282.pdf
[grobid]   OK   PMC391133.pdf
[grobid]   OK   PMC3911566.pdf
[grobid]   OK   PMC3916279.pdf
[grobid]   OK   PMC3916573.pdf
[grobid]   OK   PMC3916749.pdf
[grobid]   OK   PMC3917723.pdf
[grobid]   OK   PMC3917731.pdf
[grobid]   OK   PMC3918255.pdf
[grobid]   OK   PMC3918265.pdf
[grobid]   OK   PMC392156.pdf
[grobid]   OK   PMC3921589.pdf
[grobid]   OK   PMC3924279.pdf
[grobid]   OK   PMC3924293.pdf
[grobid]   OK   PMC3924305.pdf
[grobid]   OK   PMC3925276.pdf
[grobid]   OK   PMC3926038.pdf
[grobid]   OK   PMC3926886.pdf
[grobid]   OK   PMC39270.pdf
[grobid]   OK   PMC3928664.pdf
[grobid]   OK   PMC392888.pdf
[grobid]   OK   PMC3931115.pdf
[grobid]   OK   PMC3931586.pdf
[grobid]   OK   PMC3933089.pdf
[grobid]   OK   PMC3933115.pdf
[grobid]   OK   PMC3933117.pdf
[grobid]   OK   PMC3933132.pdf
[grobid]   OK   PMC3933578.pdf
[grobid]   OK   PMC3934742.pdf
[grobid]   OK   PMC3937665.pdf
[grobid]   OK   PMC3937682.pdf
[grobid]   OK   PMC3938628.pdf
[grobid]   OK   PMC3940184.pdf
[grobid]   OK   PMC394243.pdf
[grobid]   OK   PMC3942694.pdf
[grobid]   OK   PMC3943092.pdf
[grobid]   OK   PMC3943107.pdf
[grobid]   OK   PMC394504.pdf
[grobid]   OK   PMC394521.pdf
[grobid]   OK   PMC3949456.pdf
[grobid]   OK   PMC3951641.pdf
[grobid]   OK   PMC3951936.pdf
[grobid]   OK   PMC3951940.pdf
[grobid]   OK   PMC3953706.pdf
[grobid]   OK   PMC3954124.pdf
[grobid]   OK   PMC39542.pdf
[grobid]   OK   PMC3956149.pdf
[grobid]   OK   PMC3957236.pdf
[grobid]   OK   PMC3957605.pdf
[grobid]   OK   PMC3957936.pdf
[grobid]   OK   PMC3958086.pdf
[grobid]   OK   PMC3958119.pdf
[grobid]   OK   PMC3958155.pdf
[grobid]   OK   PMC395903.pdf
[grobid]   OK   PMC3959814.pdf
[grobid]   OK   PMC3961091.pdf
[grobid]   OK   PMC3961646.pdf
[grobid]   OK   PMC3961660.pdf
[grobid]   OK   PMC3966698.pdf
[grobid]   OK   PMC3966701.pdf
[grobid]   OK   PMC3967602.pdf
[grobid]   OK   PMC3967655.pdf
[grobid]   OK   PMC3968823.pdf
[grobid]   OK   PMC3969622.pdf
[grobid]   OK   PMC3969907.pdf
[grobid]   OK   PMC397036.pdf
[grobid]   OK   PMC3970494.pdf
[grobid]   OK   PMC3970564.pdf
[grobid]   OK   PMC3971298.pdf
[grobid]   OK   PMC3971321.pdf
[grobid]   OK   PMC3973111.pdf
[grobid]   OK   PMC397442.pdf
[grobid]   OK   PMC3974832.pdf
[grobid]   OK   PMC3975038.pdf
[grobid]   OK   PMC397624.pdf
[grobid]   OK   PMC3976331.pdf
[grobid]   OK   PMC3977136.pdf
[grobid]   OK   PMC3977215.pdf
[grobid]   OK   PMC3977255.pdf
[grobid]   OK   PMC397771.pdf
[grobid]   OK   PMC3978306.pdf
[grobid]   OK   PMC3978308.pdf
[grobid]   OK   PMC397869.pdf
[grobid]   OK   PMC3979419.pdf
[grobid]   OK   PMC3980854.pdf
[grobid]   OK   PMC398112.pdf
[grobid]   OK   PMC3982031.pdf
[grobid]   OK   PMC3983955.pdf
[grobid]   OK   PMC3984548.pdf
[grobid]   OK   PMC3989653.pdf
[grobid]   OK   PMC3989805.pdf
[grobid]   OK   PMC3993019.pdf
[grobid]   OK   PMC3993723.pdf
[grobid]   OK   PMC3997275.pdf
[grobid]   OK   PMC3997282.pdf
[grobid]   OK   PMC3999381.pdf
[grobid]   OK   PMC3999724.pdf
[grobid]   OK   PMC4000092.pdf
[grobid]   OK   PMC4000095.pdf
[grobid]   OK   PMC4001558.pdf
[grobid]   OK   PMC4001758.pdf
[grobid]   OK   PMC4002400.pdf
[grobid]   OK   PMC4002547.pdf
[grobid]   OK   PMC4002608.pdf
[grobid]   OK   PMC4003024.pdf
[grobid]   OK   PMC4003158.pdf
[grobid]   OK   PMC4003163.pdf
[grobid]   OK   PMC4003311.pdf
[grobid]   OK   PMC4003318.pdf
[grobid]   OK   PMC4004206.pdf
[grobid]   OK   PMC4005487.pdf
[grobid]   OK   PMC400579.pdf
[grobid]   OK   PMC4007108.pdf
[grobid]   OK   PMC40077.pdf
[grobid]   OK   PMC4007726.pdf
[grobid]   OK   PMC4010075.pdf
[grobid]   OK   PMC401029.pdf
[grobid]   OK   PMC4010342.pdf
[grobid]   OK   PMC4010999.pdf
[grobid]   OK   PMC4013165.pdf
[grobid]   OK   PMC4013761.pdf
[grobid]   OK   PMC4014192.pdf
[grobid]   OK   PMC4015233.pdf
[grobid]   OK   PMC4020419.pdf
[grobid]   OK   PMC4022851.pdf
[grobid]   OK   PMC4022873.pdf
[grobid]   OK   PMC4026213.pdf
[grobid]   OK   PMC4027489.pdf
[grobid]   OK   PMC4028332.pdf
[grobid]   OK   PMC4028340.pdf
[grobid]   OK   PMC4031501.pdf
[grobid]   OK   PMC4031502.pdf
[grobid]   OK   PMC4032397.pdf
[grobid]   OK   PMC4032517.pdf
[grobid]   OK   PMC4032519.pdf
[grobid]   OK   PMC4032523.pdf
[grobid]   OK   PMC4033377.pdf
[grobid]   OK   PMC4034140.pdf
[grobid]   OK   PMC4035983.pdf
[grobid]   OK   PMC4035994.pdf
[grobid]   OK   PMC4036158.pdf
[grobid]   OK   PMC4036193.pdf
[grobid]   OK   PMC4036341.pdf
[grobid]   OK   PMC4036342.pdf
[grobid]   OK   PMC4036346.pdf
[grobid]   OK   PMC4036348.pdf
[grobid]   OK   PMC4036448.pdf
[grobid]   OK   PMC4040624.pdf
[grobid]   OK   PMC4040894.pdf
[grobid]   OK   PMC404096.pdf
[grobid]   OK   PMC404120.pdf
[grobid]   OK   PMC4047465.pdf
[grobid]   OK   PMC4048575.pdf
[grobid]   OK   PMC4049305.pdf
[grobid]   OK   PMC4049308.pdf
[grobid]   OK   PMC4049311.pdf
[grobid]   OK   PMC4049788.pdf
[grobid]   OK   PMC4051522.pdf
[grobid]   OK   PMC4055200.pdf
[grobid]   OK   PMC4059105.pdf
[grobid]   OK   PMC4059142.pdf
[grobid]   OK   PMC4059159.pdf
[grobid]   OK   PMC4059368.pdf
[grobid]   OK   PMC4061418.pdf
[grobid]   OK   PMC40638.pdf
[grobid]   OK   PMC4065148.pdf
[grobid]   OK   PMC4065919.pdf
[grobid]   OK   PMC4066498.pdf
[grobid]   OK   PMC4067553.pdf
[grobid]   OK   PMC4069925.pdf
[grobid]   OK   PMC4071386.pdf
[grobid]   OK   PMC4071401.pdf
[grobid]   OK   PMC4075736.pdf
[grobid]   OK   PMC4076365.pdf
[grobid]   OK   PMC4076992.pdf
[grobid]   OK   PMC4077487.pdf
[grobid]   OK   PMC407812.pdf
[grobid]   OK   PMC407814.pdf
[grobid]   OK   PMC407819.pdf
[grobid]   OK   PMC407822.pdf
[grobid]   OK   PMC4078644.pdf
[grobid]   OK   PMC4080973.pdf
[grobid]   OK   PMC4081636.pdf
[grobid]   OK   PMC4084661.pdf
[grobid]   OK   PMC408551.pdf
[grobid]   OK   PMC4086305.pdf
[grobid]   OK   PMC4086386.pdf
[grobid]   OK   PMC4086511.pdf
[grobid]   OK   PMC4087574.pdf
[grobid]   OK   PMC4091285.pdf
[grobid]   OK   PMC4093958.pdf
[grobid]   OK   PMC4098083.pdf
[grobid]   OK   PMC4100633.pdf
[grobid]   OK   PMC4100996.pdf
[grobid]   OK   PMC41036.pdf
[grobid]   OK   PMC4104063.pdf
[grobid]   OK   PMC4105300.pdf
[grobid]   OK   PMC4106645.pdf
[grobid]   OK   PMC4106651.pdf
[grobid]   OK   PMC41093.pdf
[grobid]   OK   PMC4110270.pdf
[grobid]   OK   PMC4110340.pdf
[grobid]   OK   PMC4112524.pdf
[grobid]   OK   PMC4112525.pdf
[grobid]   OK   PMC4112526.pdf
[grobid]   OK   PMC4112529.pdf
[grobid]   OK   PMC411331.pdf
[grobid]   OK   PMC4115537.pdf
[grobid]   OK   PMC4115829.pdf
[grobid]   OK   PMC4116089.pdf
[grobid]   OK   PMC4116095.pdf
[grobid]   OK   PMC411615.pdf
[grobid]   OK   PMC4118105.pdf
[grobid]   OK   PMC4118111.pdf
[grobid]   OK   PMC411900.pdf
[grobid]   OK   PMC4119404.pdf
[grobid]   OK   PMC4125713.pdf
[grobid]   OK   PMC4125716.pdf
[grobid]   OK   PMC4127583.pdf
[grobid]   OK   PMC4130933.pdf
[grobid]   OK   PMC4133514.pdf
[grobid]   OK   PMC4135407.pdf
[grobid]   OK   PMC4135411.pdf
[grobid]   OK   PMC4135570.pdf
[grobid]   OK   PMC413569.pdf
[grobid]   OK   PMC4136056.pdf
[grobid]   OK   PMC4136238.pdf
[grobid]   OK   PMC4136610.pdf
[grobid]   OK   PMC4139107.pdf
[grobid]   OK   PMC4142835.pdf
[grobid]   OK   PMC41436.pdf
[grobid]   OK   PMC414756.pdf
[grobid]   OK   PMC41502.pdf
[grobid]   OK   PMC4151208.pdf
[grobid]   OK   PMC4151233.pdf
[grobid]   OK   PMC4152036.pdf
[grobid]   OK   PMC4152785.pdf
[grobid]   OK   PMC4155653.pdf
[grobid]   OK   PMC4155661.pdf
[grobid]   OK   PMC41558.pdf
[grobid]   OK   PMC4156725.pdf
[grobid]   OK   PMC4158015.pdf
[grobid]   OK   PMC4158024.pdf
[grobid]   OK   PMC4159157.pdf
[grobid]   OK   PMC4160094.pdf
[grobid]   OK   PMC4160924.pdf
[grobid]   OK   PMC4163554.pdf
[grobid]   OK   PMC416415.pdf
[grobid]   OK   PMC416516.pdf
[grobid]   OK   PMC4166159.pdf
[grobid]   OK   PMC4169931.pdf
[grobid]   OK   PMC4169934.pdf
[grobid]   OK   PMC4170117.pdf
[grobid]   OK   PMC4174621.pdf
[grobid]   OK   PMC4175330.pdf
[grobid]   OK   PMC4176207.pdf
[grobid]   OK   PMC4176253.pdf
[grobid]   OK   PMC4178262.pdf
[grobid]   OK   PMC41790.pdf
[grobid]   OK   PMC4179923.pdf
[grobid]   OK   PMC4183784.pdf
[grobid]   OK   PMC4183811.pdf
[grobid]   OK   PMC4183825.pdf
[grobid]   OK   PMC4188172.pdf
[grobid]   OK   PMC4188867.pdf
[grobid]   OK   PMC4188869.pdf
[grobid]   OK   PMC4189900.pdf
[grobid]   OK   PMC4191757.pdf
[grobid]   OK   PMC4193933.pdf
[grobid]   OK   PMC419671.pdf
[grobid]   OK   PMC419684.pdf
[grobid]   OK   PMC4198051.pdf
[grobid]   OK   PMC41997.pdf
[grobid]   OK   PMC4200051.pdf
[grobid]   OK   PMC420011.pdf
[grobid]   OK   PMC420012.pdf
[grobid]   OK   PMC4200240.pdf
[grobid]   OK   PMC4200287.pdf
[grobid]   OK   PMC4201278.pdf
[grobid]   OK   PMC4203164.pdf
[grobid]   OK   PMC42034.pdf
[grobid]   OK   PMC420372.pdf
[grobid]   OK   PMC4205671.pdf
[grobid]   OK   PMC4205874.pdf
[grobid]   OK   PMC4206532.pdf
[grobid]   OK   PMC4207977.pdf
[grobid]   OK   PMC4207997.pdf
[grobid]   OK   PMC4208006.pdf
[grobid]   OK   PMC4209435.pdf
[grobid]   OK   PMC4209548.pdf
[grobid]   OK   PMC4210348.pdf
[grobid]   OK   PMC421336.pdf
[grobid]   OK   PMC4214130.pdf
[grobid]   OK   PMC4215243.pdf
[grobid]   OK   PMC421641.pdf
[grobid]   OK   PMC421673.pdf
[grobid]   OK   PMC4216753.pdf
[grobid]   OK   PMC4217165.pdf
[grobid]   OK   PMC4217403.pdf
[grobid]   OK   PMC4217420.pdf
[grobid]   OK   PMC4217439.pdf
[grobid]   OK   PMC4223261.pdf
[grobid]   OK   PMC4223297.pdf
[grobid]   OK   PMC4224167.pdf
[grobid]   OK   PMC4230123.pdf
[grobid]   OK   PMC423536.pdf
[grobid]   OK   PMC423615.pdf
[grobid]   OK   PMC423662.pdf
[grobid]   OK   PMC423742.pdf
[grobid]   OK   PMC4238477.pdf
[grobid]   OK   PMC4239624.pdf
[grobid]   OK   PMC42407.pdf
[grobid]   OK   PMC424389.pdf
[grobid]   OK   PMC4246075.pdf
[grobid]   OK   PMC4246098.pdf
[grobid]   OK   PMC4246259.pdf
[grobid]   OK   PMC4249064.pdf
[grobid]   OK   PMC4249950.pdf
[grobid]   OK   PMC4250171.pdf
[grobid]   OK   PMC4250627.pdf
[grobid]   OK   PMC4252387.pdf
[grobid]   OK   PMC4253461.pdf
[grobid]   OK   PMC425350.pdf
[grobid]   OK   PMC4259240.pdf
[grobid]   OK   PMC4263862.pdf
[grobid]   OK   PMC4263882.pdf
[grobid]   OK   PMC426578.pdf
[grobid]   OK   PMC42693.pdf
[grobid]   OK   PMC4269761.pdf
[grobid]   OK   PMC4269776.pdf
[grobid]   OK   PMC4270160.pdf
[grobid]   OK   PMC4270163.pdf
[grobid]   OK   PMC42716.pdf
[grobid]   OK   PMC4272430.pdf
[grobid]   OK   PMC4273118.pdf
[grobid]   OK   PMC4273202.pdf
[grobid]   OK   PMC427370.pdf
[grobid]   OK   PMC427442.pdf
[grobid]   OK   PMC427560.pdf
[grobid]   OK   PMC4275882.pdf
[grobid]   OK   PMC4275891.pdf
[grobid]   OK   PMC4275895.pdf
[grobid]   OK   PMC4276889.pdf
[grobid]   OK   PMC4278247.pdf
[grobid]   OK   PMC4278598.pdf
[grobid]   OK   PMC4280597.pdf
[grobid]   OK   PMC4280980.pdf
[grobid]   OK   PMC4281742.pdf
[grobid]   OK   PMC4281744.pdf
[grobid]   OK   PMC4282503.pdf
[grobid]   OK   PMC428480.pdf
[grobid]   OK   PMC4288281.pdf
[grobid]   OK   PMC4288902.pdf
[grobid]   OK   PMC4290712.pdf
[grobid]   OK   PMC4291481.pdf
[grobid]   OK   PMC42976.pdf
[grobid]   OK   PMC4298148.pdf
[grobid]   OK   PMC4298154.pdf
[grobid]   OK   PMC4300331.pdf
[grobid]   OK   PMC430224.pdf
[grobid]   OK   PMC4305024.pdf
[grobid]   OK   PMC430530.pdf
[grobid]   OK   PMC4306719.pdf
[grobid]   OK   PMC4306724.pdf
[grobid]   OK   PMC4307430.pdf
[grobid]   OK   PMC4308607.pdf
[grobid]   OK   PMC4309288.pdf
[grobid]   OK   PMC4311890.pdf
[grobid]   OK   PMC4313844.pdf
[grobid]   OK   PMC43147.pdf
[grobid]   OK   PMC4317012.pdf
[grobid]   OK   PMC4319434.pdf
[grobid]   OK   PMC4319439.pdf
[grobid]   OK   PMC4320349.pdf
[grobid]   OK   PMC4320385.pdf
[grobid]   OK   PMC432169.pdf
[grobid]   OK   PMC432199.pdf
[grobid]   OK   PMC4323127.pdf
[grobid]   OK   PMC432326.pdf
[grobid]   OK   PMC432333.pdf
[grobid]   OK   PMC4325302.pdf
[grobid]   OK   PMC4325705.pdf
[grobid]   OK   PMC4326715.pdf
[grobid]   OK   PMC43281.pdf
[grobid]   OK   PMC4330731.pdf
[grobid]   OK   PMC4333320.pdf
[grobid]   OK   PMC4334101.pdf
[grobid]   OK   PMC43347.pdf
[grobid]   OK   PMC4335195.pdf
[grobid]   OK   PMC4335875.pdf
[grobid]   OK   PMC433903.pdf
[grobid]   OK   PMC433939.pdf
[grobid]   OK   PMC434110.pdf
[grobid]   OK   PMC4342454.pdf
[grobid]   OK   PMC4345104.pdf
[grobid]   OK   PMC4345105.pdf
[grobid]   OK   PMC4345623.pdf
[grobid]   OK   PMC4346526.pdf
[grobid]   OK   PMC4346568.pdf
[grobid]   OK   PMC4348880.pdf
[grobid]   OK   PMC4348927.pdf
[grobid]   OK   PMC4350005.pdf
[grobid]   OK   PMC4350006.pdf
[grobid]   OK   PMC4350532.pdf
[grobid]   OK   PMC4350555.pdf
[grobid]   OK   PMC4352772.pdf
[grobid]   OK   PMC43536.pdf
[grobid]   OK   PMC4354183.pdf
[grobid]   OK   PMC4355537.pdf
[grobid]   OK   PMC4358143.pdf
[grobid]   OK   PMC4358145.pdf
[grobid]   OK   PMC4358249.pdf
[grobid]   OK   PMC4358270.pdf
[grobid]   OK   PMC4358287.pdf
[grobid]   OK   PMC4358473.pdf
[grobid]   OK   PMC4358565.pdf
[grobid]   OK   PMC4362253.pdf
[grobid]   OK   PMC4362257.pdf
[grobid]   OK   PMC4362429.pdf
[grobid]   OK   PMC4365068.pdf
[grobid]   OK   PMC4365673.pdf
[grobid]   OK   PMC4366798.pdf
[grobid]   OK   PMC4367286.pdf
[grobid]   OK   PMC4369256.pdf
[grobid]   OK   PMC4369497.pdf
[grobid]   OK   PMC4370251.pdf
[grobid]   OK   PMC4370253.pdf
[grobid]   OK   PMC4372663.pdf
[grobid]   OK   PMC4373747.pdf
[grobid]   OK   PMC4376451.pdf
[grobid]   OK   PMC4376453.pdf
[grobid]   OK   PMC4378444.pdf
[grobid]   OK   PMC4384778.pdf
[grobid]   OK   PMC4385808.pdf
[grobid]   OK   PMC4387302.pdf
[grobid]   OK   PMC4390087.pdf
[grobid]   OK   PMC4390190.pdf
[grobid]   OK   PMC4390248.pdf
[grobid]   OK   PMC4392271.pdf
[grobid]   OK   PMC43940.pdf
[grobid]   OK   PMC4394340.pdf
[grobid]   OK   PMC4396027.pdf
[grobid]   OK   PMC4396043.pdf
[grobid]   OK   PMC4396221.pdf
[grobid]   OK   PMC4397576.pdf
[grobid]   OK   PMC4398281.pdf
[grobid]   OK   PMC43996.pdf
[grobid]   OK   PMC4400328.pdf
[grobid]   OK   PMC4402797.pdf
[grobid]   OK   PMC4405421.pdf
[grobid]   OK   PMC4405759.pdf
[grobid]   OK   PMC4406032.pdf
[grobid]   OK   PMC4406655.pdf
[grobid]   OK   PMC4408963.pdf
[grobid]   OK   PMC4409240.pdf
[grobid]   OK   PMC4409267.pdf
[grobid]   OK   PMC4413752.pdf
[grobid]   OK   PMC441479.pdf
[grobid]   OK   PMC4416427.pdf
[grobid]   OK   PMC4420790.pdf
[grobid]   OK   PMC4420852.pdf
[grobid]   OK   PMC442208.pdf
[grobid]   OK   PMC442287.pdf
[grobid]   OK   PMC4423712.pdf
[grobid]   OK   PMC4424024.pdf
[grobid]   OK   PMC4424371.pdf
[grobid]   OK   PMC4424951.pdf
[grobid]   OK   PMC442613.pdf
[grobid]   OK   PMC4426301.pdf
[grobid]   OK   PMC442632.pdf
[grobid]   OK   PMC4426432.pdf
[grobid]   OK   PMC44284.pdf
[grobid]   OK   PMC4429452.pdf
[grobid]   OK   PMC443162.pdf
[grobid]   OK   PMC4432119.pdf
[grobid]   OK   PMC443329.pdf
[grobid]   OK   PMC4434751.pdf
[grobid]   OK   PMC4435033.pdf
[grobid]   OK   PMC4438216.pdf
[grobid]   OK   PMC4440079.pdf
[grobid]   OK   PMC4440094.pdf
[grobid]   OK   PMC4442455.pdf
[grobid]   OK   PMC4445096.pdf
[grobid]   OK   PMC4447074.pdf
[grobid]   OK   PMC4447960.pdf
[grobid]   OK   PMC4447967.pdf
[grobid]   OK   PMC4447979.pdf
[grobid]   OK   PMC444865.pdf
[grobid]   OK   PMC4449448.pdf
[grobid]   OK   PMC4449630.pdf
[grobid]   OK   PMC4453787.pdf
[grobid]   OK   PMC4458712.pdf
[grobid]   OK   PMC4460464.pdf
[grobid]   OK   PMC4462805.pdf
[grobid]   OK   PMC4463204.pdf
[grobid]   OK   PMC4464833.pdf
[grobid]   OK   PMC4465826.pdf
[grobid]   OK   PMC4466120.pdf
[grobid]   OK   PMC4466704.pdf
[grobid]   OK   PMC44682.pdf
[grobid]   OK   PMC4470947.pdf
[grobid]   OK   PMC4473232.pdf
[grobid]   OK   PMC4473332.pdf
[grobid]   OK   PMC4473347.pdf
[grobid]   OK   PMC4474305.pdf
[grobid]   OK   PMC447592.pdf
[grobid]   OK   PMC447607.pdf
[grobid]   OK   PMC4480814.pdf
[grobid]   OK   PMC4483098.pdf
[grobid]   OK   PMC4484713.pdf
[grobid]   OK   PMC4485108.pdf
[grobid]   OK   PMC4487096.pdf
[grobid]   OK   PMC4491089.pdf
[grobid]   OK   PMC4491118.pdf
[grobid]   OK   PMC4494147.pdf
[grobid]   OK   PMC44948.pdf
[grobid]   OK   PMC45013.pdf
[grobid]   OK   PMC450256.pdf
[grobid]   OK   PMC45026.pdf
[grobid]   OK   PMC4502658.pdf
[grobid]   OK   PMC4502661.pdf
[grobid]   OK   PMC4502999.pdf
[grobid]   OK   PMC4503026.pdf
[grobid]   OK   PMC4503765.pdf
[grobid]   OK   PMC4504427.pdf
[grobid]   OK   PMC4505505.pdf
[grobid]   OK   PMC4507203.pdf
[grobid]   OK   PMC4512622.pdf
[grobid]   OK   PMC4517197.pdf
[grobid]   OK   PMC4518093.pdf
[grobid]   OK   PMC4520670.pdf
[grobid]   OK   PMC4521047.pdf
[grobid]   OK   PMC452136.pdf
[grobid]   OK   PMC4524177.pdf
[grobid]   OK   PMC4525675.pdf
[grobid]   OK   PMC452574.pdf
[grobid]   OK   PMC4527487.pdf
[grobid]   OK   PMC4528589.pdf
[grobid]   OK   PMC452864.pdf
[grobid]   OK   PMC4532746.pdf
[grobid]   OK   PMC4533141.pdf
[grobid]   OK   PMC4534671.pdf
[grobid]   OK   PMC4534832.pdf
[grobid]   OK   PMC4537996.pdf
[grobid]   OK   PMC45414.pdf
[grobid]   OK   PMC4542695.pdf
[grobid]   OK   PMC4543644.pdf
[grobid]   OK   PMC4544189.pdf
[grobid]   OK   PMC4545371.pdf
[grobid]   OK   PMC4547898.pdf
[grobid]   OK   PMC4550821.pdf
[grobid]   OK   PMC4550827.pdf
[grobid]   OK   PMC4560042.pdf
[grobid]   OK   PMC4561968.pdf
[grobid]   OK   PMC4562540.pdf
[grobid]   OK   PMC4564253.pdf
[grobid]   OK   PMC4565247.pdf
[grobid]   OK   PMC4565613.pdf
[grobid]   OK   PMC4566415.pdf
[grobid]   OK   PMC4568654.pdf
[grobid]   OK   PMC4570282.pdf
[grobid]   OK   PMC4571312.pdf
[grobid]   OK   PMC4571313.pdf
[grobid]   OK   PMC4571606.pdf
[grobid]   OK   PMC4571870.pdf
[grobid]   OK   PMC4571950.pdf
[grobid]   OK   PMC4571969.pdf
[grobid]   OK   PMC4572183.pdf
[grobid]   OK   PMC4572752.pdf
[grobid]   OK   PMC4572895.pdf
[grobid]   OK   PMC4575582.pdf
[grobid]   OK   PMC4575583.pdf
[grobid]   OK   PMC4576119.pdf
[grobid]   OK   PMC4576981.pdf
[grobid]   OK   PMC4576983.pdf
[grobid]   OK   PMC4577137.pdf
[grobid]   OK   PMC4578004.pdf
[grobid]   OK   PMC4579155.pdf
[grobid]   OK   PMC4579975.pdf
[grobid]   OK   PMC4583035.pdf
[grobid]   OK   PMC4583047.pdf
[grobid]   OK   PMC4583867.pdf
[grobid]   OK   PMC45849.pdf
[grobid]   OK   PMC4586878.pdf
[grobid]   OK   PMC4587334.pdf
[grobid]   OK   PMC4588127.pdf
[grobid]   OK   PMC4590602.pdf
[grobid]   OK   PMC4590642.pdf
[grobid]   OK   PMC4590656.pdf
[grobid]   OK   PMC4591822.pdf
[grobid]   OK   PMC4592082.pdf
[grobid]   OK   PMC4592348.pdf
[grobid]   OK   PMC4594261.pdf
[grobid]   OK   PMC4594271.pdf
[grobid]   OK   PMC4594545.pdf
[grobid]   OK   PMC4595403.pdf
[grobid]   OK   PMC4595428.pdf
[grobid]   OK   PMC4598995.pdf
[grobid]   OK   PMC4599011.pdf
[grobid]   OK   PMC4599391.pdf
[grobid]   OK   PMC4601044.pdf
[grobid]   OK   PMC4603455.pdf
[grobid]   OK   PMC4607115.pdf
[grobid]   OK   PMC4611325.pdf
[grobid]   OK   PMC4611612.pdf
[grobid]   OK   PMC4611815.pdf
[grobid]   OK   PMC4612017.pdf
[grobid]   OK   PMC4612045.pdf
[grobid]   OK   PMC4612925.pdf
[grobid]   OK   PMC4612948.pdf
[grobid]   OK   PMC4614761.pdf
[grobid]   OK   PMC4615001.pdf
[grobid]   OK   PMC4616888.pdf
[grobid]   OK   PMC4618834.pdf
[grobid]   OK   PMC4620870.pdf
[grobid]   OK   PMC4620883.pdf
[grobid]   OK   PMC4620890.pdf
[grobid]   OK   PMC4621587.pdf
[grobid]   OK   PMC4622535.pdf
[grobid]   OK   PMC4622729.pdf
[grobid]   OK   PMC4622942.pdf
[grobid]   OK   PMC4623555.pdf
[grobid]   OK   PMC46253.pdf
[grobid]   OK   PMC4631585.pdf
[grobid]   OK   PMC4637556.pdf
[grobid]   OK   PMC4638046.pdf
[grobid]   OK   PMC4642445.pdf
[grobid]   OK   PMC4645314.pdf
[grobid]   OK   PMC4645597.pdf
[grobid]   OK   PMC4646015.pdf
[grobid]   OK   PMC4646035.pdf
[grobid]   OK   PMC4646191.pdf
[grobid]   OK   PMC4646308.pdf
[grobid]   OK   PMC4646309.pdf
[grobid]   OK   PMC4646560.pdf
[grobid]   OK   PMC4648299.pdf
[grobid]   OK   PMC4649231.pdf
[grobid]   OK   PMC4651222.pdf
[grobid]   OK   PMC4653186.pdf
[grobid]   OK   PMC4654057.pdf
[grobid]   OK   PMC4656414.pdf
[grobid]   OK   PMC4656597.pdf
[grobid]   OK   PMC4656638.pdf
[grobid]   OK   PMC4657520.pdf
[grobid]   OK   PMC4657825.pdf
[grobid]   OK   PMC4658354.pdf
[grobid]   OK   PMC4659133.pdf
[grobid]   OK   PMC4664353.pdf
[grobid]   OK   PMC4665151.pdf
[grobid]   OK   PMC4665222.pdf
[grobid]   OK   PMC4665779.pdf
[grobid]   OK   PMC4665800.pdf
[grobid]   OK   PMC46667.pdf
[grobid]   OK   PMC4669682.pdf
[grobid]   OK   PMC46715.pdf
[grobid]   OK   PMC4674247.pdf
[grobid]   OK   PMC467528.pdf
[grobid]   OK   PMC4676952.pdf
[grobid]   OK   PMC4677570.pdf
[grobid]   OK   PMC46795.pdf
[grobid]   OK   PMC4679759.pdf
[grobid]   OK   PMC4680419.pdf
[grobid]   OK   PMC4680426.pdf
[grobid]   OK   PMC4681063.pdf
[grobid]   OK   PMC4681866.pdf
[grobid]   OK   PMC4683261.pdf
[grobid]   OK   PMC4686146.pdf
[grobid]   OK   PMC4688609.pdf
[grobid]   OK   PMC4688792.pdf
[grobid]   OK   PMC4688842.pdf
[grobid]   OK   PMC4692115.pdf
[grobid]   OK   PMC4692230.pdf
[grobid]   OK   PMC4692539.pdf
[grobid]   OK   PMC4692689.pdf
[grobid]   OK   PMC4694303.pdf
[grobid]   OK   PMC4696400.pdf
[grobid]   OK   PMC4696446.pdf
[grobid]   OK   PMC4697373.pdf
[grobid]   OK   PMC4697722.pdf
[grobid]   OK   PMC4698263.pdf
[grobid]   OK   PMC4698269.pdf
[grobid]   OK   PMC4698272.pdf
[grobid]   OK   PMC4701549.pdf
[grobid]   OK   PMC4702538.pdf
[grobid]   OK   PMC4702585.pdf
[grobid]   OK   PMC4702977.pdf
[grobid]   OK   PMC4703001.pdf
[grobid]   OK   PMC4703014.pdf
[grobid]   OK   PMC4703138.pdf
[grobid]   OK   PMC4703253.pdf
[grobid]   OK   PMC4704227.pdf
[grobid]   OK   PMC4704358.pdf
[grobid]   OK   PMC4704516.pdf
[grobid]   OK   PMC4705416.pdf
[grobid]   OK   PMC4705950.pdf
[grobid]   OK   PMC4713494.pdf
[grobid]   OK   PMC4713565.pdf
[grobid]   OK   PMC4713592.pdf
[grobid]   OK   PMC4713742.pdf
[grobid]   OK   PMC4713747.pdf
[grobid]   OK   PMC4714233.pdf
[grobid]   OK   PMC47144.pdf
[grobid]   OK   PMC4716301.pdf
[grobid]   OK   PMC4716309.pdf
[grobid]   OK   PMC4717012.pdf
[grobid]   OK   PMC4717059.pdf
[grobid]   OK   PMC4719292.pdf
[grobid]   OK   PMC47194.pdf
[grobid]   OK   PMC4720340.pdf
[grobid]   OK   PMC472079.pdf
[grobid]   OK   PMC4723791.pdf
[grobid]   OK   PMC4727082.pdf
[grobid]   OK   PMC4728883.pdf
[grobid]   OK   PMC4730038.pdf
[grobid]   OK   PMC4731129.pdf
[grobid]   OK   PMC4732222.pdf
[grobid]   OK   PMC473254.pdf
[grobid]   OK   PMC4733981.pdf
[grobid]   OK   PMC4735885.pdf
[grobid]   OK   PMC47419.pdf
[grobid]   OK   PMC4743686.pdf
[grobid]   OK   PMC4743695.pdf
[grobid]   OK   PMC4747700.pdf
[grobid]   OK   PMC4749489.pdf
[grobid]   OK   PMC4750688.pdf
[grobid]   OK   PMC4751820.pdf
[grobid]   OK   PMC4754256.pdf
[grobid]   OK   PMC4758551.pdf
[grobid]   OK   PMC4759428.pdf
[grobid]   OK   PMC4760779.pdf
[grobid]   OK   PMC4766451.pdf
[grobid]   OK   PMC4771777.pdf
[grobid]   OK   PMC4774411.pdf
[grobid]   OK   PMC4774422.pdf
[grobid]   OK   PMC4775968.pdf
[grobid]   OK   PMC4777850.pdf
[grobid]   OK   PMC4778438.pdf
[grobid]   OK   PMC4779306.pdf
[grobid]   OK   PMC4779920.pdf
[grobid]   OK   PMC478578.pdf
[grobid]   OK   PMC4785920.pdf
[grobid]   OK   PMC4789993.pdf
[grobid]   OK   PMC479052.pdf
[grobid]   OK   PMC479107.pdf
[grobid]   OK   PMC4795836.pdf
[grobid]   OK   PMC47959.pdf
[grobid]   OK   PMC4798734.pdf
[grobid]   OK   PMC4799962.pdf
[grobid]   OK   PMC4800793.pdf
[grobid]   OK   PMC4801263.pdf
[grobid]   OK   PMC4804243.pdf
[grobid]   OK   PMC4806205.pdf
[grobid]   OK   PMC4807251.pdf
[grobid]   OK   PMC4807662.pdf
[grobid]   OK   PMC4810470.pdf
[grobid]   OK   PMC4812267.pdf
[grobid]   OK   PMC4812560.pdf
[grobid]   OK   PMC4813474.pdf
[grobid]   OK   PMC4813551.pdf
[grobid]   OK   PMC4813563.pdf
[grobid]   OK   PMC4813579.pdf
[grobid]   OK   PMC4814032.pdf
[grobid]   OK   PMC4814239.pdf
[grobid]   OK   PMC4815416.pdf
[grobid]   OK   PMC4815638.pdf
[grobid]   OK   PMC4816230.pdf
[grobid]   OK   PMC4818264.pdf
[grobid]   OK   PMC4822470.pdf
[grobid]   OK   PMC4822583.pdf
[grobid]   OK   PMC4824580.pdf
[grobid]   OK   PMC4824591.pdf
[grobid]   OK   PMC4824595.pdf
[grobid]   OK   PMC4824596.pdf
[grobid]   OK   PMC4825546.pdf
[grobid]   OK   PMC4829322.pdf
[grobid]   OK   PMC483089.pdf
[grobid]   OK   PMC4834881.pdf
[grobid]   OK   PMC4836400.pdf
[grobid]   OK   PMC4838906.pdf
[grobid]   OK   PMC4839461.pdf
[grobid]   OK   PMC4840023.pdf
[grobid]   OK   PMC4840249.pdf
[grobid]   OK   PMC4840967.pdf
[grobid]   OK   PMC4841355.pdf
[grobid]   OK   PMC4843487.pdf
[grobid]   OK   PMC48449.pdf
[grobid]   OK   PMC4847812.pdf
[grobid]   OK   PMC4848127.pdf
[grobid]   OK   PMC4849814.pdf
[grobid]   OK   PMC4850296.pdf
[grobid]   OK   PMC4853342.pdf
[grobid]   OK   PMC4853343.pdf
[grobid]   OK   PMC4853838.pdf
[grobid]   OK   PMC4853901.pdf
[grobid]   OK   PMC4853902.pdf
[grobid]   OK   PMC4853903.pdf
[grobid]   OK   PMC4854539.pdf
[grobid]   OK   PMC4855391.pdf
[grobid]   OK   PMC4857542.pdf
[grobid]   OK   PMC4857543.pdf
[grobid]   OK   PMC4858951.pdf
[grobid]   OK   PMC4858986.pdf
[grobid]   OK   PMC4859886.pdf
[grobid]   OK   PMC4860356.pdf
[grobid]   OK   PMC48624.pdf
[grobid]   OK   PMC4864453.pdf
[grobid]   OK   PMC4864719.pdf
[grobid]   OK   PMC4865928.pdf
[grobid]   OK   PMC486729.pdf
[grobid]   OK   PMC4868425.pdf
[grobid]   OK   PMC4871660.pdf
[grobid]   OK   PMC48751.pdf
[grobid]   OK   PMC4875336.pdf
[grobid]   OK   PMC4875348.pdf
[grobid]   OK   PMC4878181.pdf
[grobid]   OK   PMC4880135.pdf
[grobid]   OK   PMC4882492.pdf
[grobid]   OK   PMC4883903.pdf
[grobid]   OK   PMC4884918.pdf
[grobid]   OK   PMC4887669.pdf
[grobid]   OK   PMC4887698.pdf
[grobid]   OK   PMC4888252.pdf
[grobid]   OK   PMC4888356.pdf
[grobid]   OK   PMC4888365.pdf
[grobid]   OK   PMC4889229.pdf
[grobid]   OK   PMC4889712.pdf
[grobid]   OK   PMC4899127.pdf
[grobid]   OK   PMC49053.pdf
[grobid]   OK   PMC4905363.pdf
[grobid]   OK   PMC4905388.pdf
[grobid]   OK   PMC490598.pdf
[grobid]   OK   PMC4906727.pdf
[grobid]   OK   PMC4906802.pdf
[grobid]   OK   PMC4907132.pdf
[grobid]   OK   PMC4907148.pdf
[grobid]   OK   PMC4907994.pdf
[grobid]   OK   PMC4908017.pdf
[grobid]   OK   PMC4914195.pdf
[grobid]   OK   PMC4914641.pdf
[grobid]   OK   PMC4916870.pdf
[grobid]   OK   PMC4918852.pdf
[grobid]   OK   PMC4919431.pdf
[grobid]   OK   PMC4922152.pdf
[grobid]   OK   PMC4922444.pdf
[grobid]   OK   PMC4922682.pdf
[grobid]   OK   PMC4922712.pdf
[grobid]   OK   PMC492455.pdf
[grobid]   OK   PMC4926982.pdf
[grobid]   OK   PMC49272.pdf
[grobid]   OK   PMC4930782.pdf
[grobid]   OK   PMC4931566.pdf
[grobid]   OK   PMC4933116.pdf
[grobid]   OK   PMC4933186.pdf
[grobid]   OK   PMC4934070.pdf
[grobid]   OK   PMC4934729.pdf
[grobid]   OK   PMC4934814.pdf
[grobid]   OK   PMC4935222.pdf
[grobid]   OK   PMC4935326.pdf
[grobid]   OK   PMC4937732.pdf
[grobid]   OK   PMC4941444.pdf
[grobid]   OK   PMC4941510.pdf
[grobid]   OK   PMC494460.pdf
[grobid]   OK   PMC4944853.pdf
[grobid]   OK   PMC4946882.pdf
[grobid]   OK   PMC4947664.pdf
[grobid]   OK   PMC4950226.pdf
[grobid]   OK   PMC4950485.pdf
[grobid]   OK   PMC4950522.pdf
[grobid]   OK   PMC4954765.pdf
[grobid]   OK   PMC4958185.pdf
[grobid]   OK   PMC4959101.pdf
[grobid]   OK   PMC4959471.pdf
[grobid]   OK   PMC4960195.pdf
[grobid]   OK   PMC4960910.pdf
[grobid]   OK   PMC4961175.pdf
[grobid]   OK   PMC4962811.pdf
[grobid]   OK   PMC4970539.pdf
[grobid]   OK   PMC49711.pdf
[grobid]   OK   PMC4973209.pdf
[grobid]   OK   PMC4973657.pdf
[grobid]   OK   PMC4985933.pdf
[grobid]   OK   PMC4986141.pdf
[grobid]   OK   PMC4986330.pdf
[grobid]   OK   PMC4986641.pdf
[grobid]   OK   PMC4987728.pdf
[grobid]   OK   PMC4991322.pdf
[grobid]   OK   PMC4991597.pdf
[grobid]   OK   PMC4993410.pdf
[grobid]   OK   PMC4994923.pdf
[grobid]   OK   PMC4996182.pdf
[grobid]   OK   PMC5003153.pdf
[grobid]   OK   PMC5004961.pdf
[grobid]   OK   PMC5005863.pdf
[grobid]   OK   PMC5007591.pdf
[grobid]   OK   PMC5007792.pdf
[grobid]   OK   PMC50083.pdf
[grobid]   OK   PMC5009274.pdf
[grobid]   OK   PMC5009421.pdf
[grobid]   OK   PMC5010643.pdf
[grobid]   OK   PMC5012395.pdf
[grobid]   OK   PMC5012507.pdf
[grobid]   OK   PMC501328.pdf
[grobid]   OK   PMC5013870.pdf
[grobid]   OK   PMC5016132.pdf
[grobid]   OK   PMC5016149.pdf
[grobid]   OK   PMC5016190.pdf
[grobid]   OK   PMC50180.pdf
[grobid]   OK   PMC5018771.pdf
[grobid]   OK   PMC5021416.pdf
[grobid]   OK   PMC5022099.pdf
[grobid]   OK   PMC5023568.pdf
[grobid]   OK   PMC5024639.pdf
[grobid]   OK   PMC5025666.pdf
[grobid]   OK   PMC502647.pdf
[grobid]   OK   PMC503000.pdf
[grobid]   OK   PMC5031176.pdf
[grobid]   OK   PMC5033761.pdf
[grobid]   OK   PMC5034046.pdf
[grobid]   OK   PMC50347.pdf
[grobid]   OK   PMC5035873.pdf
[grobid]   OK   PMC5036410.pdf
[grobid]   OK   PMC503718.pdf
[grobid]   OK   PMC5038078.pdf
[grobid]   OK   PMC5038215.pdf
[grobid]   OK   PMC5038564.pdf
[grobid]   OK   PMC5038883.pdf
[grobid]   OK   PMC5043096.pdf
[grobid]   OK   PMC5047171.pdf
[grobid]   OK   PMC5047211.pdf
[grobid]   OK   PMC5048349.pdf
[grobid]   OK   PMC50510.pdf
[grobid]   OK   PMC5053549.pdf
[grobid]   OK   PMC5055140.pdf
[grobid]   OK   PMC5058616.pdf
[grobid]   OK   PMC5059204.pdf
[grobid]   OK   PMC5060022.pdf
[grobid]   OK   PMC5065660.pdf
[grobid]   OK   PMC5068322.pdf
[grobid]   OK   PMC5068469.pdf
[grobid]   OK   PMC5069244.pdf
[grobid]   OK   PMC507050.pdf
[grobid]   OK   PMC5072412.pdf
[grobid]   OK   PMC5072433.pdf
[grobid]   OK   PMC507464.pdf
[grobid]   OK   PMC507548.pdf
[grobid]   OK   PMC5076535.pdf
[grobid]   OK   PMC5076811.pdf
[grobid]   OK   PMC5076821.pdf
[grobid]   OK   PMC5077187.pdf
[grobid]   OK   PMC5079421.pdf
[grobid]   OK   PMC5079449.pdf
[grobid]   OK   PMC5079669.pdf
[grobid]   OK   PMC508233.pdf
[grobid]   OK   PMC508242.pdf
[grobid]   OK   PMC5084108.pdf
[grobid]   OK   PMC5084248.pdf
[grobid]   OK   PMC508469.pdf
[grobid]   OK   PMC5085608.pdf
[grobid]   OK   PMC5085612.pdf
[grobid]   OK   PMC5087001.pdf
[grobid]   OK   PMC5087021.pdf
[grobid]   OK   PMC50872.pdf
[grobid]   OK   PMC5087319.pdf
[grobid]   OK   PMC508828.pdf
[grobid]   OK   PMC508981.pdf
[grobid]   OK   PMC509102.pdf
[grobid]   OK   PMC509120.pdf
[grobid]   OK   PMC509163.pdf
[grobid]   OK   PMC5095396.pdf
[grobid]   OK   PMC5096802.pdf
[grobid]   OK   PMC5098035.pdf
[grobid]   OK   PMC5098651.pdf
[grobid]   OK   PMC5101343.pdf
[grobid]   OK   PMC5102137.pdf
[grobid]   OK   PMC5103342.pdf
[grobid]   OK   PMC5103962.pdf
[grobid]   OK   PMC5103971.pdf
[grobid]   OK   PMC5104256.pdf
[grobid]   OK   PMC5104267.pdf
[grobid]   OK   PMC5104939.pdf
[grobid]   OK   PMC5104942.pdf
[grobid]   OK   PMC51071.pdf
[grobid]   OK   PMC5107467.pdf
[grobid]   OK   PMC5114400.pdf
[grobid]   OK   PMC5114416.pdf
[grobid]   OK   PMC5114422.pdf
[grobid]   OK   PMC5116729.pdf
[grobid]   OK   PMC5117932.pdf
[grobid]   OK   PMC5118986.pdf
[grobid]   OK   PMC5122786.pdf
[grobid]   OK   PMC5122790.pdf
[grobid]   OK   PMC5126286.pdf
[grobid]   OK   PMC5126294.pdf
[grobid]   OK   PMC5126309.pdf
[grobid]   OK   PMC5127823.pdf
[grobid]   OK   PMC5136669.pdf
[grobid]   OK   PMC5139063.pdf
[grobid]   OK   PMC5142118.pdf
[grobid]   OK   PMC514799.pdf
[grobid]   OK   PMC514956.pdf
[grobid]   OK   PMC515048.pdf
[grobid]   OK   PMC5157075.pdf
[grobid]   OK   PMC5159492.pdf
[grobid]   OK   PMC5161144.pdf
[grobid]   OK   PMC51658.pdf
[grobid]   OK   PMC516630.pdf
[grobid]   OK   PMC5171901.pdf
[grobid]   OK   PMC5172498.pdf
[grobid]   OK   PMC517578.pdf
[grobid]   OK   PMC5181640.pdf
[grobid]   OK   PMC5182416.pdf
[grobid]   OK   PMC5187394.pdf
[grobid]   OK   PMC519104.pdf
[grobid]   OK   PMC519210.pdf
[grobid]   OK   PMC5192125.pdf
[grobid]   OK   PMC5198354.pdf
[grobid]   OK   PMC5207234.pdf
[grobid]   OK   PMC5216654.pdf
[grobid]   OK   PMC5218919.pdf
[grobid]   OK   PMC521894.pdf
[grobid]   OK   PMC52213.pdf
[grobid]   OK   PMC522256.pdf
[grobid]   OK   PMC5222959.pdf
[grobid]   OK   PMC5224457.pdf
[grobid]   OK   PMC5225059.pdf
[grobid]   OK   PMC5228296.pdf
[grobid]   OK   PMC5228444.pdf
[grobid]   OK   PMC523245.pdf
[grobid]   OK   PMC5234479.pdf
[grobid]   OK   PMC5239698.pdf
[grobid]   OK   PMC524061.pdf
[grobid]   OK   PMC524278.pdf
[grobid]   OK   PMC524294.pdf
[grobid]   OK   PMC5244867.pdf
[grobid]   OK   PMC5247498.pdf
[grobid]   OK   PMC52528.pdf
[grobid]   OK   PMC52535.pdf
[grobid]   OK   PMC525453.pdf
[grobid]   OK   PMC525493.pdf
[grobid]   OK   PMC525640.pdf
[grobid]   OK   PMC5260506.pdf
[grobid]   OK   PMC5264628.pdf
[grobid]   OK   PMC5267499.pdf
[grobid]   OK   PMC5270510.pdf
[grobid]   OK   PMC52714.pdf
[grobid]   OK   PMC5282833.pdf
[grobid]   OK   PMC5285616.pdf
[grobid]   OK   PMC528898.pdf
[grobid]   OK   PMC5291195.pdf
[grobid]   OK   PMC52919.pdf
[grobid]   OK   PMC529219.pdf
[grobid]   OK   PMC5293049.pdf
[grobid]   OK   PMC5296226.pdf
[grobid]   OK   PMC53039.pdf
[grobid]   OK   PMC5306469.pdf
[grobid]   OK   PMC5312745.pdf
[grobid]   OK   PMC5313114.pdf
[grobid]   OK   PMC5314162.pdf
[grobid]   OK   PMC5314176.pdf
[grobid]   OK   PMC5314196.pdf
[grobid]   OK   PMC5315516.pdf
[grobid]   OK   PMC5319717.pdf
[grobid]   OK   PMC532011.pdf
[grobid]   OK   PMC533047.pdf
[grobid]   OK   PMC533051.pdf
[grobid]   OK   PMC5330851.pdf
[grobid]   OK   PMC5331208.pdf
[grobid]   OK   PMC5333963.pdf
[grobid]   OK   PMC5333973.pdf
[grobid]   OK   PMC5336151.pdf
[grobid]   OK   PMC5338361.pdf
[grobid]   OK   PMC5338485.pdf
[grobid]   OK   PMC5338542.pdf
[grobid]   OK   PMC5341486.pdf
[grobid]   OK   PMC5344206.pdf
[grobid]   OK   PMC5344215.pdf
[grobid]   OK   PMC534542.pdf
[grobid]   OK   PMC534615.pdf
[grobid]   OK   PMC534725.pdf
[grobid]   OK   PMC534918.pdf
[grobid]   OK   PMC5351296.pdf
[grobid]   OK   PMC53517.pdf
[grobid]   OK   PMC5351927.pdf
[grobid]   OK   PMC5352276.pdf
[grobid]   OK   PMC5352591.pdf
[grobid]   OK   PMC5354484.pdf
[grobid]   OK   PMC5362989.pdf
[grobid]   OK   PMC5363201.pdf
[grobid]   OK   PMC5368406.pdf
[grobid]   OK   PMC5373141.pdf
[grobid]   OK   PMC5373457.pdf
[grobid]   OK   PMC5373779.pdf
[grobid]   OK   PMC5374908.pdf
[grobid]   OK   PMC5374936.pdf
[grobid]   OK   PMC5374946.pdf
[grobid]   OK   PMC5375982.pdf
[grobid]   OK   PMC5376007.pdf
[grobid]   OK   PMC5380053.pdf
[grobid]   OK   PMC5380085.pdf
[grobid]   OK   PMC5380099.pdf
[grobid]   OK   PMC53804.pdf
[grobid]   OK   PMC5381439.pdf
[grobid]   OK   PMC5383775.pdf
[grobid]   OK   PMC5384592.pdf
[grobid]   OK   PMC538556.pdf
[grobid]   OK   PMC538851.pdf
[grobid]   OK   PMC538929.pdf
[grobid]   OK   PMC5391144.pdf
[grobid]   OK   PMC539191.pdf
[grobid]   OK   PMC5392696.pdf
[grobid]   OK   PMC5392699.pdf
[grobid]   OK   PMC5394866.pdf
[grobid]   OK   PMC5397214.pdf
[grobid]   OK   PMC5397238.pdf
[grobid]   OK   PMC5397681.pdf
[grobid]   OK   PMC539807.pdf
[grobid]   OK   PMC5399104.pdf
[grobid]   OK   PMC5399638.pdf
[grobid]   OK   PMC5399642.pdf
[grobid]   OK   PMC5402446.pdf
[grobid]   OK   PMC540273.pdf
[grobid]   OK   PMC5403198.pdf
[grobid]   OK   PMC5407961.pdf
[grobid]   OK   PMC5407967.pdf
[grobid]   OK   PMC5407971.pdf
[grobid]   OK   PMC5407974.pdf
[grobid]   OK   PMC5407978.pdf
[grobid]   OK   PMC5409302.pdf
[grobid]   OK   PMC5409480.pdf
[grobid]   OK   PMC5409489.pdf
[grobid]   OK   PMC5409796.pdf
[grobid]   OK   PMC5410781.pdf
[grobid]   OK   PMC5411948.pdf
[grobid]   OK   PMC5412075.pdf
[grobid]   OK   PMC5419476.pdf
[grobid]   OK   PMC5423120.pdf
[grobid]   OK   PMC5424446.pdf
[grobid]   OK   PMC5425780.pdf
[grobid]   OK   PMC5427259.pdf
[grobid]   OK   PMC5427269.pdf
[grobid]   OK   PMC5427279.pdf
[grobid]   OK   PMC5427646.pdf
[grobid]   OK   PMC5430220.pdf
[grobid]   OK   PMC5430391.pdf
[grobid]   OK   PMC5431146.pdf
[grobid]   OK   PMC5431251.pdf
[grobid]   OK   PMC543482.pdf
[grobid]   OK   PMC5435033.pdf
[grobid]   OK   PMC5437903.pdf
[grobid]   OK   PMC5438594.pdf
[grobid]   OK   PMC5440058.pdf
[grobid]   OK   PMC5440313.pdf
[grobid]   OK   PMC544034.pdf
[grobid]   OK   PMC544072.pdf
[grobid]   OK   PMC544162.pdf
[grobid]   OK   PMC5442465.pdf
[grobid]   OK   PMC5442973.pdf
[grobid]   OK   PMC5443240.pdf
[grobid]   OK   PMC5444173.pdf
[grobid]   OK   PMC5444355.pdf
[grobid]   OK   PMC5446479.pdf
[grobid]   OK   PMC5446514.pdf
[grobid]   OK   PMC5446618.pdf
[grobid]   OK   PMC5449491.pdf
[grobid]   OK   PMC5450557.pdf
[grobid]   OK   PMC5451224.pdf
[grobid]   OK   PMC5451733.pdf
[grobid]   OK   PMC5455468.pdf
[grobid]   OK   PMC5455605.pdf
[grobid]   OK   PMC545698.pdf
[grobid]   OK   PMC545929.pdf
[grobid]   OK   PMC5459547.pdf
[grobid]   OK   PMC5464255.pdf
[grobid]   OK   PMC5464376.pdf
[grobid]   OK   PMC5465034.pdf
[grobid]   OK   PMC5470888.pdf
[grobid]   OK   PMC5470890.pdf
[grobid]   OK   PMC5473211.pdf
[grobid]   OK   PMC5473220.pdf
[grobid]   OK   PMC5475257.pdf
[grobid]   OK   PMC5477712.pdf
[grobid]   OK   PMC5477719.pdf
[grobid]   OK   PMC5479626.pdf
[grobid]   OK   PMC548005.pdf
[grobid]   OK   PMC548020.pdf
[grobid]   OK   PMC5481653.pdf
[grobid]   OK   PMC5482088.pdf
[grobid]   OK   PMC5483964.pdf
[grobid]   OK   PMC5487572.pdf
[grobid]   OK   PMC5491276.pdf
[grobid]   OK   PMC5491771.pdf
[grobid]   OK   PMC5491891.pdf
[grobid]   OK   PMC5492824.pdf
[grobid]   OK   PMC5493579.pdf
[grobid]   OK   PMC5493791.pdf
[grobid]   OK   PMC5494603.pdf
[grobid]   OK   PMC5494650.pdf
[grobid]   OK   PMC5494654.pdf
[grobid]   OK   PMC5495246.pdf
[grobid]   OK   PMC5495717.pdf
[grobid]   OK   PMC5498388.pdf
[grobid]   OK   PMC54987.pdf
[grobid]   OK   PMC5500786.pdf
[grobid]   OK   PMC5500818.pdf
[grobid]   OK   PMC5502623.pdf
[grobid]   OK   PMC550972.pdf
[grobid]   OK   PMC5512061.pdf
[grobid]   OK   PMC5512224.pdf
[grobid]   OK   PMC5514764.pdf
[grobid]   OK   PMC5515160.pdf
[grobid]   OK   PMC5518559.pdf
[grobid]   OK   PMC5518873.pdf
[grobid]   OK   PMC5519244.pdf
[grobid]   OK   PMC5519366.pdf
[grobid]   OK   PMC5520180.pdf
[grobid]   OK   PMC552214.pdf
[grobid]   OK   PMC5524146.pdf
[grobid]   OK   PMC5525645.pdf
[grobid]   OK   PMC5527647.pdf
[grobid]   OK   PMC5528333.pdf
[grobid]   OK   PMC5528455.pdf
[grobid]   OK   PMC5528458.pdf
[grobid]   OK   PMC5528605.pdf
[grobid]   OK   PMC5528671.pdf
[grobid]   OK   PMC552938.pdf
[grobid]   OK   PMC5529832.pdf
[grobid]   OK   PMC5529953.pdf
[grobid]   OK   PMC553183.pdf
[grobid]   OK   PMC5533889.pdf
[grobid]   OK   PMC553411.pdf
[grobid]   OK   PMC5538763.pdf
[grobid]   OK   PMC553903.pdf
[grobid]   OK   PMC5539348.pdf
[grobid]   OK   PMC554126.pdf
[grobid]   OK   PMC5543017.pdf
[grobid]   OK   PMC5544391.pdf
[grobid]   OK   PMC554481.pdf
[grobid]   OK   PMC5545614.pdf
[grobid]   OK   PMC5546030.pdf
[grobid]   OK   PMC5546044.pdf
[grobid]   OK   PMC5547643.pdf
[grobid]   OK   PMC55498.pdf
[grobid]   OK   PMC555150.pdf
[grobid]   OK   PMC555277.pdf
[grobid]   OK   PMC5555931.pdf
[grobid]   OK   PMC555996.pdf
[grobid]   OK   PMC556267.pdf
[grobid]   OK   PMC5563135.pdf
[grobid]   OK   PMC5563145.pdf
[grobid]   OK   PMC5563291.pdf
[grobid]   OK   PMC5564374.pdf
[grobid]   OK   PMC5566523.pdf
[grobid]   OK   PMC5566532.pdf
[grobid]   OK   PMC55700.pdf
[grobid]   OK   PMC5571360.pdf
[grobid]   OK   PMC5572930.pdf
[grobid]   OK   PMC5573688.pdf
[grobid]   OK   PMC5574028.pdf
[grobid]   OK   PMC5576841.pdf
[grobid]   OK   PMC5576924.pdf
[grobid]   OK   PMC55773.pdf
[grobid]   OK   PMC5578708.pdf
[grobid]   OK   PMC5579360.pdf
[grobid]   OK   PMC5580731.pdf
[grobid]   OK   PMC5580896.pdf
[grobid]   OK   PMC5580900.pdf
[grobid]   OK   PMC5582589.pdf
[grobid]   OK   PMC55846.pdf
[grobid]   OK   PMC5592659.pdf
[grobid]   OK   PMC5592674.pdf
[grobid]   OK   PMC5592685.pdf
[grobid]   OK   PMC5602013.pdf
[grobid]   OK   PMC5604157.pdf
[grobid]   OK   PMC5606541.pdf
[grobid]   OK   PMC5610547.pdf
[grobid]   OK   PMC5612117.pdf
[grobid]   OK   PMC5612127.pdf
[grobid]   OK   PMC5617249.pdf
[grobid]   OK   PMC5617280.pdf
[grobid]   OK   PMC5617295.pdf
[grobid]   OK   PMC5618933.pdf
[grobid]   OK   PMC5620911.pdf
[grobid]   OK   PMC5621883.pdf
[grobid]   OK   PMC5622240.pdf
[grobid]   OK   PMC5625068.pdf
[grobid]   OK   PMC5630162.pdf
[grobid]   OK   PMC5630197.pdf
[grobid]   OK   PMC5630666.pdf
[grobid]   OK   PMC5637112.pdf
[grobid]   OK   PMC5639831.pdf
[grobid]   OK   PMC5640816.pdf
[grobid]   OK   PMC5641892.pdf
[grobid]   OK   PMC5643964.pdf
[grobid]   OK   PMC5649972.pdf
[grobid]   OK   PMC5649986.pdf
[grobid]   OK   PMC5655112.pdf
[grobid]   OK   PMC5657698.pdf
[grobid]   OK   PMC5657705.pdf
[grobid]   OK   PMC5660743.pdf
[grobid]   OK   PMC5661766.pdf
[grobid]   OK   PMC5663892.pdf
[grobid]   OK   PMC5664509.pdf
[grobid]   OK   PMC5664523.pdf
[grobid]   OK   PMC5672030.pdf
[grobid]   OK   PMC5672033.pdf
[grobid]   OK   PMC5672038.pdf
[grobid]   OK   PMC5672039.pdf
[grobid]   OK   PMC5672043.pdf
[grobid]   OK   PMC5672065.pdf
[grobid]   OK   PMC5672068.pdf
[grobid]   OK   PMC5673633.pdf
[grobid]   OK   PMC5676242.pdf
[grobid]   OK   PMC5676900.pdf
[grobid]   OK   PMC5680639.pdf
[grobid]   OK   PMC5682999.pdf
[grobid]   OK   PMC5686757.pdf
[grobid]   OK   PMC5691388.pdf
[grobid]   OK   PMC5692584.pdf
[grobid]   OK   PMC5694830.pdf
[grobid]   OK   PMC5705820.pdf
[grobid]   OK   PMC5709322.pdf
[grobid]   OK   PMC5711275.pdf
[grobid]   OK   PMC5712614.pdf
[grobid]   OK   PMC5714742.pdf
[grobid]   OK   PMC5714782.pdf
[grobid]   OK   PMC5714827.pdf
[grobid]   OK   PMC5714829.pdf
[grobid]   OK   PMC5715983.pdf
[grobid]   OK   PMC5718097.pdf
[grobid]   OK   PMC5718323.pdf
[grobid]   OK   PMC5721086.pdf
[grobid]   OK   PMC5724003.pdf
[grobid]   OK   PMC5724007.pdf
[grobid]   OK   PMC5724180.pdf
[grobid]   OK   PMC5728310.pdf
[grobid]   OK   PMC5729398.pdf
[grobid]   OK   PMC5729541.pdf
[grobid]   OK   PMC5731255.pdf
[grobid]   OK   PMC5740343.pdf
[grobid]   OK   PMC5740361.pdf
[grobid]   OK   PMC5740798.pdf
[grobid]   OK   PMC5748177.pdf
[grobid]   OK   PMC5749504.pdf
[grobid]   OK   PMC5752288.pdf
[grobid]   OK   PMC5752341.pdf
[grobid]   OK   PMC5754440.pdf
[grobid]   OK   PMC5755444.pdf
[grobid]   OK   PMC5756638.pdf
[grobid]   OK   PMC5756783.pdf
[grobid]   OK   PMC5758395.pdf
[grobid]   OK   PMC5766913.pdf
[grobid]   OK   PMC5766915.pdf
[grobid]   OK   PMC5766933.pdf
[grobid]   OK   PMC5767704.pdf
[grobid]   OK   PMC5767857.pdf
[grobid]   OK   PMC5770535.pdf
[grobid]   OK   PMC5773949.pdf
[grobid]   OK   PMC5776968.pdf
[grobid]   OK   PMC5777063.pdf
[grobid]   OK   PMC5777290.pdf
[grobid]   OK   PMC5777360.pdf
[grobid]   OK   PMC5778823.pdf
[grobid]   OK   PMC5778871.pdf
[grobid]   OK   PMC5783961.pdf
[grobid]   OK   PMC5785980.pdf
[grobid]   OK   PMC5785988.pdf
[grobid]   OK   PMC5786771.pdf
[grobid]   OK   PMC5787817.pdf
[grobid]   OK   PMC5788149.pdf
[grobid]   OK   PMC5790945.pdf
[grobid]   OK   PMC5791060.pdf
[grobid]   OK   PMC5794720.pdf
[grobid]   OK   PMC5795392.pdf
[grobid]   OK   PMC5795590.pdf
[grobid]   OK   PMC5795796.pdf
[grobid]   OK   PMC5797955.pdf
[grobid]   OK   PMC5805042.pdf
[grobid]   OK   PMC5808751.pdf
[grobid]   OK   PMC5809645.pdf
[grobid]   OK   PMC5809725.pdf
[grobid]   OK   PMC5813859.pdf
[grobid]   OK   PMC5818172.pdf
[grobid]   OK   PMC5818191.pdf
[grobid]   OK   PMC5821197.pdf
[grobid]   OK   PMC5821201.pdf
[grobid]   OK   PMC5821206.pdf
[grobid]   OK   PMC5821907.pdf
[grobid]   OK   PMC5823809.pdf
[grobid]   OK   PMC5826137.pdf
[grobid]   OK   PMC5827370.pdf
[grobid]   OK   PMC5828453.pdf
[grobid]   OK   PMC5835886.pdf
[grobid]   OK   PMC5835895.pdf
[grobid]   OK   PMC5836098.pdf
[grobid]   OK   PMC5836131.pdf
[grobid]   OK   PMC5837274.pdf
[grobid]   OK   PMC5837519.pdf
[grobid]   OK   PMC5837579.pdf
[grobid]   OK   PMC5837701.pdf
[grobid]   OK   PMC5840661.pdf
[grobid]   OK   PMC5840745.pdf
[grobid]   OK   PMC5841063.pdf
[grobid]   OK   PMC5844066.pdf
[grobid]   OK   PMC5844335.pdf
[grobid]   OK   PMC5846531.pdf
[grobid]   OK   PMC5850138.pdf
[grobid]   OK   PMC58513.pdf
[grobid]   OK   PMC5851950.pdf
[grobid]   OK   PMC5851975.pdf
[grobid]   OK   PMC5857985.pdf
[grobid]   OK   PMC58592.pdf
[grobid]   OK   PMC5861934.pdf
[grobid]   OK   PMC5861959.pdf
[grobid]   OK   PMC5864250.pdf
[grobid]   OK   PMC5866602.pdf
[grobid]   OK   PMC5866817.pdf
[grobid]   OK   PMC5876434.pdf
[grobid]   OK   PMC58768.pdf
[grobid]   OK   PMC5881776.pdf
[grobid]   OK   PMC5886139.pdf
[grobid]   OK   PMC5886243.pdf
[grobid]   OK   PMC5886348.pdf
[grobid]   OK   PMC5887147.pdf
[grobid]   OK   PMC5888686.pdf
[grobid]   OK   PMC5891426.pdf
[grobid]   OK   PMC5892644.pdf
[grobid]   OK   PMC5893993.pdf
[grobid]   OK   PMC5903428.pdf
[grobid]   OK   PMC5904594.pdf
[grobid]   OK   PMC5904680.pdf
[grobid]   OK   PMC5905666.pdf
[grobid]   OK   PMC5910003.pdf
[grobid]   OK   PMC5910857.pdf
[grobid]   OK   PMC5911257.pdf
[grobid]   PMC5918718.pdf attempt 1/3: server or connection error -- [NO_BLOCKS] PDF parsing resulted in empty content -- retrying in 5s
[grobid]   PMC5918718.pdf attempt 2/3: server or connection error -- [NO_BLOCKS] PDF parsing resulted in empty content -- retrying in 10s
[grobid]   SKIP PMC5918718.pdf (server or connection error -- [NO_BLOCKS] PDF parsing resulted in empty content)
[grobid]   OK   PMC5919807.pdf
[grobid]   OK   PMC5920640.pdf
[grobid]   OK   PMC5920862.pdf
[grobid]   OK   PMC5925800.pdf
[grobid]   OK   PMC5926939.pdf
[grobid]   OK   PMC5933415.pdf
[grobid]   OK   PMC5939102.pdf
[grobid]   OK   PMC59422.pdf
[grobid]   OK   PMC5943198.pdf
[grobid]   OK   PMC5946324.pdf
[grobid]   OK   PMC5946325.pdf
[grobid]   OK   PMC5947687.pdf
[grobid]   OK   PMC5949106.pdf
[grobid]   OK   PMC5951013.pdf
[grobid]   OK   PMC5951017.pdf
[grobid]   OK   PMC5959290.pdf
[grobid]   OK   PMC5959332.pdf
[grobid]   OK   PMC5960897.pdf
[grobid]   OK   PMC5960911.pdf
[grobid]   OK   PMC5961033.pdf
[grobid]   OK   PMC5961047.pdf
[grobid]   OK   PMC5962467.pdf
[grobid]   OK   PMC5962859.pdf
[grobid]   OK   PMC5964739.pdf
[grobid]   OK   PMC5965051.pdf
[grobid]   OK   PMC5969353.pdf
[grobid]   OK   PMC5969560.pdf
[grobid]   OK   PMC5971453.pdf
[grobid]   OK   PMC5971457.pdf
[grobid]   OK   PMC5971616.pdf
[grobid]   OK   PMC5972420.pdf
[grobid]   OK   PMC5972626.pdf
[grobid]   OK   PMC5974437.pdf
[grobid]   OK   PMC5974929.pdf
[grobid]   OK   PMC5977447.pdf
[grobid]   OK   PMC5978942.pdf
[grobid]   OK   PMC5980610.pdf
[grobid]   OK   PMC5981083.pdf
[grobid]   OK   PMC5983329.pdf
[grobid]   OK   PMC5985281.pdf
[grobid]   OK   PMC5987741.pdf
[grobid]   OK   PMC5991152.pdf
[grobid]   OK   PMC5994610.pdf
[grobid]   OK   PMC5994672.pdf
[grobid]   OK   PMC5999007.pdf
[grobid]   OK   PMC6003475.pdf
[grobid]   OK   PMC6004454.pdf
[grobid]   OK   PMC6004649.pdf
[grobid]   OK   PMC6005106.pdf
[grobid]   OK   PMC6005429.pdf
[grobid]   OK   PMC6006047.pdf
[grobid]   OK   PMC6009286.pdf
[grobid]   OK   PMC60162.pdf
[grobid]   OK   PMC6016467.pdf
[grobid]   OK   PMC6016470.pdf
[grobid]   OK   PMC6016785.pdf
[grobid]   OK   PMC60182.pdf
[grobid]   OK   PMC6020708.pdf
[grobid]   OK   PMC6021297.pdf
[grobid]   OK   PMC6026736.pdf
[grobid]   OK   PMC60285.pdf
[grobid]   OK   PMC6028807.pdf
[grobid]   OK   PMC6028982.pdf
[grobid]   OK   PMC6031001.pdf
[grobid]   OK   PMC6032441.pdf
[grobid]   OK   PMC6036589.pdf
[grobid]   OK   PMC6038028.pdf
[grobid]   OK   PMC6043757.pdf
[grobid]   OK   PMC6043854.pdf
[grobid]   OK   PMC6045543.pdf
[grobid]   OK   PMC6045554.pdf
[grobid]   OK   PMC6046065.pdf
[grobid]   OK   PMC6046074.pdf
[grobid]   OK   PMC6047207.pdf
[grobid]   OK   PMC6052224.pdf
[grobid]   OK   PMC6052225.pdf
[grobid]   OK   PMC6054344.pdf
[grobid]   OK   PMC6055262.pdf
[grobid]   OK   PMC6056217.pdf
[grobid]   OK   PMC6059173.pdf
[grobid]   OK   PMC6060207.pdf
[grobid]   OK   PMC6060740.pdf
[grobid]   OK   PMC6062016.pdf
[grobid]   OK   PMC6062067.pdf
[grobid]   OK   PMC6062160.pdf
[grobid]   OK   PMC6062161.pdf
[grobid]   OK   PMC6062232.pdf
[grobid]   OK   PMC6062248.pdf
[grobid]   OK   PMC6062363.pdf
[grobid]   OK   PMC6062398.pdf
[grobid]   OK   PMC6063471.pdf
[grobid]   OK   PMC6063837.pdf
[grobid]   OK   PMC6063839.pdf
[grobid]   OK   PMC6064980.pdf
[grobid]   OK   PMC6065183.pdf
[grobid]   OK   PMC6067075.pdf
[grobid]   OK   PMC6068111.pdf
[grobid]   OK   PMC6070098.pdf
[grobid]   OK   PMC6070662.pdf
[grobid]   OK   PMC6071725.pdf
[grobid]   OK   PMC6071745.pdf
[grobid]   OK   PMC6072013.pdf
[grobid]   OK   PMC6072242.pdf
[grobid]   OK   PMC6073071.pdf
[grobid]   OK   PMC6074833.pdf
[grobid]   OK   PMC6075588.pdf
[grobid]   OK   PMC6078460.pdf
[grobid]   OK   PMC6078604.pdf
[grobid]   OK   PMC6078632.pdf
[grobid]   OK   PMC6082300.pdf
[grobid]   OK   PMC6083797.pdf
[grobid]   OK   PMC6083999.pdf
[grobid]   OK   PMC6084548.pdf
[grobid]   OK   PMC6093402.pdf
[grobid]   OK   PMC6093403.pdf
[grobid]   OK   PMC6093723.pdf
[grobid]   OK   PMC6093993.pdf
[grobid]   OK   PMC6102147.pdf
[grobid]   OK   PMC6103678.pdf
[grobid]   OK   PMC6103690.pdf
[grobid]   OK   PMC6109939.pdf
[grobid]   OK   PMC6111095.pdf
[grobid]   OK   PMC6111155.pdf
[grobid]   OK   PMC6116726.pdf
[grobid]   OK   PMC6118579.pdf
[grobid]   OK   PMC6118595.pdf
[grobid]   OK   PMC6118639.pdf
[grobid]   OK   PMC6120690.pdf
[grobid]   OK   PMC6121736.pdf
[grobid]   OK   PMC6124401.pdf
[grobid]   OK   PMC6124406.pdf
[grobid]   OK   PMC6125515.pdf
[grobid]   OK   PMC6126149.pdf
[grobid]   OK   PMC6126459.pdf
[grobid]   OK   PMC6126785.pdf
[grobid]   OK   PMC6127790.pdf
[grobid]   OK   PMC6128251.pdf
[grobid]   OK   PMC6129119.pdf
[grobid]   OK   PMC6130424.pdf
[grobid]   OK   PMC6130935.pdf
[grobid]   OK   PMC6133326.pdf
[grobid]   OK   PMC6133338.pdf
[grobid]   OK   PMC6134013.pdf
[grobid]   OK   PMC6134379.pdf
[grobid]   OK   PMC6135576.pdf
[grobid]   OK   PMC6135591.pdf
[grobid]   OK   PMC6135629.pdf
[grobid]   OK   PMC6135636.pdf
[grobid]   OK   PMC6138015.pdf
[grobid]   OK   PMC6138017.pdf
[grobid]   OK   PMC6138338.pdf
[grobid]   OK   PMC6140788.pdf
[grobid]   OK   PMC6142257.pdf
[grobid]   OK   PMC6144723.pdf
[grobid]   OK   PMC6149292.pdf
[grobid]   OK   PMC6150893.pdf
[grobid]   OK   PMC6153276.pdf
[grobid]   OK   PMC6153284.pdf
[grobid]   OK   PMC6153667.pdf
[grobid]   OK   PMC6155469.pdf
[grobid]   OK   PMC6156311.pdf
[grobid]   OK   PMC6159981.pdf
[grobid]   OK   PMC6166689.pdf
[grobid]   OK   PMC6166825.pdf
[grobid]   OK   PMC6168981.pdf
[grobid]   OK   PMC6170408.pdf
[grobid]   OK   PMC6170448.pdf
[grobid]   OK   PMC6171589.pdf
[grobid]   OK   PMC6171817.pdf
[grobid]   OK   PMC6180404.pdf
[grobid]   OK   PMC6187193.pdf
[grobid]   OK   PMC6187220.pdf
[grobid]   OK   PMC6187628.pdf
[grobid]   OK   PMC6187639.pdf
[grobid]   OK   PMC6192413.pdf
[grobid]   OK   PMC6193883.pdf
[grobid]   OK   PMC6194498.pdf
[grobid]   OK   PMC6195000.pdf
[grobid]   OK   PMC6198334.pdf
[grobid]   OK   PMC6198342.pdf
[grobid]   OK   PMC6199653.pdf
[grobid]   OK   PMC6200996.pdf
[grobid]   OK   PMC6205488.pdf
[grobid]   OK   PMC6206485.pdf
[grobid]   OK   PMC6216204.pdf
[grobid]   OK   PMC6220723.pdf
[grobid]   OK   PMC6224806.pdf
[grobid]   OK   PMC6231137.pdf
[grobid]   OK   PMC6235407.pdf
[grobid]   OK   PMC6235773.pdf
[grobid]   OK   PMC6237462.pdf
[grobid]   OK   PMC6237687.pdf
[grobid]   OK   PMC6241245.pdf
[grobid]   OK   PMC6243250.pdf
[grobid]   OK   PMC6251060.pdf
[grobid]   OK   PMC6251586.pdf
[grobid]   OK   PMC6251607.pdf
[grobid]   OK   PMC6254345.pdf
[grobid]   OK   PMC6255198.pdf
[grobid]   OK   PMC6257010.pdf
[grobid]   OK   PMC6257519.pdf
[grobid]   OK   PMC6260152.pdf
[grobid]   OK   PMC6264638.pdf
[grobid]   OK   PMC6264641.pdf
[grobid]   OK   PMC6265567.pdf
[grobid]   OK   PMC6269361.pdf
[grobid]   OK   PMC6281408.pdf
[grobid]   OK   PMC6284601.pdf
[grobid]   OK   PMC6289343.pdf
[grobid]   OK   PMC6289386.pdf
[grobid]   OK   PMC6290954.pdf
[grobid]   OK   PMC6292820.pdf
[grobid]   OK   PMC6293086.pdf
[grobid]   OK   PMC6294723.pdf
[grobid]   OK   PMC6296177.pdf
[grobid]   OK   PMC6299785.pdf
[grobid]   OK   PMC6300644.pdf
[grobid]   OK   PMC6301823.pdf
[grobid]   OK   PMC6302162.pdf
[grobid]   OK   PMC6304937.pdf
[grobid]   OK   PMC6305796.pdf
[grobid]   OK   PMC6307470.pdf
[grobid]   OK   PMC6307968.pdf
[grobid]   OK   PMC6312417.pdf
[grobid]   OK   PMC6312427.pdf
[grobid]   OK   PMC6313099.pdf
[grobid]   OK   PMC6314078.pdf
[grobid]   OK   PMC6314129.pdf
[grobid]   OK   PMC6317428.pdf
[grobid]   OK   PMC6317607.pdf
[grobid]   OK   PMC6322382.pdf
[grobid]   OK   PMC6327062.pdf
[grobid]   OK   PMC6329949.pdf
[grobid]   OK   PMC6331359.pdf
[grobid]   OK   PMC6333451.pdf
[grobid]   OK   PMC6334652.pdf
[grobid]   OK   PMC6337691.pdf
[grobid]   OK   PMC6339848.pdf
[grobid]   OK   PMC6341594.pdf
[grobid]   OK   PMC6343699.pdf
[grobid]   OK   PMC6343720.pdf
[grobid]   OK   PMC6346212.pdf
[grobid]   OK   PMC6349101.pdf
[grobid]   OK   PMC6349117.pdf
[grobid]   OK   PMC6350414.pdf
[grobid]   OK   PMC6351124.pdf
[grobid]   OK   PMC6351145.pdf
[grobid]   OK   PMC6355718.pdf
[grobid]   OK   PMC6356068.pdf
[grobid]   OK   PMC6356072.pdf
[grobid]   OK   PMC6356916.pdf
[grobid]   OK   PMC6358710.pdf
[grobid]   OK   PMC6361147.pdf
[grobid]   OK   PMC6363633.pdf
[grobid]   OK   PMC6364232.pdf
[grobid]   OK   PMC6364581.pdf
[grobid]   OK   PMC6365479.pdf
[grobid]   OK   PMC6367969.pdf
[grobid]   OK   PMC6369293.pdf
[grobid]   OK   PMC6369774.pdf
[grobid]   OK   PMC6371908.pdf
[grobid]   OK   PMC6378964.pdf
[grobid]   OK   PMC6381372.pdf
[grobid]   OK   PMC6381830.pdf
[grobid]   OK   PMC6382152.pdf
[grobid]   OK   PMC6383582.pdf
[grobid]   OK   PMC6390692.pdf
[grobid]   OK   PMC6391572.pdf
[grobid]   OK   PMC6391652.pdf
[grobid]   OK   PMC6393839.pdf
[grobid]   OK   PMC6395422.pdf
[grobid]   OK   PMC6398136.pdf
[grobid]   OK   PMC6398392.pdf
[grobid]   OK   PMC6399633.pdf
[grobid]   OK   PMC6402418.pdf
[grobid]   OK   PMC6404282.pdf
[grobid]   OK   PMC6405966.pdf
[grobid]   OK   PMC6405982.pdf
[grobid]   OK   PMC6413251.pdf
[grobid]   OK   PMC6415644.pdf
[grobid]   OK   PMC6416433.pdf
[grobid]   OK   PMC6420699.pdf
[grobid]   OK   PMC6421623.pdf
[grobid]   OK   PMC6422086.pdf
[grobid]   OK   PMC6423414.pdf
[grobid]   OK   PMC6425538.pdf
[grobid]   OK   PMC6442361.pdf
[grobid]   OK   PMC6442613.pdf
[grobid]   OK   PMC6445176.pdf
[grobid]   OK   PMC6445217.pdf
[grobid]   OK   PMC6446708.pdf
[grobid]   OK   PMC6447889.pdf
[grobid]   OK   PMC6447899.pdf
[grobid]   OK   PMC6452302.pdf
[grobid]   OK   PMC6454314.pdf
[grobid]   OK   PMC6456536.pdf
[grobid]   OK   PMC6457198.pdf
[grobid]   OK   PMC6459280.pdf
[grobid]   OK   PMC6461769.pdf
[grobid]   OK   PMC6462500.pdf
[grobid]   OK   PMC6462531.pdf
[grobid]   OK   PMC6462537.pdf
[grobid]   OK   PMC6463704.pdf
[grobid]   OK   PMC6465375.pdf
[grobid]   OK   PMC64734.pdf
[grobid]   OK   PMC6484120.pdf
[grobid]   OK   PMC6484885.pdf
[grobid]   OK   PMC6484887.pdf
[grobid]   OK   PMC6487337.pdf
[grobid]   OK   PMC6490059.pdf
[grobid]   OK   PMC6491005.pdf
[grobid]   OK   PMC6492906.pdf
[grobid]   OK   PMC6493493.pdf
[grobid]   OK   PMC6493590.pdf
[grobid]   OK   PMC6493868.pdf
[grobid]   OK   PMC6494122.pdf
[grobid]   OK   PMC6495129.pdf
[grobid]   OK   PMC6495254.pdf
[grobid]   OK   PMC6495502.pdf
[grobid]   OK   PMC6495589.pdf
[grobid]   OK   PMC6495740.pdf
[grobid]   OK   PMC6495958.pdf
[grobid]   OK   PMC6495987.pdf
[grobid]   OK   PMC6496292.pdf
[grobid]   OK   PMC6496313.pdf
[grobid]   OK   PMC6496376.pdf
[grobid]   OK   PMC6496391.pdf
[grobid]   OK   PMC6496684.pdf
[grobid]   OK   PMC6496741.pdf
[grobid]   OK   PMC6496913.pdf
[grobid]   OK   PMC6497961.pdf
[grobid]   OK   PMC6500125.pdf
[grobid]   OK   PMC6500460.pdf
[grobid]   OK   PMC6500927.pdf
[grobid]   OK   PMC6501587.pdf
[grobid]   OK   PMC6505796.pdf
[grobid]   OK   PMC6506288.pdf
[grobid]   OK   PMC6506819.pdf
[grobid]   OK   PMC65073.pdf
[grobid]   OK   PMC6509513.pdf
[grobid]   OK   PMC6511763.pdf
[grobid]   OK   PMC6511790.pdf
[grobid]   OK   PMC6511805.pdf
[grobid]   OK   PMC6512387.pdf
[grobid]   OK   PMC6514637.pdf
[grobid]   OK   PMC6516679.pdf
[grobid]   OK   PMC6517724.pdf
[grobid]   OK   PMC6519661.pdf
[grobid]   OK   PMC6520098.pdf
[grobid]   OK   PMC6522065.pdf
[grobid]   OK   PMC6526817.pdf
[grobid]   OK   PMC6527165.pdf
[grobid]   OK   PMC6527337.pdf
[grobid]   OK   PMC6528944.pdf
[grobid]   OK   PMC6531650.pdf
[grobid]   OK   PMC6534793.pdf
[grobid]   OK   PMC6545560.pdf
[grobid]   OK   PMC6552435.pdf
[grobid]   OK   PMC6556584.pdf
[grobid]   OK   PMC6556625.pdf
[grobid]   OK   PMC6556662.pdf
[grobid]   OK   PMC6561697.pdf
[grobid]   OK   PMC6565156.pdf
[grobid]   OK   PMC6566560.pdf
[grobid]   OK   PMC6568843.pdf
[grobid]   OK   PMC6573324.pdf
[grobid]   OK   PMC6575554.pdf
[grobid]   OK   PMC6575598.pdf
[grobid]   OK   PMC6578931.pdf
[grobid]   OK   PMC6579050.pdf
[grobid]   OK   PMC6579458.pdf
[grobid]   OK   PMC6580548.pdf
[grobid]   OK   PMC6583456.pdf
[grobid]   OK   PMC6590726.pdf
[grobid]   OK   PMC6592185.pdf
[grobid]   OK   PMC6592188.pdf
[grobid]   OK   PMC6592244.pdf
[grobid]   OK   PMC6593029.pdf
[grobid]   OK   PMC6595986.pdf
[grobid]   OK   PMC6597205.pdf
[grobid]   OK   PMC6597216.pdf
[grobid]   OK   PMC6601249.pdf
[grobid]   OK   PMC6601461.pdf
[grobid]   OK   PMC6602115.pdf
[grobid]   OK   PMC6602128.pdf
[grobid]   OK   PMC6603058.pdf
[grobid]   OK   PMC6605362.pdf
[grobid]   OK   PMC6612659.pdf
[grobid]   OK   PMC6618463.pdf
[grobid]   OK   PMC6618862.pdf
[grobid]   OK   PMC6621004.pdf
[grobid]   OK   PMC6621814.pdf
[grobid]   OK   PMC6623160.pdf
[grobid]   OK   PMC6629151.pdf
[grobid]   OK   PMC6629163.pdf
[grobid]   OK   PMC6629238.pdf
[grobid]   OK   PMC6629251.pdf
[grobid]   OK   PMC6629252.pdf
[grobid]   OK   PMC6633061.pdf
[grobid]   OK   PMC6635541.pdf
[grobid]   OK   PMC6637989.pdf
[grobid]   OK   PMC6642930.pdf
[grobid]   OK   PMC6649148.pdf
[grobid]   OK   PMC6657593.pdf
[grobid]   OK   PMC6664168.pdf
[grobid]   OK   PMC6664195.pdf
[grobid]   OK   PMC6665152.pdf
[grobid]   OK   PMC6665556.pdf
[grobid]   OK   PMC6666323.pdf
[grobid]   OK   PMC6667720.pdf
[grobid]   OK   PMC6668702.pdf
[grobid]   OK   PMC6670558.pdf
[grobid]   OK   PMC6670564.pdf
[grobid]   OK   PMC6671051.pdf
[grobid]   OK   PMC6671245.pdf
[grobid]   OK   PMC6672214.pdf
[grobid]   OK   PMC6672933.pdf
[grobid]   OK   PMC6673158.pdf
[grobid]   OK   PMC6673215.pdf
[grobid]   OK   PMC6673250.pdf
[grobid]   OK   PMC6673605.pdf
[grobid]   OK   PMC6673995.pdf
[grobid]   OK   PMC6674260.pdf
[grobid]   OK   PMC6675207.pdf
[grobid]   OK   PMC6675337.pdf
[grobid]   OK   PMC6675365.pdf
[grobid]   OK   PMC6675548.pdf
[grobid]   OK   PMC6676407.pdf
[grobid]   OK   PMC6681707.pdf
[grobid]   OK   PMC6682728.pdf
[grobid]   OK   PMC6682750.pdf
[grobid]   OK   PMC6684934.pdf
[grobid]   OK   PMC6690701.pdf
[grobid]   OK   PMC6692123.pdf
[grobid]   OK   PMC6692815.pdf
[grobid]   OK   PMC6693455.pdf
[grobid]   OK   PMC6694045.pdf
[grobid]   OK   PMC6694224.pdf
[grobid]   OK   PMC6694379.pdf
[grobid]   OK   PMC6697818.pdf
[grobid]   OK   PMC6697880.pdf
[grobid]   OK   PMC6699100.pdf
[grobid]   OK   PMC6699104.pdf
[grobid]   OK   PMC6699838.pdf
[grobid]   OK   PMC6699840.pdf
[grobid]   OK   PMC6701554.pdf
[grobid]   OK   PMC6702513.pdf
[grobid]   OK   PMC6705667.pdf
[grobid]   OK   PMC6708267.pdf
[grobid]   OK   PMC6710096.pdf
[grobid]   OK   PMC6715838.pdf
[grobid]   OK   PMC6716097.pdf
[grobid]   OK   PMC6717236.pdf
[grobid]   OK   PMC6717913.pdf
[grobid]   OK   PMC6718437.pdf
[grobid]   OK   PMC6718441.pdf
[grobid]   OK   PMC6725162.pdf
[grobid]   OK   PMC6725219.pdf
[grobid]   OK   PMC6725318.pdf
[grobid]   OK   PMC6725334.pdf
[grobid]   OK   PMC6725840.pdf
[grobid]   OK   PMC6726094.pdf
[grobid]   OK   PMC6726906.pdf
[grobid]   OK   PMC6726909.pdf
[grobid]   OK   PMC6729635.pdf
[grobid]   OK   PMC6730201.pdf
[grobid]   OK   PMC6730230.pdf
[grobid]   OK   PMC6730414.pdf
[grobid]   OK   PMC6730730.pdf
[grobid]   OK   PMC6730736.pdf
[grobid]   OK   PMC6731678.pdf
[grobid]   OK   PMC6732962.pdf
[grobid]   OK   PMC6733537.pdf
[grobid]   OK   PMC6735490.pdf
[grobid]   OK   PMC6738861.pdf
[grobid]   OK   PMC6738892.pdf
[grobid]   OK   PMC6740058.pdf
[grobid]   OK   PMC6740089.pdf
[grobid]   OK   PMC6740204.pdf
[grobid]   OK   PMC6740218.pdf
[grobid]   OK   PMC6740321.pdf
[grobid]   OK   PMC6740985.pdf
[grobid]   OK   PMC6741310.pdf
[grobid]   OK   PMC6741747.pdf
[grobid]   OK   PMC6743902.pdf
[grobid]   OK   PMC6744251.pdf
[grobid]   OK   PMC6745208.pdf
[grobid]   OK   PMC6748109.pdf
[grobid]   OK   PMC6748123.pdf
[grobid]   OK   PMC6748138.pdf
[grobid]   OK   PMC6757862.pdf
[grobid]   OK   PMC6758252.pdf
[grobid]   OK   PMC6762374.pdf
[grobid]   OK   PMC6763548.pdf
[grobid]   OK   PMC6765240.pdf
[grobid]   OK   PMC6765288.pdf
[grobid]   OK   PMC6765592.pdf
[grobid]   OK   PMC6765657.pdf
[grobid]   OK   PMC6768192.pdf
[grobid]   OK   PMC6768648.pdf
[grobid]   OK   PMC6772544.pdf
[grobid]   OK   PMC6772788.pdf
[grobid]   OK   PMC6773560.pdf
[grobid]   OK   PMC6776064.pdf
[grobid]   OK   PMC6777446.pdf
[grobid]   OK   PMC6778179.pdf
[grobid]   OK   PMC6779355.pdf
[grobid]   OK   PMC6786240.pdf
[grobid]   OK   PMC6786379.pdf
[grobid]   OK   PMC6786397.pdf
[grobid]   OK   PMC6789217.pdf
[grobid]   OK   PMC6789925.pdf
[grobid]   OK   PMC6791326.pdf
[grobid]   OK   PMC6792529.pdf
[grobid]   OK   PMC6792665.pdf
[grobid]   OK   PMC6792668.pdf
[grobid]   OK   PMC6793025.pdf
[grobid]   OK   PMC6793279.pdf
[grobid]   OK   PMC6793336.pdf
[grobid]   OK   PMC6796085.pdf
[grobid]   OK   PMC6797909.pdf
[grobid]   OK   PMC6801257.pdf
[grobid]   OK   PMC6806732.pdf
[grobid]   OK   PMC6807350.pdf
[grobid]   OK   PMC6818488.pdf
[grobid]   OK   PMC6819102.pdf
[grobid]   OK   PMC6819940.pdf
[grobid]   OK   PMC6822227.pdf
[grobid]   OK   PMC6827122.pdf
[grobid]   OK   PMC6834476.pdf
[grobid]   OK   PMC6834500.pdf
[grobid]   OK   PMC6835083.pdf
[grobid]   OK   PMC6837698.pdf
[grobid]   OK   PMC6837724.pdf
[grobid]   OK   PMC6844566.pdf
[grobid]   OK   PMC6851322.pdf
[grobid]   OK   PMC6854435.pdf
[grobid]   PMC6856969.pdf attempt 1/3: server or connection error -- [BAD_INPUT_DATA] PDF to XML conversion failed with error code: 1 -- retrying in 5s
[grobid]   PMC6856969.pdf attempt 2/3: server or connection error -- [BAD_INPUT_DATA] PDF to XML conversion failed with error code: 1 -- retrying in 10s
[grobid]   SKIP PMC6856969.pdf (server or connection error -- [BAD_INPUT_DATA] PDF to XML conversion failed with error code: 1)
[grobid]   OK   PMC6859523.pdf
[grobid]   OK   PMC6865103.pdf
[grobid]   OK   PMC6867955.pdf
[grobid]   OK   PMC6874635.pdf
[grobid]   OK   PMC6874942.pdf
[grobid]   OK   PMC6876243.pdf
[grobid]   OK   PMC6877321.pdf
[grobid]   OK   PMC6879347.pdf
[grobid]   OK   PMC6880908.pdf
[grobid]   OK   PMC6884416.pdf
[grobid]   OK   PMC6885076.pdf
[grobid]   OK   PMC6885680.pdf
[grobid]   OK   PMC6885734.pdf
[grobid]   OK   PMC6892176.pdf
[grobid]   OK   PMC6895534.pdf
[grobid]   OK   PMC6899084.pdf
[grobid]   OK   PMC6904804.pdf
[grobid]   OK   PMC6906928.pdf
[grobid]   OK   PMC6913166.pdf
[grobid]   OK   PMC6916469.pdf
[grobid]   OK   PMC6916484.pdf
[grobid]   OK   PMC6918927.pdf
[grobid]   OK   PMC6927084.pdf
[grobid]   OK   PMC6929387.pdf
[grobid]   OK   PMC6934201.pdf
[grobid]   OK   PMC6936584.pdf
[grobid]   OK   PMC6939485.pdf
[grobid]   OK   PMC6943454.pdf
[grobid]   OK   PMC6943475.pdf
[grobid]   OK   PMC6944134.pdf
[grobid]   OK   PMC6944169.pdf
[grobid]   OK   PMC6944232.pdf
[grobid]   OK   PMC6944396.pdf
[grobid]   OK   PMC6947043.pdf
[grobid]   OK   PMC6947125.pdf
[grobid]   OK   PMC6949650.pdf
[grobid]   OK   PMC6949759.pdf
[grobid]   OK   PMC6955246.pdf
[grobid]   OK   PMC6955308.pdf
[grobid]   OK   PMC6956542.pdf
[grobid]   OK   PMC6956625.pdf
[grobid]   OK   PMC6958033.pdf
[grobid]   OK   PMC6962025.pdf
[grobid]   OK   PMC6964743.pdf
[grobid]   OK   PMC6965211.pdf
[grobid]   OK   PMC6965253.pdf
[grobid]   OK   PMC6971491.pdf
[grobid]   OK   PMC6972232.pdf
[grobid]   OK   PMC6974639.pdf
[grobid]   OK   PMC6975264.pdf
[grobid]   OK   PMC6975275.pdf
[grobid]   OK   PMC6983421.pdf
[grobid]   OK   PMC6983842.pdf
[grobid]   OK   PMC6983870.pdf
[grobid]   OK   PMC6984455.pdf
[grobid]   OK   PMC6986556.pdf
[grobid]   OK   PMC6989953.pdf
[grobid]   OK   PMC6993542.pdf
[grobid]   OK   PMC6994143.pdf
[grobid]   OK   PMC6999622.pdf
[grobid]   OK   PMC7001498.pdf
[grobid]   OK   PMC7001501.pdf
[grobid]   OK   PMC7001721.pdf
[grobid]   OK   PMC7006249.pdf
[grobid]   OK   PMC7007556.pdf
[grobid]   OK   PMC7017011.pdf
[grobid]   OK   PMC7024714.pdf
[grobid]   OK   PMC7024754.pdf
[grobid]   OK   PMC7026323.pdf
[grobid]   OK   PMC7029106.pdf
[grobid]   OK   PMC7029112.pdf
[grobid]   OK   PMC7029124.pdf
[grobid]   OK   PMC7038245.pdf
[grobid]   OK   PMC7042720.pdf
[grobid]   OK   PMC7043228.pdf
[grobid]   OK   PMC7048076.pdf
[grobid]   OK   PMC7049170.pdf
[grobid]   OK   PMC7049979.pdf
[grobid]   OK   PMC7053225.pdf
[grobid]   OK   PMC7054021.pdf
[grobid]   OK   PMC7054667.pdf
[grobid]   OK   PMC7055700.pdf
[grobid]   OK   PMC7059048.pdf
[grobid]   OK   PMC7062155.pdf
[grobid]   OK   PMC7062164.pdf
[grobid]   OK   PMC7062190.pdf
[grobid]   OK   PMC7066572.pdf
[grobid]   OK   PMC7067327.pdf
[grobid]   OK   PMC7074923.pdf
[grobid]   OK   PMC7082882.pdf
[grobid]   OK   PMC7086012.pdf
[grobid]   OK   PMC7087334.pdf
[grobid]   OK   PMC7087405.pdf
[grobid]   OK   PMC7087864.pdf
[grobid]   OK   PMC7098369.pdf
[grobid]   OK   PMC7099164.pdf
[grobid]   OK   PMC7107814.pdf
[grobid]   OK   PMC7108587.pdf
[grobid]   OK   PMC7108920.pdf
[grobid]   OK   PMC7119442.pdf
[grobid]   OK   PMC7131397.pdf
[grobid]   OK   PMC7136350.pdf
[grobid]   OK   PMC7152765.pdf
[grobid]   OK   PMC7158922.pdf
[grobid]   OK   PMC7161545.pdf
[grobid]   OK   PMC7163140.pdf
[grobid]   OK   PMC7163934.pdf
[grobid]   OK   PMC7163944.pdf
[grobid]   OK   PMC7167764.pdf
[grobid]   OK   PMC7167977.pdf
[grobid]   OK   PMC7167978.pdf
[grobid]   OK   PMC7168489.pdf
[grobid]   OK   PMC7170522.pdf
[grobid]   OK   PMC7172563.pdf
[grobid]   OK   PMC7173885.pdf
[grobid]   OK   PMC7174887.pdf
[grobid]   OK   PMC7177490.pdf
[grobid]   OK   PMC7182913.pdf
[grobid]   OK   PMC7183447.pdf
[grobid]   OK   PMC7186178.pdf
[grobid]   OK   PMC7192978.pdf
[grobid]   OK   PMC7196117.pdf
[grobid]   OK   PMC7197893.pdf
[grobid]   OK   PMC7202207.pdf
[grobid]   OK   PMC7204190.pdf
[grobid]   OK   PMC7206070.pdf
[grobid]   OK   PMC7211987.pdf
[grobid]   OK   PMC7212636.pdf
[grobid]   OK   PMC7212645.pdf
[grobid]   OK   PMC7227970.pdf
[grobid]   OK   PMC7231597.pdf
[grobid]   OK   PMC7232636.pdf
[grobid]   OK   PMC7237828.pdf
[grobid]   OK   PMC7240083.pdf
[grobid]   OK   PMC7244748.pdf
[grobid]   OK   PMC7244760.pdf
[grobid]   OK   PMC7244772.pdf
[grobid]   OK   PMC7253027.pdf
[grobid]   OK   PMC7258822.pdf
[grobid]   OK   PMC7268787.pdf
[grobid]   OK   PMC7268930.pdf
[grobid]   OK   PMC7269352.pdf
[grobid]   OK   PMC7269572.pdf
[grobid]   OK   PMC7269774.pdf
[grobid]   OK   PMC7270040.pdf
[grobid]   OK   PMC7271702.pdf
[grobid]   OK   PMC7275855.pdf
[grobid]   OK   PMC7286995.pdf
[grobid]   OK   PMC7301773.pdf
[grobid]   OK   PMC7307190.pdf
[grobid]   OK   PMC7307208.pdf
[grobid]   OK   PMC7308049.pdf
[grobid]   OK   PMC7308059.pdf
[grobid]   OK   PMC7317150.pdf
[grobid]   OK   PMC7321965.pdf
[grobid]   OK   PMC7326884.pdf
[grobid]   OK   PMC7328052.pdf
[grobid]   OK   PMC7332662.pdf
[grobid]   OK   PMC7334519.pdf
[grobid]   OK   PMC7338084.pdf
[grobid]   OK   PMC7338910.pdf
[grobid]   OK   PMC7341789.pdf
[grobid]   OK   PMC7343198.pdf
[grobid]   OK   PMC7357451.pdf
[grobid]   OK   PMC7360963.pdf
[grobid]   OK   PMC7364332.pdf
[grobid]   OK   PMC7372066.pdf
[grobid]   OK   PMC7382248.pdf
[grobid]   OK   PMC7396830.pdf
[grobid]   OK   PMC7398776.pdf
[grobid]   OK   PMC7399654.pdf
[grobid]   OK   PMC7403662.pdf
[grobid]   OK   PMC7406265.pdf
[grobid]   OK   PMC7407720.pdf
[grobid]   OK   PMC7414476.pdf
[grobid]   OK   PMC7425658.pdf
[grobid]   OK   PMC7431801.pdf
[grobid]   OK   PMC7433440.pdf
[grobid]   OK   PMC7436314.pdf
[grobid]   OK   PMC7437079.pdf
[grobid]   OK   PMC7442362.pdf
[grobid]   OK   PMC7449205.pdf
[grobid]   OK   PMC7455369.pdf
[grobid]   OK   PMC7456248.pdf
[grobid]   OK   PMC7458807.pdf
[grobid]   OK   PMC7461670.pdf
[grobid]   OK   PMC7467275.pdf
[grobid]   OK   PMC7469607.pdf
[grobid]   OK   PMC7469640.pdf
[grobid]   OK   PMC7472444.pdf
[grobid]   OK   PMC7489259.pdf
[grobid]   OK   PMC7504918.pdf
[grobid]   OK   PMC7504921.pdf
[grobid]   OK   PMC7507454.pdf
[grobid]   OK   PMC7519027.pdf
[grobid]   OK   PMC7519310.pdf
[grobid]   OK   PMC7524318.pdf
[grobid]   OK   PMC7526745.pdf
[grobid]   OK   PMC7527047.pdf
[grobid]   OK   PMC7534609.pdf
[grobid]   OK   PMC7536658.pdf
[grobid]   OK   PMC7539791.pdf
[grobid]   OK   PMC7540099.pdf
[grobid]   OK   PMC7544591.pdf
[grobid]   OK   PMC7544785.pdf
[grobid]   OK   PMC7549041.pdf
[grobid]   OK   PMC7549256.pdf
[grobid]   OK   PMC7556136.pdf
[grobid]   OK   PMC7586232.pdf
[grobid]   OK   PMC7594567.pdf
[grobid]   OK   PMC7598081.pdf
[grobid]   OK   PMC7603861.pdf
[grobid]   OK   PMC7605424.pdf
[grobid]   OK   PMC7606674.pdf
[grobid]   OK   PMC7606676.pdf
[grobid]   OK   PMC7606682.pdf
[grobid]   OK   PMC7606694.pdf
[grobid]   OK   PMC7612835.pdf
[grobid]   OK   PMC7645715.pdf
[grobid]   OK   PMC7649832.pdf
[grobid]   OK   PMC7650246.pdf
[grobid]   OK   PMC7652000.pdf
[grobid]   OK   PMC7652403.pdf
[grobid]   OK   PMC7652979.pdf
[grobid]   OK   PMC7654254.pdf
[grobid]   OK   PMC7657150.pdf
[grobid]   OK   PMC7657171.pdf
[grobid]   OK   PMC7657173.pdf
[grobid]   OK   PMC7659238.pdf
[grobid]   OK   PMC7659255.pdf
[grobid]   OK   PMC7667965.pdf
[grobid]   OK   PMC7667980.pdf
[grobid]   OK   PMC7668072.pdf
[grobid]   OK   PMC7671067.pdf
[grobid]   OK   PMC7679968.pdf
[grobid]   OK   PMC7680500.pdf
[grobid]   OK   PMC7682348.pdf
[grobid]   OK   PMC7695790.pdf
[grobid]   OK   PMC7704235.pdf
[grobid]   OK   PMC7705315.pdf
[grobid]   OK   PMC7705317.pdf
[grobid]   OK   PMC7706405.pdf
[grobid]   OK   PMC7709563.pdf
[grobid]   OK   PMC7724337.pdf
[grobid]   OK   PMC7724343.pdf
[grobid]   OK   PMC7724356.pdf
[grobid]   OK   PMC7726809.pdf
[grobid]   OK   PMC7737612.pdf
[grobid]   OK   PMC7739945.pdf
[grobid]   OK   PMC7751562.pdf
[grobid]   OK   PMC7755007.pdf
[grobid]   OK   PMC7762938.pdf
[grobid]   OK   PMC7773399.pdf
[grobid]   OK   PMC7777082.pdf
[grobid]   OK   PMC7797218.pdf
[grobid]   OK   PMC7799395.pdf
[grobid]   OK   PMC7805327.pdf
[grobid]   OK   PMC7808165.pdf
[grobid]   OK   PMC7810477.pdf
[grobid]   OK   PMC7818895.pdf
[grobid]   OK   PMC7822972.pdf
[grobid]   OK   PMC7842574.pdf
[grobid]   OK   PMC7843730.pdf
[grobid]   OK   PMC7847502.pdf
[grobid]   OK   PMC7851687.pdf
[grobid]   OK   PMC7853148.pdf
[grobid]   OK   PMC7853990.pdf
[grobid]   OK   PMC7854061.pdf
[grobid]   OK   PMC7854111.pdf
[grobid]   OK   PMC7854219.pdf
[grobid]   OK   PMC7854249.pdf
[grobid]   OK   PMC7863136.pdf
[grobid]   OK   PMC7865065.pdf
[grobid]   OK   PMC7884645.pdf
[grobid]   OK   PMC7885191.pdf
[grobid]   OK   PMC7888576.pdf
[grobid]   OK   PMC7898955.pdf
[grobid]   OK   PMC7898957.pdf
[grobid]   OK   PMC7904292.pdf
[grobid]   OK   PMC7910391.pdf
[grobid]   OK   PMC7917554.pdf
[grobid]   OK   PMC7919728.pdf
[grobid]   OK   PMC7919729.pdf
[grobid]   OK   PMC7921136.pdf
[grobid]   OK   PMC7921416.pdf
[grobid]   OK   PMC7934147.pdf
[grobid]   OK   PMC7934633.pdf
[grobid]   OK   PMC7937690.pdf
[grobid]   OK   PMC7952926.pdf
[grobid]   OK   PMC7954605.pdf
[grobid]   OK   PMC7967702.pdf
[grobid]   OK   PMC7967792.pdf
[grobid]   OK   PMC7967859.pdf
[grobid]   OK   PMC7980377.pdf
[grobid]   OK   PMC7980432.pdf
[grobid]   OK   PMC7983506.pdf
[grobid]   OK   PMC7993096.pdf
[grobid]   OK   PMC7993111.pdf
[grobid]   OK   PMC8008100.pdf
[grobid]   OK   PMC8011900.pdf
[grobid]   OK   PMC8023541.pdf
[grobid]   OK   PMC8024370.pdf
[grobid]   OK   PMC8025004.pdf
[grobid]   OK   PMC8027037.pdf
[grobid]   OK   PMC8027461.pdf
[grobid]   OK   PMC8027887.pdf
[grobid]   OK   PMC8028334.pdf
[grobid]   OK   PMC8032501.pdf
[grobid]   OK   PMC8040860.pdf
[grobid]   OK   PMC8041338.pdf
[grobid]   OK   PMC8041462.pdf
[grobid]   OK   PMC8054017.pdf
[grobid]   OK   PMC8054202.pdf
[grobid]   OK   PMC8055072.pdf
[grobid]   OK   PMC8057644.pdf
[grobid]   OK   PMC8064001.pdf
[grobid]   OK   PMC8075847.pdf
[grobid]   OK   PMC8076386.pdf
[grobid]   OK   PMC8077008.pdf
[grobid]   OK   PMC8078696.pdf
[grobid]   OK   PMC8078708.pdf
[grobid]   OK   PMC8078748.pdf
[grobid]   OK   PMC8086037.pdf
[grobid]   OK   PMC8086980.pdf
[grobid]   OK   PMC8091039.pdf
[grobid]   OK   PMC8094935.pdf
[grobid]   OK   PMC8095145.pdf
[grobid]   OK   PMC8095889.pdf
[grobid]   OK   PMC8097382.pdf
[grobid]   OK   PMC8098111.pdf
[grobid]   OK   PMC8098214.pdf
[grobid]   OK   PMC8098266.pdf
[grobid]   OK   PMC8098507.pdf
[grobid]   OK   PMC8104999.pdf
[grobid]   OK   PMC8110641.pdf
[grobid]   OK   PMC8115170.pdf
[grobid]   OK   PMC8115265.pdf
[grobid]   OK   PMC8115282.pdf
[grobid]   OK   PMC8128379.pdf
[grobid]   OK   PMC8139658.pdf
[grobid]   OK   PMC8142111.pdf
[grobid]   OK   PMC8161643.pdf
[grobid]   OK   PMC8166345.pdf
[grobid]   OK   PMC8167679.pdf
[grobid]   OK   PMC8172154.pdf
[grobid]   OK   PMC8190323.pdf
[grobid]   OK   PMC8195306.pdf
[grobid]   OK   PMC8200338.pdf
[grobid]   OK   PMC8201894.pdf
[grobid]   OK   PMC8203463.pdf
[grobid]   OK   PMC8205016.pdf
[grobid]   OK   PMC8208114.pdf
[grobid]   OK   PMC8214635.pdf
[grobid]   OK   PMC8214864.pdf
[grobid]   OK   PMC8214965.pdf
[grobid]   OK   PMC8219359.pdf
[grobid]   OK   PMC8223945.pdf
[grobid]   OK   PMC8227825.pdf
[grobid]   OK   PMC8238457.pdf
[grobid]   OK   PMC8240041.pdf
[grobid]   OK   PMC8240042.pdf
[grobid]   OK   PMC8245604.pdf
[grobid]   OK   PMC8259684.pdf
[grobid]   OK   PMC8260258.pdf
[grobid]   OK   PMC8262387.pdf
[grobid]   OK   PMC8263512.pdf
[grobid]   OK   PMC8263689.pdf
[grobid]   OK   PMC8266916.pdf
[grobid]   OK   PMC8267979.pdf
[grobid]   OK   PMC8267986.pdf
[grobid]   OK   PMC8275320.pdf
[grobid]   OK   PMC8286887.pdf
[grobid]   OK   PMC8312696.pdf
[grobid]   OK   PMC8319262.pdf
[grobid]   OK   PMC8321573.pdf
[grobid]   OK   PMC8322802.pdf
[grobid]   OK   PMC8326582.pdf
[grobid]   OK   PMC8329176.pdf
[grobid]   OK   PMC8329179.pdf
[grobid]   OK   PMC8342301.pdf
[grobid]   OK   PMC8364163.pdf
[grobid]   OK   PMC8370247.pdf
[grobid]   OK   PMC8370333.pdf
[grobid]   OK   PMC8376244.pdf
[grobid]   OK   PMC8379536.pdf
[grobid]   OK   PMC8379939.pdf
[grobid]   OK   PMC8387865.pdf
[grobid]   OK   PMC8403922.pdf
[grobid]   OK   PMC8404698.pdf
[grobid]   OK   PMC8409104.pdf
[grobid]   OK   PMC8409593.pdf
[grobid]   OK   PMC84186.pdf
[grobid]   OK   PMC8423985.pdf
[grobid]   OK   PMC8433522.pdf
[grobid]   OK   PMC8440721.pdf
[grobid]   OK   PMC8441765.pdf
[grobid]   OK   PMC8443461.pdf
[grobid]   OK   PMC8449403.pdf
[grobid]   OK   PMC8453408.pdf
[grobid]   OK   PMC8453811.pdf
[grobid]   OK   PMC8475545.pdf
[grobid]   OK   PMC8479802.pdf
[grobid]   OK   PMC8481335.pdf
[grobid]   OK   PMC8485216.pdf
[grobid]   OK   PMC8488568.pdf
[grobid]   OK   PMC8490991.pdf
[grobid]   OK   PMC8496541.pdf
[grobid]   OK   PMC84974.pdf
[grobid]   OK   PMC8500104.pdf
[grobid]   OK   PMC85138.pdf
[grobid]   OK   PMC8516455.pdf
[grobid]   OK   PMC8524771.pdf
[grobid]   OK   PMC8525871.pdf
[grobid]   OK   PMC8526010.pdf
[grobid]   OK   PMC8526037.pdf
[grobid]   OK   PMC8526740.pdf
[grobid]   OK   PMC8536338.pdf
[grobid]   OK   PMC8536367.pdf
[grobid]   OK   PMC8545495.pdf
[grobid]   OK   PMC8548000.pdf
[grobid]   OK   PMC85510.pdf
[grobid]   OK   PMC8553561.pdf
[grobid]   OK   PMC8557656.pdf
[grobid]   OK   PMC8557681.pdf
[grobid]   OK   PMC8558076.pdf
[grobid]   OK   PMC8564510.pdf
[grobid]   OK   PMC8581107.pdf
[grobid]   OK   PMC8583002.pdf
[grobid]   OK   PMC8583053.pdf
[grobid]   OK   PMC8592551.pdf
[grobid]   OK   PMC85938.pdf
[grobid]   OK   PMC8598381.pdf
[grobid]   OK   PMC8599307.pdf
[grobid]   OK   PMC8599782.pdf
[grobid]   OK   PMC86037.pdf
[grobid]   OK   PMC8617124.pdf
[grobid]   OK   PMC8617522.pdf
[grobid]   OK   PMC86192.pdf
[grobid]   OK   PMC86274.pdf
[grobid]   OK   PMC8632120.pdf
[grobid]   OK   PMC8632311.pdf
[grobid]   OK   PMC8632332.pdf
[grobid]   OK   PMC8632345.pdf
[grobid]   OK   PMC8632980.pdf
[grobid]   OK   PMC8634484.pdf
[grobid]   OK   PMC86367.pdf
[grobid]   OK   PMC8640798.pdf
[grobid]   OK   PMC86483.pdf
[grobid]   OK   PMC8651639.pdf
[grobid]   OK   PMC8661231.pdf
[grobid]   OK   PMC8661700.pdf
[grobid]   OK   PMC8675068.pdf
[grobid]   OK   PMC8676371.pdf
[grobid]   OK   PMC8676569.pdf
[grobid]   OK   PMC8685347.pdf
[grobid]   OK   PMC86931.pdf
[grobid]   OK   PMC86999.pdf
[grobid]   OK   PMC87014.pdf
[grobid]   OK   PMC87092.pdf
[grobid]   OK   PMC8715183.pdf
[grobid]   OK   PMC8718257.pdf
[grobid]   OK   PMC8724339.pdf
[grobid]   OK   PMC8730313.pdf
[grobid]   OK   PMC8730496.pdf
[grobid]   OK   PMC8733440.pdf
[grobid]   OK   PMC8737104.pdf
[grobid]   OK   PMC8751285.pdf
[grobid]   OK   PMC8755484.pdf
[grobid]   OK   PMC8759809.pdf
[grobid]   OK   PMC87628.pdf
[grobid]   OK   PMC8764202.pdf
[grobid]   OK   PMC8765277.pdf
[grobid]   OK   PMC8785762.pdf
[grobid]   OK   PMC8792041.pdf
[grobid]   OK   PMC8804821.pdf
[grobid]   OK   PMC8804900.pdf
[grobid]   OK   PMC88100.pdf
[grobid]   OK   PMC8815749.pdf
[grobid]   OK   PMC8819995.pdf
[grobid]   OK   PMC8821931.pdf
[grobid]   OK   PMC8837235.pdf
[grobid]   OK   PMC88458.pdf
[grobid]   OK   PMC8860387.pdf
[grobid]   OK   PMC8863424.pdf
[grobid]   OK   PMC8866804.pdf
[grobid]   OK   PMC8882786.pdf
[grobid]   OK   PMC8884395.pdf
[grobid]   OK   PMC8891419.pdf
[grobid]   OK   PMC88967.pdf
[grobid]   OK   PMC8897533.pdf
[grobid]   OK   PMC8899558.pdf
[grobid]   OK   PMC8900003.pdf
[grobid]   OK   PMC8901404.pdf
[grobid]   OK   PMC8901931.pdf
[grobid]   OK   PMC8914282.pdf
[grobid]   OK   PMC8931928.pdf
[grobid]   OK   PMC89378.pdf
[grobid]   OK   PMC8941913.pdf
[grobid]   OK   PMC8942210.pdf
[grobid]   OK   PMC8953106.pdf
[grobid]   OK   PMC8963303.pdf
[grobid]   OK   PMC89637.pdf
[grobid]   OK   PMC8967389.pdf
[grobid]   OK   PMC89682.pdf
[grobid]   OK   PMC8969132.pdf
[grobid]   OK   PMC8971008.pdf
[grobid]   OK   PMC89717.pdf
[grobid]   OK   PMC8972231.pdf
[grobid]   OK   PMC8976429.pdf
[grobid]   OK   PMC8982120.pdf
[grobid]   OK   PMC8991113.pdf
[grobid]   OK   PMC8995215.pdf
[grobid]   OK   PMC8997250.pdf
[grobid]   OK   PMC9002246.pdf
[grobid]   OK   PMC90153.pdf
[grobid]   OK   PMC9017150.pdf
[grobid]   OK   PMC9017341.pdf
[grobid]   OK   PMC90189.pdf
[grobid]   OK   PMC90254.pdf
[grobid]   OK   PMC90266.pdf
[grobid]   OK   PMC9034896.pdf
[grobid]   OK   PMC9044136.pdf
[grobid]   OK   PMC9052316.pdf
[grobid]   OK   PMC9052324.pdf
[grobid]   OK   PMC9054184.pdf
[grobid]   OK   PMC9054193.pdf
[grobid]   OK   PMC9077318.pdf
[grobid]   OK   PMC9077476.pdf
[grobid]   OK   PMC9085945.pdf
[grobid]   OK   PMC9088312.pdf
[grobid]   OK   PMC9088359.pdf
[grobid]   OK   PMC9088601.pdf
[grobid]   OK   PMC90982.pdf
[grobid]   OK   PMC9118103.pdf
[grobid]   OK   PMC9156967.pdf
[grobid]   OK   PMC9171286.pdf
[grobid]   OK   PMC9181361.pdf
[grobid]   OK   PMC9183961.pdf
[grobid]   OK   PMC9197702.pdf
[grobid]   OK   PMC9198229.pdf
[grobid]   OK   PMC9199843.pdf
[grobid]   OK   PMC9215193.pdf
[grobid]   OK   PMC9245530.pdf
[grobid]   OK   PMC9247136.pdf
[grobid]   OK   PMC9247849.pdf
[grobid]   OK   PMC92518.pdf
[grobid]   OK   PMC92547.pdf
[grobid]   OK   PMC9257353.pdf
[grobid]   OK   PMC9262395.pdf
[grobid]   OK   PMC9296642.pdf
[grobid]   OK   PMC9298447.pdf
[grobid]   OK   PMC9309056.pdf
[grobid]   OK   PMC93160.pdf
[grobid]   OK   PMC9327702.pdf
[grobid]   OK   PMC9339329.pdf
[grobid]   OK   PMC9339335.pdf
[grobid]   OK   PMC9388709.pdf
[grobid]   OK   PMC9396941.pdf
[grobid]   OK   PMC9411309.pdf
[grobid]   OK   PMC94114.pdf
[grobid]   OK   PMC9412175.pdf
[grobid]   OK   PMC9420658.pdf
[grobid]   OK   PMC9423849.pdf
[grobid]   OK   PMC9428567.pdf
[grobid]   OK   PMC9434186.pdf
[grobid]   OK   PMC9435503.pdf
[grobid]   OK   PMC9442012.pdf
[grobid]   OK   PMC9450983.pdf
[grobid]   OK   PMC9466640.pdf
[grobid]   OK   PMC9483609.pdf
[grobid]   OK   PMC94952.pdf
[grobid]   OK   PMC9506982.pdf
[grobid]   OK   PMC9516223.pdf
[grobid]   OK   PMC9518993.pdf
[grobid]   OK   PMC9532473.pdf
[grobid]   OK   PMC9532483.pdf
[grobid]   OK   PMC9538604.pdf
[grobid]   OK   PMC9542630.pdf
[grobid]   OK   PMC9542738.pdf
[grobid]   OK   PMC9542960.pdf
[grobid]   OK   PMC9543161.pdf
[grobid]   OK   PMC9548009.pdf
[grobid]   OK   PMC9556501.pdf
[grobid]   OK   PMC9578141.pdf
[grobid]   OK   PMC9585394.pdf
[grobid]   OK   PMC9586659.pdf
[grobid]   OK   PMC9590506.pdf
[grobid]   OK   PMC9614685.pdf
[grobid]   OK   PMC9616994.pdf
[grobid]   OK   PMC9617620.pdf
[grobid]   OK   PMC9622814.pdf
[grobid]   OK   PMC9623572.pdf
[grobid]   OK   PMC9630087.pdf
[grobid]   OK   PMC9635534.pdf
[grobid]   OK   PMC9638873.pdf
[grobid]   OK   PMC9641465.pdf
[grobid]   OK   PMC9667766.pdf
[grobid]   OK   PMC9669894.pdf
[grobid]   OK   PMC9689771.pdf
[grobid]   OK   PMC9700543.pdf
[grobid]   OK   PMC9703810.pdf
[grobid]   OK   PMC9703942.pdf
[grobid]   OK   PMC97116.pdf
[grobid]   OK   PMC9712611.pdf
[grobid]   OK   PMC9741690.pdf
[grobid]   OK   PMC9742785.pdf
[grobid]   OK   PMC9749958.pdf
[grobid]   OK   PMC9751240.pdf
[grobid]   OK   PMC9753634.pdf
[grobid]   OK   PMC9759326.pdf
[grobid]   OK   PMC97595.pdf
[grobid]   OK   PMC97606.pdf
[grobid]   OK   PMC9761529.pdf
[grobid]   OK   PMC9761804.pdf
[grobid]   OK   PMC9763963.pdf
[grobid]   OK   PMC9765132.pdf
[grobid]   OK   PMC9765315.pdf
[grobid]   OK   PMC9768086.pdf
[grobid]   OK   PMC9769370.pdf
[grobid]   OK   PMC9772401.pdf
[grobid]   OK   PMC9802053.pdf
[grobid]   OK   PMC9802420.pdf
[grobid]   OK   PMC9809930.pdf
[grobid]   OK   PMC9809936.pdf
[grobid]   OK   PMC9809963.pdf
[grobid]   OK   PMC9815096.pdf
[grobid]   OK   PMC98177.pdf
[grobid]   OK   PMC9817909.pdf
[grobid]   OK   PMC9817916.pdf
[grobid]   OK   PMC9837833.pdf
[grobid]   OK   PMC9838111.pdf
[grobid]   OK   PMC98390.pdf
[grobid]   OK   PMC9841326.pdf
[grobid]   OK   PMC9851259.pdf
[grobid]   OK   PMC9851263.pdf
[grobid]   OK   PMC9875355.pdf
[grobid]   OK   PMC9878421.pdf
[grobid]   OK   PMC9879120.pdf
[grobid]   OK   PMC9886705.pdf
[grobid]   OK   PMC9891487.pdf
[grobid]   OK   PMC9896631.pdf
[grobid]   OK   PMC9900345.pdf
[grobid]   OK   PMC99015.pdf
[grobid]   OK   PMC99031.pdf
[grobid]   OK   PMC99165.pdf
[grobid]   OK   PMC9922624.pdf
[grobid]   OK   PMC9923537.pdf
[grobid]   OK   PMC9924768.pdf
[grobid]   OK   PMC9924784.pdf
[grobid]   OK   PMC9933687.pdf
[grobid]   OK   PMC9935092.pdf
[grobid]   OK   PMC9950443.pdf
[grobid]   OK   PMC99563.pdf
[grobid]   OK   PMC9968864.pdf
[grobid]   OK   PMC99799.pdf
[grobid]   OK   PMC9984992.pdf
[grobid]   OK   PMC9986020.pdf
[grobid]   OK   PMC99868.pdf
[grobid]   OK   PMC9992997.pdf
[grobid]   OK   PMC9998846.pdf
[grobid] done: 6186 converted, 0 skipped (already done), 5 failed/empty
[grobid] 5 not converted this pass (re-run to retry):
[grobid]     - PMC12769053.pdf: server or connection error -- [NO_BLOCKS] PDF parsing resulted in empty content
[grobid]     - PMC12814365.pdf: server or connection error -- [NO_BLOCKS] PDF parsing resulted in empty content
[grobid]     - PMC13227915.pdf: server or connection error -- [BAD_INPUT_DATA] PDF to XML conversion failed with error code: 1
[grobid]     - PMC5918718.pdf: server or connection error -- [NO_BLOCKS] PDF parsing resulted in empty content
[grobid]     - PMC6856969.pdf: server or connection error -- [BAD_INPUT_DATA] PDF to XML conversion failed with error code: 1
[summary] wrote C:\Users\mehis\PythonProject\tca_etc\summaries\grobid_xml.html (6186/6191 converted)
