[orchestrator] no local archive at C:\Users\mehis\xmls -- skipping steps 1b/6b; every selected article will be downloaded
======================================================================
[step 4 of 10] ncbi_pdf.py
======================================================================
Loaded 7173 no-<body> PMC*.xml records from C:\Users\mehis\PythonProject\tca_etc\high_impact_xmls
Already have 1000 PDFs; 213 previously failed (skipped); 5960 remaining to try

Step 1: Resolving 5960 PMCIDs -> PMIDs + DOIs...
  Batch 1-200: 200 PMIDs, 187 DOIs
  Batch 201-400: 200 PMIDs, 159 DOIs
  Batch 401-600: 200 PMIDs, 164 DOIs
  Batch 601-800: 200 PMIDs, 172 DOIs
  Batch 801-1000: 200 PMIDs, 198 DOIs
  Batch 1001-1200: 200 PMIDs, 196 DOIs
  Batch 1201-1400: 200 PMIDs, 197 DOIs
  Batch 1401-1600: 200 PMIDs, 197 DOIs
  Batch 1601-1800: 200 PMIDs, 198 DOIs
  Error in ID conversion batch 1801: 429 Client Error: Too Many Requests for url: https://pmc.ncbi.nlm.nih.gov/tools/idconv/api/v1/articles/?ids=PMC30634%2CPMC3063991%2CPMC3064192%2CPMC3064337%2CPMC3064839%2CPMC3065730%2CPMC3067405%2CPMC3067407%2CPMC3067410%2CPMC3067791%2CPMC3068193%2CPMC3069780%2CPMC3070475%2CPMC3070934%2CPMC3071907%2CPMC3071910%2CPMC3071914%2CPMC3072732%2CPMC307353%2CPMC3074946%2CPMC3076767%2CPMC3076817%2CPMC3077591%2CPMC3077619%2CPMC3078437%2CPMC3078493%2CPMC3081016%2CPMC3081029%2CPMC3081440%2CPMC3083130%2CPMC3083616%2CPMC3084393%2CPMC3085737%2CPMC3087090%2CPMC308782%2CPMC3088254%2CPMC3088601%2CPMC308871%2CPMC3088978%2CPMC3089799%2CPMC3090233%2CPMC3091095%2CPMC3091189%2CPMC3091243%2CPMC309129%2CPMC3091622%2CPMC3092255%2CPMC3092339%2CPMC309332%2CPMC3093886%2CPMC309584%2CPMC3095929%2CPMC3096496%2CPMC3097938%2CPMC3098031%2CPMC3098580%2CPMC3099655%2CPMC310033%2CPMC310046%2CPMC310070%2CPMC3101437%2CPMC3101619%2CPMC310185%2CPMC3102401%2CPMC3104035%2CPMC3104569%2CPMC310667%2CPMC3107025%2CPMC3108827%2CPMC3109040%2CPMC3109459%2CPMC3109639%2CPMC3110039%2CPMC3110098%2CPMC311011%2CPMC311073%2CPMC3110892%2CPMC311116%2CPMC3111326%2CPMC3113344%2CPMC3115590%2CPMC3115682%2CPMC3116618%2CPMC3117136%2CPMC31175%2CPMC3117655%2CPMC312090%2CPMC3121467%2CPMC3121469%2CPMC3121529%2CPMC3121847%2CPMC3121977%2CPMC3122230%2CPMC3122232%2CPMC3122247%2CPMC3123095%2CPMC3124067%2CPMC3125551%2CPMC3126314%2CPMC3127430%2CPMC3127548%2CPMC3127659%2CPMC3127672%2CPMC312863%2CPMC3129172%2CPMC3129826%2CPMC3130946%2CPMC3131042%2CPMC3131046%2CPMC3131902%2CPMC3133352%2CPMC313499%2CPMC313527%2CPMC3135289%2CPMC3135809%2CPMC3136128%2CPMC3136948%2CPMC313696%2CPMC3138298%2CPMC313834%2CPMC3139936%2CPMC3141935%2CPMC3141972%2CPMC3142456%2CPMC3142461%2CPMC3142605%2CPMC3143606%2CPMC3143618%2CPMC3143660%2CPMC3144427%2CPMC3145710%2CPMC3146253%2CPMC3146743%2CPMC3147283%2CPMC3147603%2CPMC3147940%2CPMC3148702%2CPMC3148737%2CPMC3148911%2CPMC3149179%2CPMC3151428%2CPMC3154420%2CPMC3156045%2CPMC315672%2CPMC3157683%2CPMC3158009%2CPMC3158019%2CPMC3158163%2CPMC3158801%2CPMC3159084%2CPMC3160254%2CPMC3163237%2CPMC3164363%2CPMC3164442%2CPMC3165121%2CPMC3165718%2CPMC3165779%2CPMC3165936%2CPMC3166200%2CPMC3168292%2CPMC3169127%2CPMC3169687%2CPMC3170853%2CPMC3171862%2CPMC3173085%2CPMC3173122%2CPMC3173137%2CPMC3173144%2CPMC3173179%2CPMC3173181%2CPMC3174335%2CPMC3174570%2CPMC3174580%2CPMC3174652%2CPMC3175971%2CPMC3177020%2CPMC3179038%2CPMC3179067%2CPMC3179382%2CPMC317969%2CPMC3180031%2CPMC3180189%2CPMC3180190%2CPMC3181340%2CPMC318262%2CPMC3182683%2CPMC318375%2CPMC3183843%2CPMC3186194%2CPMC3186302%2CPMC3186354%2CPMC3186377%2CPMC3186397%2CPMC3186714%2CPMC3186722%2CPMC3186728%2CPMC3187898%2CPMC3188620%2CPMC318915%2CPMC3189519&format=json&tool=ncbi_pdf&email=your-email%40example.com
  Batch 1801-2000: 0 PMIDs, 0 DOIs
  Batch 2001-2200: 200 PMIDs, 198 DOIs
  Batch 2201-2400: 200 PMIDs, 198 DOIs
  Batch 2401-2600: 200 PMIDs, 198 DOIs
  Batch 2601-2800: 200 PMIDs, 197 DOIs
  Batch 2801-3000: 200 PMIDs, 195 DOIs
  Batch 3001-3200: 200 PMIDs, 193 DOIs
  Batch 3201-3400: 200 PMIDs, 189 DOIs
  Batch 3401-3600: 200 PMIDs, 177 DOIs
  Batch 3601-3800: 200 PMIDs, 185 DOIs
  Batch 3801-4000: 200 PMIDs, 194 DOIs
  Batch 4001-4200: 200 PMIDs, 194 DOIs
  Batch 4201-4400: 200 PMIDs, 197 DOIs
  Batch 4401-4600: 200 PMIDs, 196 DOIs
  Batch 4601-4800: 200 PMIDs, 197 DOIs
  Batch 4801-5000: 200 PMIDs, 189 DOIs
  Batch 5001-5200: 200 PMIDs, 196 DOIs
  Batch 5201-5400: 200 PMIDs, 185 DOIs
  Batch 5401-5600: 200 PMIDs, 191 DOIs
  Batch 5601-5800: 200 PMIDs, 194 DOIs
  Batch 5801-5960: 160 PMIDs, 155 DOIs
Found 7173 PMIDs, 6850 DOIs

Step 2: Downloading PDFs (PMC PoW -> OpenAlex -> CrossRef)...
  [1/5960] PMC136318 PMID:12072509 doi:10.1128/JVI.76.14.7094-7102.2002... OK (571 KB) [pmc_pow]
  [2/5960] PMC136348 PMID:12097596 doi:10.1128/JVI.76.15.7843-7854.2002... OK (4168 KB) [pmc_pow]
  [3/5960] PMC136431 PMID:12186923 doi:10.1128/JVI.76.18.9407-9419.2002... OK (3113 KB) [pmc_pow]
  [4/5960] PMC1366829 PMID:16100270 doi:10.1529/biophysj.105.067223... OK (127 KB) [pmc_pow]
  [5/5960] PMC1366874 PMID:16436719 doi:10.1128/AAC.50.2.625-631.2006... OK (121 KB) [pmc_pow]
  [6/5960] PMC136811 PMID:11752170 doi:10.1128/JVI.76.2.802-816.2002... OK (3965 KB) [pmc_pow]
  [7/5960] PMC1369163 PMID:16113651 doi:10.1038/sj.embor.7400488... OK (537 KB) [pmc_pow]
  [8/5960] PMC136959 PMID:12456664 doi:10.1093/emboj/cdf656... OK (354 KB) [pmc_pow]
  [9/5960] PMC1369627 PMID:9630247 no DOI... OK (580 KB) [pmc_pow]
  [10/5960] PMC1369830 PMID:10445881 doi:10.1017/s1355838299981803... OK (630 KB) [pmc_pow]
  [11/5960] PMC1370008 PMID:11073213 doi:10.1017/s1355838200001047... OK (5195 KB) [pmc_pow]
  [12/5960] PMC1370574 PMID:15100439 doi:10.1261/rna.5267604... OK (341 KB) [pmc_pow]
  [13/5960] PMC1370715 PMID:15701731 doi:10.1261/rna.7143305... OK (189 KB) [pmc_pow]
  [14/5960] PMC1370743 PMID:15840810 doi:10.1261/rna.7246805... OK (290 KB) [pmc_pow]
  [15/5960] PMC1370769 PMID:15872185 doi:10.1261/rna.2210805... OK (153 KB) [pmc_pow]
  [16/5960] PMC137141 PMID:12384588 doi:10.1093/nar/gkf577... OK (321 KB) [pmc_pow]
  [17/5960] PMC137500 PMID:12417755 doi:10.1073/pnas.192585799... OK (497 KB) [pmc_pow]
  [18/5960] PMC1376892 PMID:9463323 doi:10.1086/301716... OK (1141 KB) [pmc_pow]
  [19/5960] PMC1377051 PMID:9529371 doi:10.1086/301813... FAIL [all_failed]
  [20/5960] PMC1377234 PMID:9634511 doi:10.1086/301910... OK (736 KB) [pmc_pow]
  [21/5960] PMC1377311 PMID:9683601 doi:10.1086/301970... OK (431 KB) [pmc_pow]
  [22/5960] PMC1377397 PMID:9718339 doi:10.1086/302009... FAIL [all_failed]
  [23/5960] PMC137755 PMID:12438653 doi:10.1073/pnas.242614799... OK (450 KB) [pmc_pow]
  [24/5960] PMC1377632 PMID:9837813 doi:10.1086/302150... OK (1138 KB) [pmc_pow]
  [25/5960] PMC1377654 PMID:9837835 doi:10.1086/302133... OK (427 KB) [pmc_pow]
  [26/5960] PMC1377722 PMID:9915963 doi:10.1086/302204... OK (623 KB) [pmc_pow]
  [27/5960] PMC1377723 PMID:9915964 doi:10.1086/302197... OK (291 KB) [pmc_pow]
  [28/5960] PMC137781 PMID:12438693 doi:10.1073/pnas.232454299... OK (115 KB) [pmc_pow]
  [29/5960] PMC1377894 PMID:10330338 doi:10.1086/302432... OK (140 KB) [pmc_pow]
  [30/5960] PMC1377930 PMID:10417274 doi:10.1086/302492... OK (328 KB) [pmc_pow]
  [31/5960] PMC1377967 PMID:10441567 doi:10.1086/302546... OK (3021 KB) [pmc_pow]
  [32/5960] PMC1378010 PMID:10756141 doi:10.1086/302902... OK (1399 KB) [pmc_pow]
  [33/5960] PMC1378018 PMID:10762545 doi:10.1086/302910... OK (203 KB) [pmc_pow]
  [34/5960] PMC1378040 PMID:10775530 doi:10.1086/302927... OK (466 KB) [pmc_pow]
  [35/5960] PMC1378050 PMID:10788333 doi:10.1086/302914... OK (186 KB) [pmc_pow]
  [36/5960] PMC137843 PMID:12393814 doi:10.1073/pnas.222539699... FAIL [all_failed]
  [37/5960] PMC137891 PMID:12391322 doi:10.1073/pnas.202445099... OK (342 KB) [pmc_pow]
  [38/5960] PMC137893 PMID:12379743 doi:10.1073/pnas.212327899... OK (325 KB) [pmc_pow]
  [39/5960] PMC137961 PMID:12466530 doi:10.1093/nar/gkf647... OK (325 KB) [pmc_pow]
  [40/5960] PMC1382330 PMID:16407407 doi:10.1091/mbc.E05-08-0740... OK (501 KB) [pmc_pow]
  [41/5960] PMC1382353 PMID:7890237 doi:10.1136/gut.36.1.55... OK (1198 KB) [pmc_pow]
  [42/5960] PMC1382357 PMID:7890240 doi:10.1136/gut.36.1.81... OK (1313 KB) [pmc_pow]
  [43/5960] PMC1383742 PMID:12045142 doi:10.1101/gr.227202... OK (503 KB) [pmc_pow]
  [44/5960] PMC1385604 PMID:1968428 no DOI... OK (1030 KB) [pmc_pow]
  [45/5960] PMC138638 PMID:12475957 doi:10.1091/mbc.E02-06-0330... OK (910 KB) [pmc_pow]
  [46/5960] PMC1386401 PMID:3125853 doi:10.1111/j.1365-2125.1987.tb03243.x... OK (521 KB) [pmc_pow]
  [47/5960] PMC1387050 PMID:15960600 doi:10.1089/hum.2005.16.685... OK (1171 KB) [pmc_pow]
  [48/5960] PMC139277 PMID:12475933 doi:10.1073/pnas.262460299... FAIL [all_failed]
  [49/5960] PMC139774 PMID:12077348 doi:10.1128/MCB.22.14.5212-5221.2002... OK (602 KB) [pmc_pow]
  [50/5960] PMC140497 PMID:12527767 doi:10.1093/nar/gkg131... OK (159 KB) [pmc_pow]
  [51/5960] PMC1405236 PMID:16540396 doi:10.1016/j.freeradbiomed.2005.10.060... OK (750 KB) [pmc_pow]
  [52/5960] PMC140587 PMID:12477866 doi:10.1128/JVI.77.1.631-641.2003... OK (3459 KB) [pmc_pow]
  [53/5960] PMC140698 PMID:12529384 doi:10.1128/MCB.23.3.777-790.2003... OK (674 KB) [pmc_pow]
  [54/5960] PMC140912 PMID:12490654 doi:10.1073/pnas.0136771100... OK (247 KB) [pmc_pow]
  [55/5960] PMC1409579 PMID:4181510 no DOI... OK (2173 KB) [pmc_pow]
  [56/5960] PMC141028 PMID:12522268 doi:10.1073/pnas.232711199... OK (402 KB) [pmc_pow]
  [57/5960] PMC141043 PMID:12529507 doi:10.1073/pnas.242716699... OK (422 KB) [pmc_pow]
  [58/5960] PMC1412926 PMID:18668850 doi:10.1136/gut.15.5.396... FAIL [all_failed]
  [59/5960] PMC1412975 PMID:4372130 doi:10.1136/gut.15.7.531... OK (8507 KB) [pmc_pow]
  [60/5960] PMC1412985 PMID:4154840 doi:10.1136/gut.15.10.783... OK (1731 KB) [pmc_pow]
  [61/5960] PMC1413652 PMID:16443681 doi:10.1073/pnas.0510346103... OK (378 KB) [pmc_pow]
  [62/5960] PMC1413946 PMID:16492752 doi:10.1073/pnas.0600134103... OK (1000 KB) [pmc_pow]
  [63/5960] PMC1424681 PMID:16532401 doi:10.1086/502682... OK (1560 KB) [pmc_pow]
  [64/5960] PMC1428063 PMID:6639834 doi:10.1111/j.1365-2125.1983.tb02204.x... OK (536 KB) [pmc_pow]
  [65/5960] PMC1435866 PMID:16489034 doi:10.1158/0008-5472.CAN-05-2216... OK (887 KB) [pmc_pow]
  [66/5960] PMC1440407 PMID:16537614 doi:10.1128/JVI.80.7.3469-3476.2006... OK (240 KB) [pmc_pow]
  [67/5960] PMC1440725 PMID:16500955 doi:10.1529/biophysj.105.069369... OK (1891 KB) [pmc_pow]
  [68/5960] PMC1440888 PMID:16120817 doi:10.1681/ASN.2005050494... OK (687 KB) [pmc_pow]
  [69/5960] PMC1444756 PMID:16025113 doi:10.1038/ng1606... OK (218 KB) [pmc_pow]
  [70/5960] PMC1447533 PMID:16377806 doi:10.1093/carcin/bgi329... OK (740 KB) [pmc_pow]
  [71/5960] PMC1449539 PMID:15545650 doi:10.1534/genetics.104.033837... OK (330 KB) [pmc_pow]
  [72/5960] PMC1449603 PMID:15695360 doi:10.1534/genetics.104.037473... OK (426 KB) [pmc_pow]
  [73/5960] PMC1449769 PMID:15944344 doi:10.1534/genetics.105.043653... OK (241 KB) [pmc_pow]
  [74/5960] PMC1449880 PMID:16699605 no DOI... OK (271 KB) [pmc_pow]
  [75/5960] PMC1449989 PMID:16466345 doi:10.1042/BJ20060099... OK (526 KB) [pmc_pow]
  [76/5960] PMC1452675 PMID:2423446 no DOI... OK (2835 KB) [pmc_pow]
  [77/5960] PMC1454010 PMID:6293968 no DOI... OK (1384 KB) [pmc_pow]
  [78/5960] PMC145449 PMID:12574126 doi:10.1093/emboj/cdg089... OK (282 KB) [pmc_pow]
  [79/5960] PMC145607 PMID:8594574 doi:10.1093/nar/24.1.177... OK (111 KB) [pmc_pow]
  [80/5960] PMC1456150 PMID:16172499 doi:10.1534/genetics.105.049072... OK (942 KB) [pmc_pow]
  [81/5960] PMC1456161 PMID:16219776 doi:10.1534/genetics.105.046698... OK (802 KB) [pmc_pow]
  [82/5960] PMC1456165 PMID:16172508 doi:10.1534/genetics.105.043901... OK (1360 KB) [pmc_pow]
  [83/5960] PMC1456533 PMID:15956670 doi:10.1534/genetics.105.041517... OK (214 KB) [pmc_pow]
  [84/5960] PMC1456879 PMID:16322757 doi:10.1038/sj.embor.7400601... OK (151 KB) [pmc_pow]
  [85/5960] PMC1457088 PMID:12937168 doi:10.1074/jbc.M304319200... FAIL [all_failed]
  [86/5960] PMC145779 PMID:8614621 doi:10.1093/nar/24.7.1212... OK (137 KB) [pmc_pow]
  [87/5960] PMC1458651 PMID:16585511 doi:10.1073/pnas.0600103103... OK (1138 KB) [pmc_pow]
  [88/5960] PMC1458669 PMID:16571656 doi:10.1073/pnas.0601471103... OK (1005 KB) [pmc_pow]
  [89/5960] PMC1458739 PMID:43889 doi:10.1113/jphysiol.1979.sp013059... OK (2770 KB) [pmc_pow]
  [90/5960] PMC1459762 PMID:9475751 doi:10.1093/genetics/148.1.409... FAIL [all_failed]
  [91/5960] PMC145992 PMID:8759000 doi:10.1093/nar/24.14.2706... OK (151 KB) [pmc_pow]
  [92/5960] PMC14601 PMID:11136229 doi:10.1073/pnas.021337498... OK (504 KB) [pmc_pow]
  [93/5960] PMC1460660 PMID:10388826 doi:10.1093/genetics/152.3.1079... OK (154 KB) [pmc_pow]
  [94/5960] PMC1460892 PMID:10628996 doi:10.1093/genetics/154.1.363... OK (252 KB) [pmc_pow]
  [95/5960] PMC1460913 PMID:10628970 doi:10.1093/genetics/154.1.73... OK (187 KB) [pmc_pow]
  [96/5960] PMC1461088 PMID:10790415 doi:10.1093/genetics/155.1.431... OK (378 KB) [pmc_pow]
  [97/5960] PMC1461530 PMID:11157002 doi:10.1093/genetics/157.2.859... OK (306 KB) [pmc_pow]
  [98/5960] PMC1461756 PMID:11514451 doi:10.1093/genetics/158.4.1629... FAIL [all_failed]
  [99/5960] PMC1461814 PMID:11606549 doi:10.1093/genetics/159.2.749... OK (104 KB) [pmc_pow]
  [100/5960] PMC1461844 PMID:11606528 doi:10.1093/genetics/159.2.499... OK (132 KB) [pmc_pow]
  [101/5960] PMC1462015 PMID:11901136 doi:10.1093/genetics/160.3.1231... OK (138 KB) [pmc_pow]
  [102/5960] PMC14622 PMID:11209053 doi:10.1073/pnas.98.2.537... OK (211 KB) [pmc_pow]
  [103/5960] PMC1462640 PMID:12930756 doi:10.1093/genetics/164.4.1511... OK (90 KB) [pmc_pow]
  [104/5960] PMC146362 PMID:9016536 doi:10.1093/nar/25.1.200... OK (185 KB) [pmc_pow]
  [105/5960] PMC146395 PMID:9016535 doi:10.1093/nar/25.1.196... OK (114 KB) [pmc_pow]
  [106/5960] PMC146428 PMID:9016576 doi:10.1093/nar/25.2.438... OK (180 KB) [pmc_pow]
  [107/5960] PMC1464345 PMID:16651518 doi:10.1073/pnas.0602466103... OK (742 KB) [pmc_pow]
  [108/5960] PMC146488 PMID:9016616 doi:10.1093/nar/25.4.685... OK (139 KB) [pmc_pow]
  [109/5960] PMC146498 PMID:9016624 doi:10.1093/nar/25.4.750... OK (193 KB) [pmc_pow]
  [110/5960] PMC14675 PMID:11158547 doi:10.1073/pnas.98.3.864... OK (228 KB) [pmc_pow]
  [111/5960] PMC146751 PMID:9171099 doi:10.1093/nar/25.12.2455... FAIL [all_failed]
  [112/5960] PMC1467724 PMID:9449076 doi:10.1046/j.1469-7580.1997.19140571.x... OK (1796 KB) [pmc_pow]
  [113/5960] PMC1468122 PMID:11005715 doi:10.1046/j.1469-7580.2000.19720229.x... OK (1627 KB) [pmc_pow]
  [114/5960] PMC1468126 PMID:11005719 doi:10.1046/j.1469-7580.2000.19720275.x... OK (898 KB) [pmc_pow]
  [115/5960] PMC1470796 PMID:15082556 doi:10.1534/genetics.166.3.1375... OK (98 KB) [pmc_pow]
  [116/5960] PMC147181 PMID:9399814 doi:10.1093/nar/26.1.116... OK (134 KB) [pmc_pow]
  [117/5960] PMC1472221 PMID:16641458 doi:10.1128/AAC.50.5.1841-1851.2006... OK (725 KB) [pmc_pow]
  [118/5960] PMC147233 PMID:9399813 doi:10.1093/nar/26.1.112... OK (134 KB) [pmc_pow]
  [119/5960] PMC147248 PMID:9399816 doi:10.1093/nar/26.1.126... OK (678 KB) [pmc_pow]
  [120/5960] PMC1472533 PMID:16682647 doi:10.1073/pnas.0602440103... OK (2616 KB) [pmc_pow]
  [121/5960] PMC147281 PMID:9421512 doi:10.1093/nar/26.2.537... OK (120 KB) [pmc_pow]
  [122/5960] PMC147305 PMID:9421531 doi:10.1093/nar/26.2.662... OK (187 KB) [pmc_pow]
  [123/5960] PMC147367 PMID:9461455 doi:10.1093/nar/26.4.967... OK (322 KB) [pmc_pow]
  [124/5960] PMC147381 PMID:9469836 doi:10.1093/nar/26.5.1268... OK (274 KB) [pmc_pow]
  [125/5960] PMC1474082 PMID:16685652 doi:10.1086/504303... OK (1628 KB) [pmc_pow]
  [126/5960] PMC1474138 PMID:16773565 doi:10.1086/504926... OK (324 KB) [pmc_pow]
  [127/5960] PMC1474174 PMID:15961417 doi:10.1113/jphysiol.2005.092031... FAIL [all_failed]
  [128/5960] PMC147431 PMID:9490791 doi:10.1093/nar/26.6.1449... OK (309 KB) [pmc_pow]
  [129/5960] PMC147479 PMID:9512533 doi:10.1093/nar/26.7.1636... OK (370 KB) [pmc_pow]
  [130/5960] PMC147628 PMID:9611236 doi:10.1093/nar/26.12.2917... OK (919 KB) [pmc_pow]
  [131/5960] PMC1478185 PMID:16688216 doi:10.1038/sj.emboj.7601133... OK (249 KB) [pmc_pow]
  [132/5960] PMC147866 PMID:9742236 doi:10.1093/nar/26.19.4365... OK (150 KB) [pmc_pow]
  [133/5960] PMC147895 PMID:9753728 doi:10.1093/nar/26.20.4611... OK (298 KB) [pmc_pow]
  [134/5960] PMC147925 PMID:9776759 doi:10.1093/nar/26.21.4953... OK (143 KB) [pmc_pow]
  [135/5960] PMC147960 PMID:9801304 doi:10.1093/nar/26.22.5086... OK (183 KB) [pmc_pow]
  [136/5960] PMC147991 PMID:9826744 doi:10.1093/nar/26.23.5243... OK (336 KB) [pmc_pow]
  [137/5960] PMC1480416 PMID:16772383 doi:10.1073/pnas.0510792103... OK (1391 KB) [pmc_pow]
  [138/5960] PMC1480596 PMID:16790548 doi:10.1073/pnas.0604392103... OK (949 KB) [pmc_pow]
  [139/5960] PMC148115 PMID:9847160 doi:10.1093/nar/27.1.143... OK (155 KB) [pmc_pow]
  [140/5960] PMC148117 PMID:9847162 doi:10.1093/nar/27.1.150... FAIL [all_failed]
  [141/5960] PMC148118 PMID:9847163 doi:10.1093/nar/27.1.153... OK (64 KB) [pmc_pow]
  [142/5960] PMC148244 PMID:9889270 doi:10.1093/nar/27.3.756... OK (134 KB) [pmc_pow]
  [143/5960] PMC1482809 PMID:16533168 doi:10.1042/BJ20060077... OK (775 KB) [pmc_pow]
  [144/5960] PMC148303 PMID:9927756 doi:10.1093/nar/27.4.1198... OK (137 KB) [pmc_pow]
  [145/5960] PMC148398 PMID:10101198 doi:10.1093/nar/27.8.1890... OK (386 KB) [pmc_pow]
  [146/5960] PMC1484424 PMID:16751614 doi:10.1261/rna.18206... OK (531 KB) [pmc_pow]
  [147/5960] PMC1484433 PMID:16723659 doi:10.1261/rna.2293906... OK (494 KB) [pmc_pow]
  [148/5960] PMC148466 PMID:10373574 doi:10.1093/nar/27.13.2591... OK (576 KB) [pmc_pow]
  [149/5960] PMC14860 PMID:10749943 doi:10.1091/mbc.11.4.1471... OK (581 KB) [pmc_pow]
  [150/5960] PMC148617 PMID:10471731 doi:10.1093/nar/27.18.3638... OK (542 KB) [pmc_pow]
  [151/5960] PMC1487188 PMID:15598749 doi:10.1074/mcp.M400115-MCP200... FAIL [all_failed]
  [152/5960] PMC148736 PMID:10536162 doi:10.1093/nar/27.22.4510... OK (412 KB) [pmc_pow]
  [153/5960] PMC148812 PMID:10325435 doi:10.1093/nar/27.11.2434... OK (136 KB) [pmc_pow]
  [154/5960] PMC1489029 PMID:16809293 doi:10.1128/JVI.00275-06... OK (995 KB) [pmc_pow]
  [155/5960] PMC1489043 PMID:16809283 doi:10.1128/JVI.00492-06... OK (946 KB) [pmc_pow]
  [156/5960] PMC1489155 PMID:16782871 doi:10.1128/MCB.02360-05... OK (488 KB) [pmc_pow]
  [157/5960] PMC14893 PMID:10793161 doi:10.1091/mbc.11.5.1919... OK (743 KB) [pmc_pow]
  [158/5960] PMC149030 PMID:12499200 doi:10.1128/AAC.47.1.262-267.2003... OK (89 KB) [pmc_pow]
  [159/5960] PMC14924 PMID:10888673 doi:10.1091/mbc.11.7.2349... OK (477 KB) [pmc_pow]
  [160/5960] PMC149754 PMID:12584341 doi:10.1128/JVI.77.5.3167-3180.2003... OK (1963 KB) [pmc_pow]
  [161/5960] PMC149893 PMID:12574511 doi:10.1073/pnas.0437668100... OK (280 KB) [pmc_pow]
  [162/5960] PMC149920 PMID:12578990 doi:10.1073/pnas.0437910100... OK (212 KB) [pmc_pow]
  [163/5960] PMC149936 PMID:12574499 doi:10.1073/pnas.2627984100... OK (310 KB) [pmc_pow]
  [164/5960] PMC1500981 PMID:16778770 doi:10.1038/sj.emboj.7601184... OK (450 KB) [pmc_pow]
  [165/5960] PMC1501129 PMID:15802021 doi:10.1593/neo.04442... OK (422 KB) [pmc_pow]
  [166/5960] PMC1501425 PMID:16026644 doi:10.1593/neo.04655... OK (629 KB) [pmc_pow]
  [167/5960] PMC1502310 PMID:16818890 doi:10.1073/pnas.0602493103... OK (2174 KB) [pmc_pow]
  [168/5960] PMC1502439 PMID:16788062 doi:10.1073/pnas.0603968103... OK (1457 KB) [pmc_pow]
  [169/5960] PMC1503670 PMID:12407450 doi:10.1038/sj.neo.7900270... OK (1615 KB) [pmc_pow]
  [170/5960] PMC1505419 PMID:11420749 doi:10.1038/sj.neo.7900137... OK (2890 KB) [pmc_pow]
  [171/5960] PMC1506567 PMID:11774036 doi:10.1038/sj.neo.7900203... OK (205 KB) [pmc_pow]
  [172/5960] PMC15077 PMID:11102528 doi:10.1091/mbc.11.12.4347... OK (457 KB) [pmc_pow]
  [173/5960] PMC1508093 PMID:11228543 doi:10.1038/sj.neo.7900120... OK (25386 KB) [pmc_pow]
  [174/5960] PMC1510452 PMID:7532082 doi:10.1111/j.1476-5381.1994.tb17058.x... OK (2118 KB) [pmc_pow]
  [175/5960] PMC151532 PMID:12509471 doi:10.1128/MCB.23.2.744-753.2003... OK (395 KB) [pmc_pow]
  [176/5960] PMC151631 PMID:12464674 doi:10.1172/JCI15715... OK (145 KB) [pmc_pow]
  [177/5960] PMC151741 PMID:12543672 doi:10.1128/AAC.47.2.643-652.2003... OK (415 KB) [pmc_pow]
  [178/5960] PMC152374 PMID:12588886 doi:10.1172/JCI16653... OK (230 KB) [pmc_pow]
  [179/5960] PMC1525050 PMID:16882715 doi:10.1073/pnas.0605341103... OK (2081 KB) [pmc_pow]
  [180/5960] PMC152798 PMID:12655007 doi:10.1093/nar/gkg282... OK (275 KB) [pmc_pow]
  [181/5960] PMC152855 PMID:12626705 doi:10.1093/nar/gkg251... OK (182 KB) [pmc_pow]
  [182/5960] PMC152864 PMID:12626711 doi:10.1093/nar/gkg262... OK (279 KB) [pmc_pow]
  [183/5960] PMC152874 PMID:12626700 doi:10.1093/nar/gkg272... OK (291 KB) [pmc_pow]
  [184/5960] PMC152932 PMID:12697733 doi:10.1172/JCI16432... OK (3603 KB) [openalex]
  [185/5960] PMC153124 PMID:12686611 doi:10.1091/mbc.E02-07-0399... OK (724 KB) [pmc_pow]
  [186/5960] PMC153227 PMID:12704141 doi:10.1128/IAI.71.5.2665-2673.2003... OK (1787 KB) [pmc_pow]
  [187/5960] PMC1533883 PMID:16895983 doi:10.1073/pnas.0605207103... OK (1015 KB) [pmc_pow]
  [188/5960] PMC1535228 PMID:1691062 doi:10.1111/j.1365-2249.1990.tb06435.x... OK (883 KB) [pmc_pow]
  [189/5960] PMC1536407 PMID:6279343 no DOI... OK (640 KB) [pmc_pow]
  [190/5960] PMC1536502 PMID:6127180 no DOI... OK (897 KB) [pmc_pow]
  [191/5960] PMC1538439 PMID:178472 no DOI... OK (879 KB) [pmc_pow]
  [192/5960] PMC1538956 PMID:16039600 doi:10.1016/j.ab.2005.06.012... OK (388 KB) [pmc_pow]
  [193/5960] PMC1540458 PMID:16799133 doi:10.1093/gerona/61.6.534... OK (487 KB) [pmc_pow]
  [194/5960] PMC1541017 PMID:330060 no DOI... OK (2145 KB) [pmc_pow]
  [195/5960] PMC1541239 PMID:95913 no DOI... OK (2868 KB) [pmc_pow]
  [196/5960] PMC1541622 PMID:3280176 no DOI... OK (2216 KB) [pmc_pow]
  [197/5960] PMC1542148 PMID:3089652 no DOI... OK (936 KB) [pmc_pow]
  [198/5960] PMC154220 PMID:12711674 doi:10.1093/nar/gkg334... OK (263 KB) [pmc_pow]
  [199/5960] PMC154358 PMID:12697897 doi:10.1073/pnas.0931245100... OK (235 KB) [pmc_pow]
  [200/5960] PMC154665 PMID:12734210 doi:10.1128/JCM.41.5.1811-1818.2003... OK (205 KB) [pmc_pow]
  [201/5960] PMC1550299 PMID:16716149 doi:10.1042/BJ20060303... OK (492 KB) [pmc_pow]
  [202/5960] PMC155309 PMID:11782443 doi:10.1101/gad.949602... FAIL [all_failed]
  [203/5960] PMC1553797 PMID:4740446 no DOI... OK (1027 KB) [pmc_pow]
  [204/5960] PMC1553805 PMID:4747583 no DOI... OK (671 KB) [pmc_pow]
  [205/5960] PMC1554013 PMID:4143195 no DOI... OK (768 KB) [pmc_pow]
  [206/5960] PMC1554074 PMID:4619789 no DOI... OK (1088 KB) [pmc_pow]
  [207/5960] PMC1554250 PMID:1735190 doi:10.1111/j.1365-2249.1992.tb02985.x... OK (2069 KB) [pmc_pow]
  [208/5960] PMC1559489 PMID:16826519 doi:10.1086/506389... OK (2152 KB) [pmc_pow]
  [209/5960] PMC1559550 PMID:16909385 doi:10.1086/507132... OK (2676 KB) [pmc_pow]
  [210/5960] PMC1559775 PMID:16920791 doi:10.1073/pnas.0603391103... OK (2117 KB) [pmc_pow]
  [211/5960] PMC1559998 PMID:16877438 doi:10.1167/iovs.06-0104... OK (1048 KB) [pmc_pow]
  [212/5960] PMC1560039 PMID:16543167 doi:10.1098/rspb.2005.3321... OK (1184 KB) [pmc_pow]
  [213/5960] PMC1560278 PMID:16720398 doi:10.1098/rspb.2005.3414... OK (304 KB) [pmc_pow]
  [214/5960] PMC1563725 PMID:16840332 doi:10.1128/JVI.00241-06... OK (864 KB) [pmc_pow]
  [215/5960] PMC1563864 PMID:16912318 doi:10.1128/JVI.00475-06... OK (1110 KB) [pmc_pow]
  [216/5960] PMC1565175 PMID:9504394 doi:10.1038/sj.bjp.0701612... OK (702 KB) [pmc_pow_generic]
  [217/5960] PMC1565568 PMID:9756394 doi:10.1038/sj.bjp.0702009... OK (298 KB) [pmc_pow]
  [218/5960] PMC1566086 PMID:10433487 doi:10.1038/sj.bjp.0702606... OK (374 KB) [pmc_pow]
  [219/5960] PMC156738 PMID:12771225 doi:10.1093/nar/gng060... OK (117 KB) [pmc_pow]
  [220/5960] PMC156760 PMID:12773388 doi:10.1093/emboj/cdg263... OK (513 KB) [pmc_pow]
  [221/5960] PMC156951 PMID:9165749 doi:10.1105/tpc.9.5.717... OK (3677 KB) [pmc_pow]
  [222/5960] PMC1569674 PMID:16980408 doi:10.1073/pnas.0606714103... OK (1264 KB) [pmc_pow]
  [223/5960] PMC1571475 PMID:15733296 doi:10.1111/j.1469-7580.2005.00389.x... OK (206 KB) [pmc_pow]
  [224/5960] PMC1571926 PMID:10696095 doi:10.1038/sj.bjp.0703147... FAIL [all_failed]
  [225/5960] PMC1572220 PMID:10928952 doi:10.1038/sj.bjp.0703461... OK (306 KB) [pmc_pow]
  [226/5960] PMC1573529 PMID:12381674 doi:10.1038/sj.bjp.0704870... OK (424 KB) [pmc_pow]
  [227/5960] PMC1573783 PMID:12711631 doi:10.1038/sj.bjp.0705182... OK (344 KB) [pmc_pow]
  [228/5960] PMC1573997 PMID:12967933 doi:10.1038/sj.bjp.0705398... OK (564 KB) [pmc_pow]
  [229/5960] PMC1574251 PMID:14769780 doi:10.1038/sj.bjp.0705591... OK (223 KB) [pmc_pow]
  [230/5960] PMC1575165 PMID:15249420 doi:10.1038/sj.bjp.0705681... OK (404 KB) [pmc_pow]
  [231/5960] PMC1575272 PMID:15302681 doi:10.1038/sj.bjp.0705911... OK (197 KB) [pmc_pow]
  [232/5960] PMC1575275 PMID:15302683 doi:10.1038/sj.bjp.0705914... OK (323 KB) [pmc_pow]
  [233/5960] PMC1575923 PMID:15289292 doi:10.1038/sj.bjp.0705928... OK (378 KB) [pmc_pow]
  [234/5960] PMC157606 PMID:7480341 doi:10.1104/pp.109.2.445... FAIL [all_failed]
  [235/5960] PMC1576126 PMID:15753952 doi:10.1038/sj.bjp.0706137... OK (433 KB) [pmc_pow]
  [236/5960] PMC1577045 PMID:3891170 no DOI... OK (3393 KB) [pmc_pow]
  [237/5960] PMC1577449 PMID:3910313 no DOI... OK (1342 KB) [pmc_pow]
  [238/5960] PMC1578710 PMID:15799949 doi:10.1098/rspb.2004.2981... OK (559 KB) [pmc_pow]
  [239/5960] PMC1579132 PMID:4982787 no DOI... OK (1561 KB) [pmc_pow]
  [240/5960] PMC158820 PMID:12231852 doi:10.1104/pp.102.2.615... OK (2004 KB) [pmc_pow]
  [241/5960] PMC1592530 PMID:17030815 doi:10.1073/pnas.0607518103... OK (538 KB) [pmc_pow]
  [242/5960] PMC1592725 PMID:16809779 doi:10.1128/MCB.02074-05... OK (1689 KB) [pmc_pow]
  [243/5960] PMC1592756 PMID:16847322 doi:10.1128/MCB.00112-06... OK (1233 KB) [pmc_pow]
  [244/5960] PMC15940 PMID:10077682 doi:10.1073/pnas.96.6.3320... OK (96 KB) [pmc_pow]
  [245/5960] PMC1594698 PMID:16954240 doi:10.1128/JCM.00567-06... FAIL [all_failed]
  [246/5960] PMC1601974 PMID:16528386 doi:10.1038/sj.cdd.4401886... OK (491 KB) [pmc_pow]
  [247/5960] PMC1603558 PMID:16049318 doi:10.1016/S0002-9440(10)62976-8... OK (1230 KB) [pmc_pow]
  [248/5960] PMC1606501 PMID:16436654 doi:10.2353/ajpath.2006.050137... OK (4190 KB) [pmc_pow]
  [249/5960] PMC1606606 PMID:16651627 doi:10.2353/ajpath.2006.051223... OK (1499 KB) [pmc_pow]
  [250/5960] PMC1606607 PMID:16651638 doi:10.2353/ajpath.2006.050648... OK (4973 KB) [pmc_pow]
  [251/5960] PMC1610478 PMID:4600592 doi:10.1136/bmj.2.5916.413... OK (1243 KB) [pmc_pow]
  [252/5960] PMC1613264 PMID:14982845 doi:10.1016/S0002-9440(10)63179-3... OK (1239 KB) [pmc_pow]
  [253/5960] PMC1614709 PMID:14982848 doi:10.1016/S0002-9440(10)63182-3... OK (2385 KB) [pmc_pow]
  [254/5960] PMC161671 PMID:12068099 doi:10.1104/pp.001602... OK (609 KB) [pmc_pow]
  [255/5960] PMC1618377 PMID:16936636 doi:10.1038/sj.embor.7400790... OK (132 KB) [pmc_pow]
  [256/5960] PMC1618658 PMID:15509531 doi:10.1016/S0002-9440(10)63418-9... OK (1090 KB) [pmc_pow]
  [257/5960] PMC161925 PMID:12829810 doi:10.1128/JVI.77.14.7713-7719.2003... OK (1185 KB) [pmc_pow]
  [258/5960] PMC162038 PMID:12819104 doi:10.1128/IAI.71.7.4127-4136.2003... OK (2658 KB) [pmc_pow]
  [259/5960] PMC1621086 PMID:16600197 doi:10.1016/j.cbi.2006.03.001... OK (632 KB) [pmc_pow]
  [260/5960] PMC162151 PMID:12805207 doi:10.1093/emboj/cdg299... OK (359 KB) [pmc_pow]
  [261/5960] PMC1622791 PMID:17005726 doi:10.1073/pnas.0604641103... OK (2256 KB) [pmc_pow]
  [262/5960] PMC1626594 PMID:17088946 doi:10.2119/2006-00043.Molnar... OK (624 KB) [pmc_pow]
  [263/5960] PMC162933 PMID:8619586 doi:10.1128/aac.39.10.2304... OK (183 KB) [pmc_pow]
  [264/5960] PMC1630753 PMID:16950860 doi:10.1104/pp.106.086975... OK (1047 KB) [pmc_pow]
  [265/5960] PMC163120 PMID:8834884 doi:10.1128/aac.40.2.380... OK (357 KB) [pmc_pow]
  [266/5960] PMC163369 PMID:8726039 doi:10.1128/aac.40.6.1555... OK (261 KB) [pmc_pow]
  [267/5960] PMC1635212 PMID:16940060 doi:10.1128/AAC.00437-06... FAIL [all_failed]
  [268/5960] PMC1635451 PMID:16842238 doi:10.1042/BJ20060904... OK (277 KB) [pmc_pow]
  [269/5960] PMC1635511 PMID:16901830 doi:10.1098/rspb.2006.3555... OK (412 KB) [pmc_pow]
  [270/5960] PMC1637562 PMID:17050691 doi:10.1073/pnas.0604567103... OK (1919 KB) [pmc_pow]
  [271/5960] PMC163892 PMID:9174176 doi:10.1128/aac.41.6.1231... OK (210 KB) [pmc_pow]
  [272/5960] PMC1642621 PMID:17005643 doi:10.1128/JVI.00213-06... OK (344 KB) [pmc_pow]
  [273/5960] PMC164701 PMID:12808136 doi:10.1073/pnas.1332551100... OK (241 KB) [pmc_pow]
  [274/5960] PMC164823 PMID:12805420 doi:10.1128/JVI.77.13.7214-7224.2003... OK (4700 KB) [pmc_pow]
  [275/5960] PMC164853 PMID:12808108 doi:10.1128/MCB.23.13.4701-4712.2003... OK (664 KB) [pmc_pow]
  [276/5960] PMC16510 PMID:10860979 doi:10.1073/pnas.97.13.7124... OK (335 KB) [pmc_pow]
  [277/5960] PMC1652828 PMID:16958620 doi:10.1042/BJ20060882... FAIL [all_failed]
  [278/5960] PMC165570 PMID:12520013 doi:10.1093/nar/gkg123... OK (58 KB) [pmc_pow]
  [279/5960] PMC165645 PMID:12840007 doi:10.1093/emboj/cdg320... OK (333 KB) [pmc_pow]
  [280/5960] PMC16573 PMID:10861014 doi:10.1073/pnas.97.13.7494... OK (105 KB) [pmc_pow]
  [281/5960] PMC166325 PMID:12897151 doi:10.1128/MCB.23.16.5816-5824.2003... OK (269 KB) [pmc_pow]
  [282/5960] PMC1664806 PMID:14634202 doi:10.1113/jphysiol.2003.055202... OK (186 KB) [pmc_pow]
  [283/5960] PMC1665109 PMID:15020699 doi:10.1113/jphysiol.2003.058263... OK (280 KB) [pmc_pow]
  [284/5960] PMC167980 PMID:8787400 doi:10.1128/aem.62.6.2022-2028.1996... OK (2707 KB) [pmc_pow]
  [285/5960] PMC1679816 PMID:15068669 doi:10.1016/s1476-5586(04)80051-4... FAIL [all_failed]
  [286/5960] PMC1679904 PMID:15782127 doi:10.1038/sj.onc.1208530... OK (1467 KB) [pmc_pow]
  [287/5960] PMC1682099 PMID:8434582 no DOI... OK (1475 KB) [pmc_pow]
  [288/5960] PMC1682180 PMID:8430702 no DOI... OK (2635 KB) [pmc_pow]
  [289/5960] PMC1682422 PMID:8352271 no DOI... OK (2596 KB) [pmc_pow]
  [290/5960] PMC1682435 PMID:8394647 no DOI... OK (1270 KB) [pmc_pow]
  [291/5960] PMC1682495 PMID:8250048 no DOI... OK (2820 KB) [pmc_pow]
  [292/5960] PMC1682655 PMID:1550120 no DOI... OK (1235 KB) [pmc_pow]
  [293/5960] PMC1682745 PMID:1985464 no DOI... OK (1149 KB) [pmc_pow]
  [294/5960] PMC1682955 PMID:2014797 no DOI... OK (1347 KB) [pmc_pow]
  [295/5960] PMC1682963 PMID:2014792 no DOI... OK (784 KB) [pmc_pow]
  [296/5960] PMC1683006 PMID:1899320 no DOI... OK (1646 KB) [pmc_pow]
  [297/5960] PMC1683011 PMID:1990841 no DOI... OK (1798 KB) [pmc_pow]
  [298/5960] PMC1683088 PMID:1903590 no DOI... OK (1041 KB) [pmc_pow]
  [299/5960] PMC1683377 PMID:2741949 no DOI... FAIL [all_failed]
  [300/5960] PMC1683616 PMID:1689952 no DOI... OK (2039 KB) [pmc_pow]
  [301/5960] PMC1683656 PMID:2316527 no DOI... OK (1730 KB) [pmc_pow]
  [302/5960] PMC1683915 PMID:1978558 no DOI... OK (2574 KB) [pmc_pow]
  [303/5960] PMC1683983 PMID:2876631 no DOI... OK (1192 KB) [pmc_pow]
  [304/5960] PMC1684351 PMID:3687946 no DOI... OK (724 KB) [pmc_pow]
  [305/5960] PMC1684748 PMID:3946421 no DOI... OK (1451 KB) [pmc_pow]
  [306/5960] PMC1684768 PMID:3006483 no DOI... OK (1124 KB) [pmc_pow]
  [307/5960] PMC1684801 PMID:3518425 no DOI... OK (2467 KB) [pmc_pow]
  [308/5960] PMC1684817 PMID:3013004 no DOI... OK (896 KB) [pmc_pow]
  [309/5960] PMC1685048 PMID:7246541 no DOI... OK (913 KB) [pmc_pow]
  [310/5960] PMC1685537 PMID:6301266 no DOI... FAIL [all_failed]
  [311/5960] PMC1689787 PMID:10189711 doi:10.1098/rspb.1999.0662... OK (137 KB) [pmc_pow]
  [312/5960] PMC1689791 PMID:10189712 doi:10.1098/rspb.1999.0663... OK (172 KB) [pmc_pow]
  [313/5960] PMC1690078 PMID:10445292 doi:10.1098/rspb.1999.0790... OK (385 KB) [pmc_pow]
  [314/5960] PMC1690323 PMID:10902539 doi:10.1098/rspb.1999.0883... OK (80 KB) [pmc_pow]
  [315/5960] PMC1690489 PMID:10670959 doi:10.1098/rspb.2000.0972... OK (476 KB) [pmc_pow]
  [316/5960] PMC1690836 PMID:11133023 doi:10.1098/rspb.2000.1291... OK (509 KB) [pmc_pow]
  [317/5960] PMC1690983 PMID:12028770 doi:10.1098/rspb.2001.1940... FAIL [all_failed]
  [318/5960] PMC1690993 PMID:12028758 doi:10.1098/rspb.2002.1977... OK (291 KB) [pmc_pow]
  [319/5960] PMC1690996 PMID:12028761 doi:10.1098/rspb.2002.1982... OK (122 KB) [pmc_pow]
  [320/5960] PMC1691686 PMID:15255049 doi:10.1098/rspb.2004.2698... OK (116 KB) [pmc_pow]
  [321/5960] PMC1692296 PMID:9684291 doi:10.1098/rstb.1998.0260... OK (659 KB) [pmc_pow]
  [322/5960] PMC1692446 PMID:10091254 doi:10.1098/rstb.1999.0367... OK (248 KB) [pmc_pow]
  [323/5960] PMC1692452 PMID:10091252 doi:10.1098/rstb.1999.0365... OK (244 KB) [pmc_pow]
  [324/5960] PMC1692889 PMID:11127902 doi:10.1098/rstb.2000.0718... OK (210 KB) [pmc_pow]
  [325/5960] PMC1693320 PMID:15101581 doi:10.1098/rstb.2003.1394... OK (1542 KB) [pmc_pow]
  [326/5960] PMC1693790 PMID:17101959 doi:10.1073/pnas.0608757103... OK (246 KB) [pmc_pow]
  [327/5960] PMC1698671 PMID:16918502 doi:10.1042/BJ20060364... OK (824 KB) [pmc_pow]
  [328/5960] PMC1698734 PMID:16127150 doi:10.1016/S0002-9440(10)62044-5... OK (3070 KB) [pmc_pow]
  [329/5960] PMC169989 PMID:12907749 doi:10.1093/nar/gng099... OK (357 KB) [pmc_pow]
  [330/5960] PMC1702318 PMID:17170135 doi:10.1073/pnas.0609140103... OK (1593 KB) [pmc_pow]
  [331/5960] PMC1702369 PMID:15048922 doi:10.1002/jnr.20042... OK (847 KB) [pmc_pow]
  [332/5960] PMC170893 PMID:12886014 doi:10.1073/pnas.1633392100... OK (408 KB) [pmc_pow]
  [333/5960] PMC170904 PMID:12876194 doi:10.1073/pnas.1133325100... OK (482 KB) [pmc_pow]
  [334/5960] PMC1712682 PMID:17278883 doi:10.1379/CSC-206.1... OK (665 KB) [pmc_pow]
  [335/5960] PMC1712730 PMID:5477928 no DOI... FAIL [all_failed]
  [336/5960] PMC1712974 PMID:4931856 no DOI... OK (1137 KB) [pmc_pow]
  [337/5960] PMC1715281 PMID:2837084 no DOI... OK (1702 KB) [pmc_pow]
  [338/5960] PMC1715361 PMID:3400641 no DOI... OK (1383 KB) [pmc_pow]
  [339/5960] PMC1715442 PMID:2916580 no DOI... OK (1458 KB) [pmc_pow]
  [340/5960] PMC1715476 PMID:2562823 no DOI... FAIL [all_failed]
  [341/5960] PMC1715554 PMID:3189339 no DOI... OK (984 KB) [pmc_pow]
  [342/5960] PMC1715611 PMID:3195589 no DOI... OK (1139 KB) [pmc_pow]
  [343/5960] PMC1715874 PMID:9245979 doi:10.1086/513915... OK (180 KB) [pmc_pow]
  [344/5960] PMC1715955 PMID:9326335 doi:10.1086/515503... OK (2116 KB) [pmc_pow]
  [345/5960] PMC1715995 PMID:9382109 doi:10.1086/514887... OK (2143 KB) [pmc_pow]
  [346/5960] PMC1716025 PMID:9346874 doi:10.1086/301602... OK (3078 KB) [pmc_pow]
  [347/5960] PMC1716057 PMID:10935471 doi:10.1038/sj.neo.7900013... OK (234 KB) [pmc_pow]
  [348/5960] PMC1716061 PMID:9399894 doi:10.1086/301636... OK (976 KB) [pmc_pow]
  [349/5960] PMC1716087 PMID:9399886 doi:10.1086/301628... OK (1210 KB) [pmc_pow]
  [350/5960] PMC1716104 PMID:9199572 doi:10.1086/515453... OK (1571 KB) [pmc_pow]
  [351/5960] PMC1716123 PMID:9199557 doi:10.1086/515474... OK (2311 KB) [pmc_pow]
  [352/5960] PMC1721517 PMID:12598503 doi:10.1136/fn.88.2.F134... OK (167 KB) [pmc_pow]
  [353/5960] PMC1722931 PMID:10396204 doi:10.1136/bjo.83.2.231... OK (174 KB) [pmc_pow]
  [354/5960] PMC1724533 PMID:12145119 doi:10.1136/bjsm.36.4.282... OK (185 KB) [pmc_pow]
  [355/5960] PMC1727116 PMID:9659176 doi:10.1136/gut.42.5.753... OK (192 KB) [pmc_pow]
  [356/5960] PMC1734386 PMID:10874629 no DOI... OK (191 KB) [pmc_pow]
  [357/5960] PMC1735674 PMID:14757859 doi:10.1136/jmg.2003.012047... FAIL [all_failed]
  [358/5960] PMC1736055 PMID:15863669 doi:10.1136/jmg.2004.026278... OK (118 KB) [pmc_pow]
  [359/5960] PMC1738655 PMID:12933917 doi:10.1136/jnnp.74.9.1188... OK (535 KB) [pmc_pow]
  [360/5960] PMC173901 PMID:8606076 doi:10.1128/iai.64.4.1181-1189.1996... FAIL [all_failed]
  [361/5960] PMC1748185 PMID:17135350 doi:10.1073/pnas.0609353103... OK (2160 KB) [pmc_pow]
  [362/5960] PMC1750892 PMID:17170133 doi:10.1073/pnas.0609502103... FAIL [all_failed]
  [363/5960] PMC1751188 PMID:16086031 doi:10.1038/sj.bjp.0706360... OK (243 KB) [pmc_pow]
  [364/5960] PMC1751213 PMID:16170329 doi:10.1038/sj.bjp.0706394... OK (197 KB) [pmc_pow]
  [365/5960] PMC17545 PMID:10411904 doi:10.1073/pnas.96.15.8499... OK (437 KB) [pmc_pow]
  [366/5960] PMC1754706 PMID:14672900 doi:10.1136/ard.2003.014159... OK (228 KB) [pmc_pow]
  [367/5960] PMC1755391 PMID:15708893 doi:10.1136/ard.2004.022152... OK (207 KB) [pmc_pow]
  [368/5960] PMC17584 PMID:10411943 doi:10.1073/pnas.96.15.8727... OK (357 KB) [openalex]
  [369/5960] PMC1759904 PMID:17210792 doi:10.1101/gad.1480007... OK (1044 KB) [pmc_pow]
  [370/5960] PMC1761114 PMID:17172431 doi:10.1158/1535-7163.MCT-06-0400... OK (672 KB) [pmc_pow]
  [371/5960] PMC1762033 PMID:16874040 doi:10.4161/auto.1.2.1840... OK (625 KB) [pmc_pow]
  [372/5960] PMC1763461 PMID:11118249 doi:10.1136/jnnp.70.1.65... OK (169 KB) [pmc_pow]
  [373/5960] PMC17646 PMID:11087829 doi:10.1073/pnas.240465597... OK (297 KB) [pmc_pow]
  [374/5960] PMC1765425 PMID:17182746 doi:10.1073/pnas.0606189103... OK (870 KB) [pmc_pow]
  [375/5960] PMC1765481 PMID:17182735 doi:10.1073/pnas.0609973104... OK (2100 KB) [pmc_pow]
  [376/5960] PMC1766336 PMID:17215370 doi:10.1073/pnas.0610131104... OK (312 KB) [pmc_pow]
  [377/5960] PMC1766465 PMID:10967082 no DOI... OK (809 KB) [pmc_pow]
  [378/5960] PMC1769889 PMID:12560398 doi:10.1136/jcp.56.2.147... OK (250 KB) [pmc_pow_generic]
  [379/5960] PMC1770540 PMID:15623490 doi:10.1136/jcp.2004.017673... OK (319 KB) [pmc_pow]
  [380/5960] PMC1770728 PMID:15976349 doi:10.1136/jcp.2004.023804... OK (1012 KB) [pmc_pow]
  [381/5960] PMC1770765 PMID:16254108 doi:10.1136/jcp.2004.024703... OK (390 KB) [pmc_pow]
  [382/5960] PMC1770875 PMID:16049284 doi:10.1136/jcp.2005.025718... OK (175 KB) [pmc_pow]
  [383/5960] PMC1771975 PMID:14736793 doi:10.1136/bjo.2003.027664... OK (764 KB) [pmc_pow]
  [384/5960] PMC1772744 PMID:15965159 doi:10.1136/bjo.2004.060590... OK (199 KB) [pmc_pow]
  [385/5960] PMC1773378 PMID:12235080 doi:10.1136/gut.51.4.556... OK (256 KB) [pmc_pow]
  [386/5960] PMC1774072 PMID:15138206 doi:10.1136/gut.2003.024372... OK (666 KB) [pmc_pow]
  [387/5960] PMC17758 PMID:10430921 doi:10.1073/pnas.96.16.9207... OK (190 KB) [pmc_pow]
  [388/5960] PMC1775911 PMID:17235376 doi:10.3844/ajidsp.2006.49.57... OK (222 KB) [pmc_pow]
  [389/5960] PMC1779943 PMID:16514297 doi:10.1097/01.aids.0000216367.23325.58... OK (580 KB) [pmc_pow]
  [390/5960] PMC1782147 PMID:15885129 doi:10.1111/j.1365-2567.2005.02155.x... OK (203 KB) [pmc_pow]
  [391/5960] PMC1782581 PMID:15500622 doi:10.1111/j.1365-2567.2004.01973.x... FAIL [all_failed]
  [392/5960] PMC1782647 PMID:11872098 doi:10.1046/j.0019-2805.2001.01355.x... OK (282 KB) [pmc_pow]
  [393/5960] PMC1782900 PMID:12603597 doi:10.1046/j.1365-2567.2003.01584.x... OK (164 KB) [pmc_pow]
  [394/5960] PMC178377 PMID:12912900 doi:10.1128/EC.2.4.809-820.2003... OK (960 KB) [pmc_pow]
  [395/5960] PMC178486 PMID:8892815 doi:10.1128/jb.178.21.6166-6172.1996... OK (467 KB) [pmc_pow]
  [396/5960] PMC1785138 PMID:17032924 doi:10.1182/blood-2006-04-015149... FAIL [all_failed]
  [397/5960] PMC1785270 PMID:17242360 doi:10.1073/pnas.0607621104... OK (462 KB) [pmc_pow]
  [398/5960] PMC1785346 PMID:17236134 doi:10.1086/511282... OK (651 KB) [pmc_pow]
  [399/5960] PMC17928 PMID:10485871 doi:10.1073/pnas.96.19.10597... OK (99 KB) [pmc_pow]
  [400/5960] PMC1794275 PMID:17261801 doi:10.1073/pnas.0606144104... OK (2109 KB) [pmc_pow]
  [401/5960] PMC1794683 PMID:17172424 doi:10.1158/1535-7163.MCT-05-0531... OK (1056 KB) [pmc_pow]
  [402/5960] PMC1796774 PMID:17186027 doi:10.1038/sj.embor.7400878... OK (233 KB) [pmc_pow]
  [403/5960] PMC1797232 PMID:17050605 doi:10.1128/JVI.01267-06... OK (395 KB) [pmc_pow]
  [404/5960] PMC1797653 PMID:17088489 doi:10.1128/AAC.00729-05... OK (426 KB) [pmc_pow]
  [405/5960] PMC1798404 PMID:16815863 doi:10.1136/ard.2006.055152... OK (2638 KB) [pmc_pow]
  [406/5960] PMC1800695 PMID:17101781 doi:10.1128/MCB.01223-06... OK (773 KB) [pmc_pow]
  [407/5960] PMC1800831 PMID:17210449 doi:10.1016/j.freeradbiomed.2006.11.005... OK (465 KB) [pmc_pow]
  [408/5960] PMC1801155 PMID:7887409 no DOI... OK (2442 KB) [pmc_pow]
  [409/5960] PMC1801401 PMID:8533777 no DOI... OK (1915 KB) [pmc_pow]
  [410/5960] PMC1801496 PMID:7573035 no DOI... FAIL [all_failed]
  [411/5960] PMC1801540 PMID:7668244 no DOI... OK (4537 KB) [pmc_pow]
  [412/5960] PMC1801549 PMID:7668249 no DOI... OK (1854 KB) [pmc_pow]
  [413/5960] PMC1801555 PMID:7668252 no DOI... OK (2488 KB) [pmc_pow]
  [414/5960] PMC180389 PMID:3015002 doi:10.1128/aac.29.1.171... OK (697 KB) [pmc_pow]
  [415/5960] PMC1805116 PMID:16677095 doi:10.1089/ars.2006.8.506... OK (362 KB) [pmc_pow]
  [416/5960] PMC1805645 PMID:16339178 doi:10.1113/jphysiol.2005.100586... OK (762 KB) [pmc_pow]
  [417/5960] PMC1805655 PMID:16357012 doi:10.1113/jphysiol.2005.102178... OK (486 KB) [pmc_pow]
  [418/5960] PMC1809047 PMID:15147361 doi:10.1111/j.1365-2249.2004.02484.x... OK (184 KB) [pmc_pow]
  [419/5960] PMC1809635 PMID:16542377 doi:10.1111/j.1365-2249.2006.03023.x... OK (171 KB) [pmc_pow]
  [420/5960] PMC1810089 PMID:15801595 doi:10.1098/rsbl.2004.0234... OK (94 KB) [pmc_pow]
  [421/5960] PMC1810328 PMID:17360536 doi:10.1073/pnas.0610615104... OK (1366 KB) [pmc_pow]
  [422/5960] PMC18105 PMID:10725400 doi:10.1073/pnas.070047997... OK (231 KB) [pmc_pow]
  [423/5960] PMC1817641 PMID:17318182 doi:10.1038/sj.emboj.7601596... OK (446 KB) [pmc_pow]
  [424/5960] PMC1819428 PMID:16763003 doi:10.1113/jphysiol.2006.109892... OK (524 KB) [pmc_pow]
  [425/5960] PMC1819462 PMID:16777940 doi:10.1113/jphysiol.2006.111161... OK (502 KB) [pmc_pow]
  [426/5960] PMC1820653 PMID:17360422 doi:10.1073/pnas.0607187104... OK (289 KB) [pmc_pow]
  [427/5960] PMC1820707 PMID:17360476 doi:10.1073/pnas.0700020104... OK (506 KB) [pmc_pow]
  [428/5960] PMC1823039 PMID:17045586 doi:10.1016/j.yexcr.2006.09.014... FAIL [all_failed]
  [429/5960] PMC182622 PMID:12936966 doi:10.1128/AAC.47.9.2725-2731.2003... OK (357 KB) [pmc_pow]
  [430/5960] PMC1828028 PMID:17375895 doi:10.1016/j.ijms.2006.09.024... OK (148 KB) [pmc_pow]
  [431/5960] PMC1828285 PMID:17487345 doi:10.1900/RDS.2006.3.205... OK (332 KB) [pmc_pow]
  [432/5960] PMC1831462 PMID:17310215 doi:10.1038/labinvest.3700523... OK (1090 KB) [pmc_pow]
  [433/5960] PMC1831872 PMID:17258894 doi:10.1016/j.resmic.2006.11.001... OK (762 KB) [pmc_pow]
  [434/5960] PMC1838738 PMID:17110443 doi:10.1073/pnas.0607218103... OK (572 KB) [pmc_pow]
  [435/5960] PMC1838755 PMID:17114292 doi:10.1073/pnas.0607240103... OK (913 KB) [pmc_pow]
  [436/5960] PMC18388 PMID:10518552 doi:10.1073/pnas.96.21.11922... OK (742 KB) [pmc_pow]
  [437/5960] PMC1838830 PMID:17444599 doi:10.1631/jzus.2007.B0248... FAIL [all_failed]
  [438/5960] PMC1850070 PMID:10854229 doi:10.1016/S0002-9440(10)65079-1... OK (901 KB) [pmc_pow]
  [439/5960] PMC1850158 PMID:11021839 doi:10.1016/S0002-9440(10)64650-0... OK (640 KB) [pmc_pow]
  [440/5960] PMC1850242 PMID:16050986 doi:10.1016/j.mito.2005.01.004... OK (1119 KB) [pmc_pow]
  [441/5960] PMC1850399 PMID:11438477 doi:10.1016/S0002-9440(10)61696-3... OK (1027 KB) [pmc_pow]
  [442/5960] PMC1850442 PMID:11549597 doi:10.1016/S0002-9440(10)61780-4... OK (424 KB) [pmc_pow]
  [443/5960] PMC1850571 PMID:11485930 doi:10.1016/S0002-9440(10)61743-9... OK (629 KB) [pmc_pow]
  [444/5960] PMC1850872 PMID:12000737 doi:10.1016/S0002-9440(10)61132-7... OK (103 KB) [pmc_pow]
  [445/5960] PMC1850903 PMID:12466137 doi:10.1016/s0002-9440(10)64499-9... OK (378 KB) [pmc_pow]
  [446/5960] PMC1851069 PMID:17404228 doi:10.1073/pnas.0610618104... OK (2033 KB) [pmc_pow]
  [447/5960] PMC1851087 PMID:17384149 doi:10.1073/pnas.0700690104... OK (905 KB) [pmc_pow]
  [448/5960] PMC1851856 PMID:17255338 doi:10.2353/ajpath.2007.060651... OK (613 KB) [pmc_pow]
  [449/5960] PMC1851868 PMID:17255333 doi:10.2353/ajpath.2007.060359... FAIL [all_failed]
  [450/5960] PMC1852827 PMID:17268552 doi:10.1038/sj.emboj.7601551... OK (679 KB) [pmc_pow]
  [451/5960] PMC185285 PMID:7635990 doi:10.1172/JCI118145... OK (3861 KB) [pmc_pow]
  [452/5960] PMC1852967 PMID:9708816 doi:10.1016/S0002-9440(10)65599-X... OK (3393 KB) [pmc_pow]
  [453/5960] PMC1853247 PMID:17174285 doi:10.1016/j.brainres.2006.11.032... OK (630 KB) [pmc_pow]
  [454/5960] PMC1855737 PMID:17172334 doi:10.1128/JB.01548-06... OK (472 KB) [pmc_pow]
  [455/5960] PMC1856157 PMID:16174661 doi:10.1136/gut.2005.073205... OK (1432 KB) [pmc_pow]
  [456/5960] PMC1856252 PMID:16423888 doi:10.1136/gut.2005.082701... FAIL [all_failed]
  [457/5960] PMC1857338 PMID:17069802 doi:10.1016/j.expneurol.2006.09.010... OK (494 KB) [pmc_pow]
  [458/5960] PMC1857835 PMID:9284836 no DOI... OK (5821 KB) [pmc_pow]
  [459/5960] PMC1857926 PMID:9212754 no DOI... OK (7908 KB) [pmc_pow]
  [460/5960] PMC1858108 PMID:9422523 no DOI... OK (2687 KB) [pmc_pow]
  [461/5960] PMC1858271 PMID:9033257 no DOI... OK (4368 KB) [pmc_pow]
  [462/5960] PMC185828 PMID:7560083 doi:10.1172/JCI118237... OK (2127 KB) [pmc_pow]
  [463/5960] PMC1858657 PMID:17137571 doi:10.1016/j.ydbio.2006.10.004... OK (1069 KB) [pmc_pow]
  [464/5960] PMC1860255 PMID:16394275 doi:10.1136/jcp.2005.027664... OK (193 KB) [pmc_pow]
  [465/5960] PMC1861830 PMID:17156744 doi:10.1016/j.bbamem.2006.10.016... OK (1556 KB) [pmc_pow]
  [466/5960] PMC1862448 PMID:16337360 doi:10.1016/j.cellsig.2005.10.008... OK (729 KB) [pmc_pow]
  [467/5960] PMC1863503 PMID:17456604 doi:10.1073/pnas.0610818104... OK (446 KB) [pmc_pow]
  [468/5960] PMC1863572 PMID:17134376 doi:10.1042/BJ20061321... OK (190 KB) [pmc_pow]
  [469/5960] PMC1864816 PMID:17237194 doi:10.1529/biophysj.106.086769... OK (266 KB) [pmc_pow]
  [470/5960] PMC1864875 PMID:17322372 doi:10.2353/ajpath.2007.060655... OK (2653 KB) [pmc_pow]
  [471/5960] PMC1866661 PMID:10393834 doi:10.1016/S0002-9440(10)65096-1... FAIL [all_failed]
  [472/5960] PMC1866869 PMID:10433953 doi:10.1016/S0002-9440(10)65156-5... OK (1229 KB) [pmc_pow]
  [473/5960] PMC1866889 PMID:10487857 doi:10.1016/S0002-9440(10)65199-1... OK (399 KB) [pmc_pow]
  [474/5960] PMC1866921 PMID:10595934 doi:10.1016/S0002-9440(10)65523-X... OK (1432 KB) [pmc_pow]
  [475/5960] PMC1866931 PMID:10595944 doi:10.1016/S0002-9440(10)65533-2... OK (1505 KB) [pmc_pow]
  [476/5960] PMC1867016 PMID:10514382 doi:10.1016/S0002-9440(10)65202-9... OK (270 KB) [pmc_pow]
  [477/5960] PMC1867205 PMID:11943735 doi:10.1016/S0002-9440(10)62577-1... OK (352 KB) [pmc_pow]
  [478/5960] PMC1867623 PMID:16931588 doi:10.2353/jmoldx.2006.060008... OK (489 KB) [pmc_pow]
  [479/5960] PMC1868311 PMID:14507639 doi:10.1016/S0002-9440(10)63489-X... OK (1271 KB) [pmc_pow]
  [480/5960] PMC1868807 PMID:17488234 doi:10.1042/BJ20070524... FAIL [all_failed]
  [481/5960] PMC1874241 PMID:17168856 doi:10.1042/BJ20061281... OK (614 KB) [pmc_pow]
  [482/5960] PMC1874569 PMID:17218385 doi:10.1182/blood-2006-09-045039... FAIL [all_failed]
  [483/5960] PMC187576 PMID:12466294 doi:10.1101/gr.194102... OK (173 KB) [pmc_pow]
  [484/5960] PMC1876717 PMID:12716939 doi:10.1523/JNEUROSCI.23-08-03316.2003... OK (724 KB) [pmc_pow]
  [485/5960] PMC187837 PMID:12913124 doi:10.1073/pnas.1633804100... OK (675 KB) [pmc_pow]
  [486/5960] PMC187839 PMID:12886008 doi:10.1073/pnas.1732541100... OK (448 KB) [pmc_pow]
  [487/5960] PMC188128 PMID:7520683 doi:10.1128/aac.38.5.924... OK (1387 KB) [pmc_pow]
  [488/5960] PMC188279 PMID:7695256 doi:10.1128/aac.38.12.2743... OK (1473 KB) [pmc_pow]
  [489/5960] PMC1884399 PMID:14651728 doi:10.1046/j.1365-2125.2003.01922.x... OK (132 KB) [pmc_pow]
  [490/5960] PMC1885487 PMID:17264303 doi:10.1182/blood-2006-09-047076... FAIL [all_failed]
  [491/5960] PMC1885609 PMID:17517660 doi:10.1073/pnas.0702975104... OK (1471 KB) [pmc_pow]
  [492/5960] PMC1885623 PMID:17517627 doi:10.1073/pnas.0703285104... OK (923 KB) [pmc_pow]
  [493/5960] PMC1885744 PMID:11073810 doi:10.1016/S0002-9440(10)64788-8... OK (2417 KB) [pmc_pow]
  [494/5960] PMC1885754 PMID:11106583 doi:10.1016/S0002-9440(10)64849-3... OK (552 KB) [pmc_pow]
  [495/5960] PMC18859 PMID:11058158 doi:10.1073/pnas.220412197... OK (298 KB) [pmc_pow]
  [496/5960] PMC1886070 PMID:1867322 no DOI... OK (7324 KB) [pmc_pow]
  [497/5960] PMC1886722 PMID:8434651 no DOI... OK (7053 KB) [pmc_pow]
  [498/5960] PMC1887010 PMID:7688182 no DOI... OK (4299 KB) [pmc_pow]
  [499/5960] PMC1887469 PMID:8203467 no DOI... OK (3562 KB) [pmc_pow]
  [500/5960] PMC1887498 PMID:7992831 no DOI... OK (3181 KB) [pmc_pow]
  [501/5960] PMC1891339 PMID:17567998 doi:10.1101/gr.5754707... OK (515 KB) [pmc_pow]
  [502/5960] PMC1892212 PMID:17395008 doi:10.1016/j.freeradbiomed.2007.01.035... OK (800 KB) [pmc_pow]
  [503/5960] PMC1892439 PMID:14578204 doi:10.1016/s0002-9440(10)63563-8... OK (286 KB) [pmc_pow]
  [504/5960] PMC1893115 PMID:16817851 doi:10.1111/j.1742-4658.2006.05302.x... OK (543 KB) [pmc_pow]
  [505/5960] PMC1894683 PMID:17287350 doi:10.1073/pnas.0610832104... OK (1616 KB) [pmc_pow]
  [506/5960] PMC1895215 PMID:15870175 doi:10.1182/blood-2005-01-0346... FAIL [all_failed]
  [507/5960] PMC1895318 PMID:16020515 doi:10.1182/blood-2005-01-0150... FAIL [all_failed]
  [508/5960] PMC1895332 PMID:16020508 doi:10.1182/blood-2005-04-1531... FAIL [all_failed]
  [509/5960] PMC1895354 PMID:16166589 doi:10.1182/blood-2005-06-2302... FAIL [all_failed]
  [510/5960] PMC1895355 PMID:16141349 doi:10.1182/blood-2005-06-2409... FAIL [all_failed]
  [511/5960] PMC1895388 PMID:16368890 doi:10.1182/blood-2005-06-2269... FAIL [all_failed]
  [512/5960] PMC1895578 PMID:16804109 doi:10.1182/blood-2006-04-020263... FAIL [all_failed]
  [513/5960] PMC1895738 PMID:16282340 doi:10.1182/blood-2005-08-3516... FAIL [all_failed]
  [514/5960] PMC18965 PMID:11121062 doi:10.1073/pnas.97.26.14602... OK (168 KB) [pmc_pow]
  [515/5960] PMC18993 PMID:11121076 doi:10.1073/pnas.97.26.14766... OK (413 KB) [pmc_pow]
  [516/5960] PMC1899328 PMID:17079780 doi:10.1165/rcmb.2006-0214OC... FAIL [all_failed]
  [517/5960] PMC1899442 PMID:17525274 doi:10.2353/ajpath.2007.061002... OK (2256 KB) [pmc_pow]
  [518/5960] PMC1900046 PMID:17438127 doi:10.1128/MCB.00074-07... OK (948 KB) [pmc_pow]
  [519/5960] PMC1900104 PMID:17428866 doi:10.1128/JVI.00172-07... OK (172 KB) [pmc_pow]
  [520/5960] PMC1900312 PMID:17376932 doi:10.1128/JVI.02443-06... OK (291 KB) [pmc_pow]
  [521/5960] PMC1903339 PMID:17596340 doi:10.1073/pnas.0610467104... OK (1345 KB) [pmc_pow]
  [522/5960] PMC1903708 PMID:7212017 no DOI... OK (4340 KB) [pmc_pow]
  [523/5960] PMC1903887 PMID:6274197 no DOI... OK (1967 KB) [pmc_pow]
  [524/5960] PMC1904057 PMID:4584128 no DOI... OK (3528 KB) [pmc_pow]
  [525/5960] PMC19042 PMID:9465036 doi:10.1073/pnas.95.4.1455... OK (245 KB) [pmc_pow]
  [526/5960] PMC1904940 PMID:9566803 doi:10.1046/j.1365-2249.1998.00562.x... OK (370 KB) [pmc_pow]
  [527/5960] PMC1905251 PMID:10193410 doi:10.1046/j.1365-2249.1999.00832.x... OK (231 KB) [pmc_pow]
  [528/5960] PMC1905785 PMID:11122250 doi:10.1046/j.1365-2249.2000.01403.x... OK (164 KB) [pmc_pow]
  [529/5960] PMC1905846 PMID:17320357 doi:10.1016/j.bbadis.2007.01.009... OK (465 KB) [pmc_pow]
  [530/5960] PMC1906310 PMID:11966760 doi:10.1046/j.1365-2249.2002.01769.x... OK (261 KB) [pmc_pow]
  [531/5960] PMC1906335 PMID:11876765 doi:10.1046/j.1365-2249.2002.01751.x... OK (145 KB) [pmc_pow]
  [532/5960] PMC1906405 PMID:11985516 doi:10.1046/j.1365-2249.2002.01824.x... FAIL [all_failed]
  [533/5960] PMC1906479 PMID:12197882 doi:10.1046/j.1365-2249.2002.01898.x... OK (740 KB) [pmc_pow]
  [534/5960] PMC1906874 PMID:17102589 doi:10.4161/cbt.5.10.3455... OK (356 KB) [pmc_pow]
  [535/5960] PMC1907109 PMID:17369345 doi:10.1128/AEM.02569-06... OK (337 KB) [pmc_pow]
  [536/5960] PMC1907336 PMID:14573777 doi:10.1016/S1525-1578(10)60474-6... OK (1198 KB) [pmc_pow]
  [537/5960] PMC1907635 PMID:12629581 doi:10.1038/sj.tpj.6500146... OK (583 KB) [pmc_pow]
  [538/5960] PMC1910721 PMID:4520328 no DOI... OK (1945 KB) [pmc_pow]
  [539/5960] PMC1914096 PMID:17557076 doi:10.1038/sj.emboj.7601748... OK (342 KB) [pmc_pow]
  [540/5960] PMC1914581 PMID:8644720 no DOI... OK (2379 KB) [pmc_pow]
  [541/5960] PMC1914608 PMID:8651280 no DOI... OK (1609 KB) [pmc_pow]
  [542/5960] PMC1914790 PMID:8808587 no DOI... OK (1299 KB) [pmc_pow]
  [543/5960] PMC1914802 PMID:8808591 no DOI... OK (1664 KB) [pmc_pow]
  [544/5960] PMC1914856 PMID:8940273 no DOI... OK (2257 KB) [pmc_pow]
  [545/5960] PMC1914922 PMID:8751850 no DOI... OK (1625 KB) [pmc_pow]
  [546/5960] PMC1914925 PMID:8751860 no DOI... OK (2638 KB) [pmc_pow]
  [547/5960] PMC1916090 PMID:6753595 no DOI... OK (3390 KB) [pmc_pow]
  [548/5960] PMC1916216 PMID:7065118 no DOI... OK (3483 KB) [pmc_pow]
  [549/5960] PMC1917788 PMID:2117980 doi:10.1111/j.1476-5381.1990.tb15826.x... OK (1097 KB) [pmc_pow]
  [550/5960] PMC1918029 PMID:1707713 doi:10.1111/j.1476-5381.1991.tb12201.x... OK (1034 KB) [pmc_pow]
  [551/5960] PMC1918099 PMID:8128959 no DOI... OK (2311 KB) [pmc_pow]
  [552/5960] PMC1918182 PMID:8198140 no DOI... OK (1585 KB) [pmc_pow]
  [553/5960] PMC1918379 PMID:8037201 no DOI... OK (1122 KB) [pmc_pow]
  [554/5960] PMC1919520 PMID:17275978 doi:10.1016/j.pneurobio.2006.12.003... OK (2606 KB) [pmc_pow]
  [555/5960] PMC1920446 PMID:14334754 no DOI... OK (6629 KB) [pmc_pow]
  [556/5960] PMC19224 PMID:9465125 doi:10.1073/pnas.95.4.1961... OK (275 KB) [pmc_pow]
  [557/5960] PMC1924894 PMID:17585048 doi:10.1261/rna.588407... OK (4414 KB) [pmc_pow]
  [558/5960] PMC192736 PMID:8109916 doi:10.1128/aac.37.12.2550... OK (1875 KB) [pmc_pow]
  [559/5960] PMC1931561 PMID:17435232 doi:10.1534/genetics.106.066233... OK (1834 KB) [pmc_pow]
  [560/5960] PMC1932938 PMID:17452475 doi:10.1128/IAI.01940-06... OK (541 KB) [pmc_pow]
  [561/5960] PMC1934524 PMID:17600131 doi:10.2353/ajpath.2007.070094... OK (1095 KB) [pmc_pow]
  [562/5960] PMC1934611 PMID:17328863 doi:10.1016/j.bbrc.2007.02.067... OK (756 KB) [pmc_pow]
  [563/5960] PMC193565 PMID:12890866 doi:10.1073/pnas.1632471100... OK (429 KB) [pmc_pow]
  [564/5960] PMC19407 PMID:8943003 doi:10.1073/pnas.93.24.13731... OK (580 KB) [pmc_pow]
  [565/5960] PMC1941585 PMID:17591975 doi:10.2353/ajpath.2007.060965... FAIL [all_failed]
  [566/5960] PMC1941684 PMID:17174940 doi:10.1016/j.bcp.2006.11.020... OK (1011 KB) [pmc_pow]
  [567/5960] PMC19448 PMID:8943026 doi:10.1073/pnas.93.24.13859... OK (646 KB) [pmc_pow]
  [568/5960] PMC1944995 PMID:17150307 doi:10.1016/j.neuroscience.2006.09.064... OK (1470 KB) [pmc_pow]
  [569/5960] PMC194879 PMID:12808030 doi:10.1091/mbc.E02-10-0636... OK (455 KB) [pmc_pow]
  [570/5960] PMC1948986 PMID:17472575 doi:10.1042/BJ20070292... OK (1267 KB) [pmc_pow]
  [571/5960] PMC1949930 PMID:11474117 no DOI... OK (105 KB) [pmc_pow]
  [572/5960] PMC1949964 PMID:10972087 no DOI... OK (349 KB) [pmc_pow]
  [573/5960] PMC1950055 PMID:11683368 no DOI... FAIL [all_failed]
  [574/5960] PMC1950909 PMID:17564976 doi:10.1086/518901... OK (328 KB) [pmc_pow]
  [575/5960] PMC1951141 PMID:17573543 doi:10.1128/EC.00027-07... OK (359 KB) [pmc_pow]
  [576/5960] PMC1951777 PMID:17615298 doi:10.1091/mbc.E07-02-0164... OK (1861 KB) [pmc_pow]
  [577/5960] PMC1952129 PMID:17562866 doi:10.1128/MCB.02265-06... OK (360 KB) [pmc_pow]
  [578/5960] PMC1952303 PMID:16511074 doi:10.1107/S1744309105010444... OK (222 KB) [pmc_pow]
  [579/5960] PMC1952633 PMID:17786248 doi:10.1172/JCI31604... OK (1240 KB) [pmc_pow]
  [580/5960] PMC1952691 PMID:11793251 doi:10.1007/s101420100037... OK (952 KB) [openalex]
  [581/5960] PMC19544 PMID:9012815 doi:10.1073/pnas.94.2.514... OK (441 KB) [pmc_pow]
  [582/5960] PMC1954743 PMID:17151062 doi:10.1136/bjo.2006.093930... OK (854 KB) [pmc_pow]
  [583/5960] PMC1955463 PMID:17726113 doi:10.1073/pnas.0700901104... OK (1129 KB) [pmc_pow]
  [584/5960] PMC1955482 PMID:17359931 doi:10.1016/j.abb.2007.01.032... OK (846 KB) [pmc_pow]
  [585/5960] PMC196031 PMID:12654726 doi:10.1101/gad.1063703... OK (580 KB) [pmc_pow]
  [586/5960] PMC1964509 PMID:17823654 doi:10.1172/JCI31122... OK (1798 KB) [pmc_pow]
  [587/5960] PMC1965333 PMID:19971036 no DOI... OK (7112 KB) [pmc_pow]
  [588/5960] PMC196577 PMID:12972568 doi:10.1091/mbc.E03-02-0074... OK (473 KB) [pmc_pow]
  [589/5960] PMC196862 PMID:12960370 doi:10.1073/pnas.1932854100... OK (389 KB) [pmc_pow]
  [590/5960] PMC1974887 PMID:17482885 doi:10.1016/j.mito.2007.03.007... OK (237 KB) [pmc_pow]
  [591/5960] PMC19762 PMID:9037024 doi:10.1073/pnas.94.4.1166... OK (321 KB) [pmc_pow]
  [592/5960] PMC1976232 PMID:17766439 doi:10.1073/pnas.0702426104... OK (1259 KB) [pmc_pow]
  [593/5960] PMC1976282 PMID:17482557 doi:10.1016/j.abb.2007.04.005... OK (497 KB) [pmc_pow]
  [594/5960] PMC1976370 PMID:17540843 doi:10.1182/blood-2007-04-083204... FAIL [all_failed]
  [595/5960] PMC1986728 PMID:17374500 doi:10.1016/j.ymgme.2007.02.006... OK (131 KB) [pmc_pow]
  [596/5960] PMC1987388 PMID:17884985 doi:10.1073/pnas.0703933104... OK (1006 KB) [pmc_pow]
  [597/5960] PMC1988866 PMID:17823286 doi:10.2353/ajpath.2007.061164... OK (3025 KB) [pmc_pow]
  [598/5960] PMC1991308 PMID:16511187 doi:10.1107/S1744309105027193... OK (282 KB) [pmc_pow]
  [599/5960] PMC1991338 PMID:17400177 doi:10.1016/j.abb.2007.02.033... OK (650 KB) [pmc_pow]
  [600/5960] PMC199271 PMID:11181649 doi:10.1172/JCI11948... OK (295 KB) [pmc_pow]
  [601/5960] PMC1993861 PMID:17898872 doi:10.1593/neo.07535... OK (1137 KB) [pmc_pow]
  [602/5960] PMC1994488 PMID:17526804 doi:10.1136/jcp.2007.047134... FAIL [all_failed]
  [603/5960] PMC1995083 PMID:17288994 doi:10.1016/j.bbrc.2007.01.130... OK (526 KB) [pmc_pow]
  [604/5960] PMC1995688 PMID:16825308 doi:10.1113/jphysiol.2006.112094... OK (495 KB) [pmc_pow]
  [605/5960] PMC19975 PMID:9050837 doi:10.1073/pnas.94.5.1675... OK (254 KB) [pmc_pow]
  [606/5960] PMC2000536 PMID:17878308 doi:10.1073/pnas.0704441104... OK (537 KB) [pmc_pow]
  [607/5960] PMC2000627 PMID:17324239 doi:10.1111/j.1365-2125.2007.02864.x... OK (181 KB) [pmc_pow]
  [608/5960] PMC2000678 PMID:16945975 doi:10.1113/jphysiol.2006.114249... OK (579 KB) [pmc_pow]
  [609/5960] PMC2000851 PMID:17656251 doi:10.1016/j.cancergencyto.2007.04.003... OK (2083 KB) [pmc_pow]
  [610/5960] PMC20009 PMID:9050871 doi:10.1073/pnas.94.5.1866... FAIL [all_failed]
  [611/5960] PMC2002185 PMID:8217785 no DOI... OK (4764 KB) [pmc_pow]
  [612/5960] PMC2002532 PMID:17510655 doi:10.1038/sj.embor.7400982... OK (252 KB) [pmc_pow]
  [613/5960] PMC200953 PMID:11581299 doi:10.1172/JCI12983... OK (4240 KB) [pmc_pow]
  [614/5960] PMC201059 PMID:14500511 doi:10.1128/IAI.71.10.5900-5909.2003... OK (1780 KB) [pmc_pow]
  [615/5960] PMC201089 PMID:14500501 doi:10.1128/IAI.71.10.5794-5802.2003... OK (799 KB) [pmc_pow]
  [616/5960] PMC2013271 PMID:3196657 no DOI... OK (6630 KB) [pmc_pow]
  [617/5960] PMC2013280 PMID:2848569 no DOI... OK (1558 KB) [pmc_pow]
  [618/5960] PMC2018246 PMID:629325 no DOI... OK (2393 KB) [pmc_pow]
  [619/5960] PMC2020433 PMID:12096086 doi:10.1093/jnci/94.13.1010... OK (1013 KB) [pmc_pow]
  [620/5960] PMC2023873 PMID:17602953 doi:10.1016/j.freeradbiomed.2007.04.028... FAIL [all_failed]
  [621/5960] PMC2032202 PMID:199066 no DOI... OK (4424 KB) [pmc_pow]
  [622/5960] PMC2032295 PMID:1180333 no DOI... OK (1463 KB) [pmc_pow]
  [623/5960] PMC2032773 PMID:4562794 no DOI... OK (2713 KB) [pmc_pow]
  [624/5960] PMC2034339 PMID:17825826 doi:10.1016/j.febslet.2007.08.056... OK (800 KB) [pmc_pow]
  [625/5960] PMC2034671 PMID:17882259 doi:10.1038/sj.emboj.7601862... OK (629 KB) [pmc_pow]
  [626/5960] PMC2039994 PMID:12428064 no DOI... OK (122 KB) [pmc_pow]
  [627/5960] PMC2040210 PMID:17971903 doi:10.1593/neo.07475... OK (957 KB) [pmc_pow]
  [628/5960] PMC2040269 PMID:17509564 doi:10.1016/j.yexcr.2007.03.043... FAIL [all_failed]
  [629/5960] PMC2040806 PMID:6225451 no DOI... OK (1569 KB) [pmc_pow]
  [630/5960] PMC2041174 PMID:178334 no DOI... OK (2591 KB) [pmc_pow]
  [631/5960] PMC2041192 PMID:402145 no DOI... OK (6813 KB) [pmc_pow]
  [632/5960] PMC2041219 PMID:999791 no DOI... OK (4493 KB) [pmc_pow]
  [633/5960] PMC2041638 PMID:6261781 no DOI... OK (846 KB) [pmc_pow]
  [634/5960] PMC2042052 PMID:2998428 no DOI... OK (2861 KB) [pmc_pow]
  [635/5960] PMC2042223 PMID:760539 no DOI... OK (6190 KB) [pmc_pow]
  [636/5960] PMC2042270 PMID:371413 no DOI... OK (1719 KB) [pmc_pow]
  [637/5960] PMC2043361 PMID:17601876 doi:10.1128/EC.00141-07... OK (516 KB) [pmc_pow]
  [638/5960] PMC2043556 PMID:17855512 doi:10.1091/mbc.E06-12-1161... OK (1390 KB) [pmc_pow]
  [639/5960] PMC2044533 PMID:17635867 doi:10.1128/IAI.00557-07... OK (570 KB) [pmc_pow]
  [640/5960] PMC2045150 PMID:17975172 doi:10.1101/gr.6380007... OK (1137 KB) [pmc_pow]
  [641/5960] PMC2045521 PMID:17670831 doi:10.1128/JVI.00597-07... OK (1369 KB) [pmc_pow]
  [642/5960] PMC2045560 PMID:17686864 doi:10.1128/JVI.00734-07... OK (1017 KB) [pmc_pow]
  [643/5960] PMC206471 PMID:14500817 doi:10.1093/nar/gkg773... OK (353 KB) [pmc_pow]
  [644/5960] PMC2066198 PMID:17992259 doi:10.1172/JCI32741... OK (1708 KB) [pmc_pow]
  [645/5960] PMC206625 PMID:8366052 doi:10.1128/jb.175.17.5666-5676.1993... OK (2431 KB) [pmc_pow]
  [646/5960] PMC2071946 PMID:17295306 doi:10.1002/em.20284... OK (913 KB) [pmc_pow]
  [647/5960] PMC2072159 PMID:5772068 no DOI... OK (559 KB) [pmc_pow]
  [648/5960] PMC2072428 PMID:5125266 no DOI... OK (2565 KB) [pmc_pow]
  [649/5960] PMC2072539 PMID:5032090 no DOI... OK (2034 KB) [pmc_pow]
  [650/5960] PMC2072996 PMID:17340627 doi:10.1002/jcb.21287... OK (501 KB) [pmc_pow]
  [651/5960] PMC2075306 PMID:17478525 doi:10.1113/jphysiol.2007.135301... OK (444 KB) [pmc_pow]
  [652/5960] PMC2075421 PMID:17234694 doi:10.1113/jphysiol.2006.126391... OK (789 KB) [pmc_pow]
  [653/5960] PMC2080560 PMID:17696308 no DOI... OK (1316 KB) [pmc_pow]
  [654/5960] PMC2080561 PMID:17696306 no DOI... OK (1075 KB) [pmc_pow]
  [655/5960] PMC2080571 PMID:17696300 no DOI... OK (1433 KB) [pmc_pow]
  [656/5960] PMC2080659 PMID:17218520 doi:10.1126/science.1132894... OK (820 KB) [pmc_pow]
  [657/5960] PMC2084232 PMID:17704184 doi:10.1529/biophysj.107.111385... OK (1717 KB) [pmc_pow]
  [658/5960] PMC209082 PMID:1971618 doi:10.1128/jb.172.6.2862-2870.1990... OK (2765 KB) [pmc_pow]
  [659/5960] PMC209324 PMID:11390422 doi:10.1172/JCI12590... OK (1889 KB) [pmc_pow]
  [660/5960] PMC209375 PMID:11544279 doi:10.1172/JCI11775... OK (124 KB) [pmc_pow]
  [661/5960] PMC2094037 PMID:17765224 doi:10.1016/j.exer.2007.06.013... OK (1356 KB) [pmc_pow]
  [662/5960] PMC209429 PMID:11696579 doi:10.1172/JCI11235... OK (2082 KB) [pmc_pow]
  [663/5960] PMC20949 PMID:9653160 doi:10.1073/pnas.95.14.8175... OK (172 KB) [pmc_pow]
  [664/5960] PMC2096455 PMID:18060030 doi:10.1172/JCI32481... OK (1537 KB) [pmc_pow]
  [665/5960] PMC2099577 PMID:17936297 doi:10.1016/j.jmb.2007.09.031... OK (1671 KB) [pmc_pow]
  [666/5960] PMC2099623 PMID:17636012 doi:10.1128/MCB.01946-06... OK (1304 KB) [pmc_pow]
  [667/5960] PMC2100412 PMID:17719231 doi:10.1016/j.nbd.2007.07.013... OK (1335 KB) [pmc_pow]
  [668/5960] PMC21068 PMID:9177236 doi:10.1073/pnas.94.12.6438... OK (361 KB) [pmc_pow]
  [669/5960] PMC210825 PMID:2254272 doi:10.1128/jb.172.12.7035-7042.1990... FAIL [all_failed]
  [670/5960] PMC21110 PMID:9671712 doi:10.1073/pnas.95.15.8532... OK (285 KB) [pmc_pow]
  [671/5960] PMC2117329 PMID:15525657 doi:10.1093/hmg/ddi005... OK (1065 KB) [pmc_pow]
  [672/5960] PMC21200 PMID:9671802 doi:10.1073/pnas.95.15.9047... OK (162 KB) [pmc_pow]
  [673/5960] PMC212747 PMID:10835343 doi:10.1093/emboj/19.11.2444... OK (476 KB) [pmc_pow]
  [674/5960] PMC212813 PMID:12930954 doi:10.1093/nar/gkg717... OK (158 KB) [pmc_pow]
  [675/5960] PMC2131726 PMID:17725985 doi:10.1093/hmg/ddm227... OK (836 KB) [pmc_pow]
  [676/5960] PMC2134776 PMID:18042644 doi:10.1101/gr.6940108... OK (827 KB) [pmc_pow]
  [677/5960] PMC2141807 PMID:18003892 doi:10.1073/pnas.0709440104... FAIL [all_failed]
  [678/5960] PMC2142192 PMID:1304908 doi:10.1002/pro.5560010209... OK (2299 KB) [pmc_pow]
  [679/5960] PMC2142493 PMID:8495200 doi:10.1002/pro.5560020511... OK (5331 KB) [pmc_pow]
  [680/5960] PMC2142639 PMID:7703856 doi:10.1002/pro.5560031123... OK (683 KB) [pmc_pow]
  [681/5960] PMC2144141 PMID:10548037 doi:10.1110/ps.8.10.1922... OK (1898 KB) [pmc_pow]
  [682/5960] PMC2144226 PMID:10631996 doi:10.1110/ps.8.12.2784... OK (253 KB) [pmc_pow]
  [683/5960] PMC2147976 PMID:17947421 doi:10.1534/genetics.107.078923... OK (863 KB) [pmc_pow]
  [684/5960] PMC2151449 PMID:17724147 doi:10.1128/AAC.00692-07... OK (438 KB) [pmc_pow]
  [685/5960] PMC2154478 PMID:18077368 doi:10.1073/pnas.0707906105... OK (32348 KB) [pmc_pow_generic]
  [686/5960] PMC2167993 PMID:17893156 doi:10.1128/AAC.00893-07... OK (110 KB) [pmc_pow]
  [687/5960] PMC2168311 PMID:17709406 doi:10.1128/IAI.00863-07... OK (253 KB) [pmc_pow]
  [688/5960] PMC2169056 PMID:17785433 doi:10.1128/MCB.00440-07... OK (617 KB) [pmc_pow]
  [689/5960] PMC2169275 PMID:17456455 doi:10.1098/rspb.2007.0219... OK (138 KB) [pmc_pow]
  [690/5960] PMC2169382 PMID:17693053 doi:10.1016/j.tiv.2007.06.007... OK (2127 KB) [pmc_pow]
  [691/5960] PMC2176128 PMID:17690326 doi:10.1165/rcmb.2007-0154OC... OK (133 KB) [pmc_pow]
  [692/5960] PMC2176200 PMID:17412682 doi:10.1098/rspb.2007.0334... OK (255 KB) [pmc_pow]
  [693/5960] PMC21819 PMID:10220421 doi:10.1073/pnas.96.9.5077... OK (401 KB) [pmc_pow]
  [694/5960] PMC218729 PMID:14519855 doi:10.1073/pnas.1635259100... OK (349 KB) [pmc_pow]
  [695/5960] PMC2189563 PMID:17301019 doi:10.1098/rspb.2006.0258... OK (208 KB) [pmc_pow]
  [696/5960] PMC2190621 PMID:16780812 doi:10.1016/j.biopsych.2006.03.030... FAIL [all_failed]
  [697/5960] PMC219467 PMID:14530452 doi:10.1093/nar/gkg784... OK (225 KB) [pmc_pow]
  [698/5960] PMC2196442 PMID:17149590 doi:10.1007/s00125-006-0490-2... OK (2506 KB) [pmc_pow]
  [699/5960] PMC2203288 PMID:17242430 doi:10.1110/ps.062473707... OK (1260 KB) [pmc_pow]
  [700/5960] PMC2203379 PMID:17656586 doi:10.1110/ps.072833207... OK (509 KB) [pmc_pow]
  [701/5960] PMC22110 PMID:10377439 doi:10.1073/pnas.96.13.7473... OK (306 KB) [pmc_pow]
  [702/5960] PMC2211686 PMID:17962403 doi:10.1110/ps.073049407... OK (973 KB) [pmc_pow]
  [703/5960] PMC2212247 PMID:18083837 doi:10.1261/rna.697308... OK (711 KB) [pmc_pow]
  [704/5960] PMC2212258 PMID:18065717 doi:10.1261/rna.740108... OK (299 KB) [pmc_pow]
  [705/5960] PMC2212259 PMID:18083836 doi:10.1261/rna.698108... OK (1012 KB) [pmc_pow]
  [706/5960] PMC2212590 PMID:17428506 doi:10.1016/j.mrfmmm.2007.02.010... OK (1719 KB) [pmc_pow]
  [707/5960] PMC2219346 PMID:17711488 doi:10.1111/j.1365-2249.2007.03482.x... OK (328 KB) [pmc_pow]
  [708/5960] PMC2219499 PMID:18073427 doi:10.1534/genetics.107.077495... OK (383 KB) [pmc_pow]
  [709/5960] PMC221962 PMID:14082367 doi:10.1073/pnas.50.5.995... OK (1887 KB) [pmc_pow]
  [710/5960] PMC2220049 PMID:17917581 doi:10.1097/nen.0b013e318156a3d7... OK (231 KB) [pmc_pow]
  [711/5960] PMC2220080 PMID:18023956 doi:10.1016/j.tox.2007.10.004... OK (1192 KB) [pmc_pow]
  [712/5960] PMC22202 PMID:10393962 doi:10.1073/pnas.96.14.8144... FAIL [all_failed]
  [713/5960] PMC22218 PMID:10393978 doi:10.1073/pnas.96.14.8235... OK (108 KB) [pmc_pow]
  [714/5960] PMC2223314 PMID:17967887 doi:10.1128/MCB.01482-07... OK (535 KB) [pmc_pow]
  [715/5960] PMC2223897 PMID:17984232 doi:10.1128/AAC.00778-07... OK (151 KB) [pmc_pow]
  [716/5960] PMC2224183 PMID:18172213 doi:10.1073/pnas.0706183104... FAIL [all_failed]
  [717/5960] PMC2224593 PMID:17928352 doi:10.1128/JVI.01156-07... OK (499 KB) [pmc_pow]
  [718/5960] PMC2224772 PMID:18056282 doi:10.1128/AAC.01215-07... OK (588 KB) [pmc_pow]
  [719/5960] PMC2228254 PMID:17384130 doi:10.1152/ajpheart.00236.2007... OK (2346 KB) [pmc_pow]
  [720/5960] PMC2228261 PMID:16356120 doi:10.1089/ars.2005.7.1568... OK (1267 KB) [pmc_pow]
  [721/5960] PMC2228267 PMID:17475217 doi:10.1016/j.bbrc.2007.04.106... OK (2599 KB) [pmc_pow]
  [722/5960] PMC2229945 PMID:8529098 no DOI... OK (2151 KB) [pmc_pow]
  [723/5960] PMC2230030 PMID:8900538 no DOI... OK (4096 KB) [pmc_pow]
  [724/5960] PMC2230229 PMID:9392004 no DOI... OK (2061 KB) [pmc_pow]
  [725/5960] PMC2230322 PMID:10448647 no DOI... FAIL [all_failed]
  [726/5960] PMC2230323 PMID:10448645 no DOI... OK (1766 KB) [pmc_pow]
  [727/5960] PMC2230476 PMID:10602776 no DOI... OK (2461 KB) [pmc_pow]
  [728/5960] PMC2230839 PMID:17762861 doi:10.1038/sj.emboj.7601843... OK (427 KB) [pmc_pow]
  [729/5960] PMC2231011 PMID:9625884 doi:10.1111/j.1469-7793.1998.279bz.x... OK (329 KB) [pmc_pow]
  [730/5960] PMC2231159 PMID:9714871 doi:10.1111/j.1469-7793.1998.935bg.x... OK (381 KB) [pmc_pow]
  [731/5960] PMC2231285 PMID:9806992 doi:10.1111/j.1469-7793.1998.411bb.x... OK (655 KB) [pmc_pow]
  [732/5960] PMC22335 PMID:10097078 doi:10.1073/pnas.96.7.3572... FAIL [all_failed]
  [733/5960] PMC2234344 PMID:18188152 doi:10.1038/sj.emboj.7601975... OK (664 KB) [pmc_pow]
  [734/5960] PMC2234350 PMID:18216873 doi:10.1038/sj.emboj.7601972... OK (320 KB) [pmc_pow]
  [735/5960] PMC2234356 PMID:17435169 doi:10.1177/1087057107300463... OK (1505 KB) [pmc_pow]
  [736/5960] PMC223617 PMID:5256408 doi:10.1073/pnas.62.4.1077... OK (1102 KB) [pmc_pow]
  [737/5960] PMC2238668 PMID:18258751 doi:10.1101/gad.1627208... FAIL [all_failed]
  [738/5960] PMC2253300 PMID:16195549 doi:10.1110/ps.051632905... OK (688 KB) [pmc_pow]
  [739/5960] PMC2253485 PMID:16081649 doi:10.1110/ps.051463905... OK (430 KB) [pmc_pow]
  [740/5960] PMC2258259 PMID:18276780 doi:10.2353/ajpath.2008.070613... OK (739 KB) [pmc_pow]
  [741/5960] PMC2258549 PMID:18086841 doi:10.1128/AAC.00642-07... OK (419 KB) [pmc_pow]
  [742/5960] PMC2258791 PMID:18086897 doi:10.1128/MCB.01963-07... OK (901 KB) [pmc_pow]
  [743/5960] PMC2258941 PMID:18094160 doi:10.1128/JVI.02094-07... OK (1932 KB) [pmc_pow]
  [744/5960] PMC2258971 PMID:18199645 doi:10.1128/JVI.02456-07... OK (1058 KB) [pmc_pow]
  [745/5960] PMC2259102 PMID:18230803 doi:10.1101/gr.6880908... OK (1356 KB) [pmc_pow]
  [746/5960] PMC22609 PMID:9618478 doi:10.1073/pnas.95.12.6716... OK (359 KB) [pmc_pow]
  [747/5960] PMC2263000 PMID:18022315 doi:10.1016/j.canlet.2007.10.008... OK (782 KB) [pmc_pow]
  [748/5960] PMC2265188 PMID:18305157 doi:10.1073/pnas.0712400105... OK (528 KB) [pmc_pow]
  [749/5960] PMC2265662 PMID:17924343 doi:10.1086/522933... OK (553 KB) [pmc_pow]
  [750/5960] PMC2267347 PMID:17688422 doi:10.1042/BJ20070245... OK (295 KB) [pmc_pow]
  [751/5960] PMC2267409 PMID:17650073 doi:10.1042/BJ20070775... FAIL [all_failed]
  [752/5960] PMC2267512 PMID:19003013 doi:10.1007/s10616-007-9046-7... OK (325 KB) [pmc_pow]
  [753/5960] PMC2268081 PMID:18084317 doi:10.1038/sj.bjp.0707635... OK (387 KB) [pmc_pow]
  [754/5960] PMC2268644 PMID:17637738 doi:10.1038/sj.onc.1210681... OK (1646 KB) [pmc_pow]
  [755/5960] PMC2269251 PMID:18293455 doi:10.3325/cmj.2008.1.32... OK (549 KB) [pmc_pow]
  [756/5960] PMC2269891 PMID:10766936 doi:10.1111/j.1469-7793.2000.00603.x... OK (436 KB) [pmc_pow]
  [757/5960] PMC2269973 PMID:10856121 doi:10.1111/j.1469-7793.2000.t01-1-00681.x... OK (291 KB) [pmc_pow]
  [758/5960] PMC2269983 PMID:10878112 doi:10.1111/j.1469-7793.2000.t01-1-00203.x... OK (274 KB) [pmc_pow]
  [759/5960] PMC2270128 PMID:11034627 doi:10.1111/j.1469-7793.2000.00379.x... OK (237 KB) [pmc_pow]
  [760/5960] PMC2270181 PMID:11080246 doi:10.1111/j.1469-7793.2000.00003.x... OK (194 KB) [pmc_pow]
  [761/5960] PMC2270477 PMID:18023382 doi:10.1016/j.ymgme.2007.10.006... FAIL [all_failed]
  [762/5960] PMC2270478 PMID:18177640 doi:10.1016/j.expneurol.2007.06.015... FAIL [all_failed]
  [763/5960] PMC2271358 PMID:18314502 doi:10.1261/rna.952208... OK (606 KB) [pmc_pow]
  [764/5960] PMC2271369 PMID:18268021 doi:10.1261/rna.938108... OK (448 KB) [pmc_pow]
  [765/5960] PMC2275359 PMID:18202132 doi:10.1210/en.2007-1444... FAIL [all_failed]
  [766/5960] PMC2276380 PMID:18195003 doi:10.1074/jbc.M710610200... OK (345 KB) [pmc_pow]
  [767/5960] PMC2276384 PMID:18230609 doi:10.1074/jbc.M708944200... OK (455 KB) [pmc_pow]
  [768/5960] PMC2277194 PMID:17673506 doi:10.1113/jphysiol.2007.138362... OK (493 KB) [pmc_pow]
  [769/5960] PMC2277329 PMID:18078932 doi:10.1016/j.exer.2007.10.020... OK (1672 KB) [pmc_pow]
  [770/5960] PMC2278544 PMID:11306673 doi:10.1111/j.1469-7793.2001.0575f.x... OK (178 KB) [pmc_pow]
  [771/5960] PMC2278656 PMID:11410643 doi:10.1111/j.1469-7793.2001.t01-1-00881.x... OK (120 KB) [pmc_pow]
  [772/5960] PMC2278849 PMID:11579153 doi:10.1111/j.1469-7793.2001.t01-1-00003.x... OK (602 KB) [pmc_pow]
  [773/5960] PMC227885 PMID:7699073 doi:10.1128/jcm.33.1.85-89.1995... OK (301 KB) [pmc_pow]
  [774/5960] PMC2278998 PMID:11744769 doi:10.1111/j.1469-7793.2001.00971.x... OK (137 KB) [pmc_pow]
  [775/5960] PMC2279234 PMID:18219224 doi:10.1159/000113065... FAIL [all_failed]
  [776/5960] PMC2279331 PMID:15987893 doi:10.1110/ps.051477905... OK (402 KB) [pmc_pow]
  [777/5960] PMC2280005 PMID:15322287 doi:10.1110/ps.04783104... OK (153 KB) [pmc_pow]
  [778/5960] PMC228124 PMID:7615723 doi:10.1128/jcm.33.5.1164-1168.1995... OK (217 KB) [pmc_pow]
  [779/5960] PMC228146 PMID:7615742 doi:10.1128/jcm.33.5.1283-1288.1995... OK (438 KB) [pmc_pow]
  [780/5960] PMC22816 PMID:9770471 doi:10.1073/pnas.95.21.12244... OK (299 KB) [pmc_pow]
  [781/5960] PMC228466 PMID:14597761 doi:10.1172/JCI19435... OK (4866 KB) [pmc_pow]
  [782/5960] PMC22869 PMID:9770524 doi:10.1073/pnas.95.21.12556... OK (391 KB) [pmc_pow]
  [783/5960] PMC2290107 PMID:11826176 doi:10.1113/jphysiol.2001.013238... OK (198 KB) [pmc_pow]
  [784/5960] PMC2290332 PMID:12042361 doi:10.1113/jphysiol.2002.019216... OK (154 KB) [pmc_pow]
  [785/5960] PMC2290497 PMID:12181291 doi:10.1113/jphysiol.2002.019661... OK (206 KB) [pmc_pow]
  [786/5960] PMC2290561 PMID:12356901 doi:10.1113/jphysiol.2002.022764... OK (223 KB) [pmc_pow]
  [787/5960] PMC2292407 PMID:16728972 doi:10.1038/sj.jid.5700381... OK (1867 KB) [pmc_pow]
  [788/5960] PMC2292559 PMID:18212113 doi:10.1128/AAC.01393-07... OK (67 KB) [pmc_pow]
  [789/5960] PMC2292619 PMID:18281597 doi:10.1128/EC.00017-08... OK (940 KB) [pmc_pow]
  [790/5960] PMC2293043 PMID:18287243 doi:10.1128/JVI.01819-07... OK (330 KB) [pmc_pow]
  [791/5960] PMC2293061 PMID:18305033 doi:10.1128/JVI.02198-07... OK (783 KB) [pmc_pow]
  [792/5960] PMC2293290 PMID:17990320 doi:10.1002/ijc.23235... OK (845 KB) [pmc_pow]
  [793/5960] PMC229354 PMID:14557649 doi:10.1128/JVI.77.21.11633-11643.2003... FAIL [all_failed]
  [794/5960] PMC229585 PMID:9003601 doi:10.1128/jcm.35.2.383-387.1997... OK (195 KB) [pmc_pow]
  [795/5960] PMC22976 PMID:10535957 doi:10.1073/pnas.96.22.12536... OK (379 KB) [pmc_pow]
  [796/5960] PMC229764 PMID:9163459 doi:10.1128/jcm.35.6.1445-1449.1997... OK (565 KB) [pmc_pow]
  [797/5960] PMC22978 PMID:9238007 doi:10.1073/pnas.94.16.8509... OK (426 KB) [pmc_pow]
  [798/5960] PMC229822 PMID:9196174 doi:10.1128/jcm.35.7.1687-1690.1997... OK (123 KB) [pmc_pow]
  [799/5960] PMC230518 PMID:7739567 doi:10.1128/mcb.15.5.2872... OK (575 KB) [pmc_pow]
  [800/5960] PMC23071 PMID:9256447 doi:10.1073/pnas.94.17.9131... OK (271 KB) [pmc_pow]
  [801/5960] PMC230812 PMID:7565713 doi:10.1128/mcb.15.10.5618... OK (799 KB) [pmc_pow]
  [802/5960] PMC230958 PMID:8524270 doi:10.1128/mcb.15.12.7032... OK (525 KB) [pmc_pow]
  [803/5960] PMC2311356 PMID:18391214 doi:10.1073/pnas.0710626105... FAIL [all_failed]
  [804/5960] PMC231368 PMID:8668189 doi:10.1128/mcb.16.7.3720... OK (1110 KB) [pmc_pow]
  [805/5960] PMC231400 PMID:8754802 doi:10.1128/mcb.16.8.4043... OK (546 KB) [pmc_pow]
  [806/5960] PMC231876 PMID:9032278 doi:10.1128/mcb.17.3.1503... OK (866 KB) [pmc_pow]
  [807/5960] PMC231987 PMID:7823960 doi:10.1128/mcb.15.2.964... OK (600 KB) [pmc_pow]
  [808/5960] PMC232390 PMID:9271417 doi:10.1128/mcb.17.9.5400... OK (1587 KB) [pmc_pow]
  [809/5960] PMC2323910 PMID:18194662 doi:10.1016/j.bbamem.2007.12.01... OK (720 KB) [pmc_pow]
  [810/5960] PMC232539 PMID:9372914 doi:10.1128/mcb.17.12.6831... OK (857 KB) [pmc_pow]
  [811/5960] PMC232597 PMID:9106361 doi:10.1128/mmbr.61.1.1-16.1997... FAIL [all_failed]
  [812/5960] PMC2329719 PMID:18413600 doi:10.1073/pnas.0801722105... OK (2004 KB) [pmc_pow]
  [813/5960] PMC2330213 PMID:17401211 doi:10.1107/S1744309107012481... OK (251 KB) [pmc_pow]
  [814/5960] PMC2342594 PMID:12563009 doi:10.1113/jphysiol.2002.034850... OK (242 KB) [pmc_pow]
  [815/5960] PMC2342646 PMID:12562916 doi:10.1113/jphysiol.2002.037044... OK (528 KB) [pmc_pow]
  [816/5960] PMC2342737 PMID:12562905 doi:10.1113/jphysiol.2002.033605... OK (912 KB) [pmc_pow_generic]
  [817/5960] PMC2342916 PMID:12665604 doi:10.1113/jphysiol.2003.040097... OK (383 KB) [pmc_pow]
  [818/5960] PMC2342936 PMID:12651917 doi:10.1113/jphysiol.2002.035089... OK (456 KB) [pmc_pow]
  [819/5960] PMC2342997 PMID:12717010 doi:10.1113/jphysiol.2003.041905... OK (600 KB) [pmc_pow]
  [820/5960] PMC2343085 PMID:12794174 doi:10.1113/jphysiol.2003.040162... OK (155 KB) [pmc_pow]
  [821/5960] PMC2343318 PMID:12909668 doi:10.1113/jphysiol.2003.050674... OK (223 KB) [pmc_pow]
  [822/5960] PMC2343560 PMID:14514869 doi:10.1113/jphysiol.2003.045872... FAIL [all_failed]
  [823/5960] PMC2346614 PMID:18332166 doi:10.1128/AAC.01449-07... OK (189 KB) [pmc_pow]
  [824/5960] PMC2346748 PMID:18321965 doi:10.1128/JVI.02570-07... OK (1249 KB) [pmc_pow]
  [825/5960] PMC2347378 PMID:18245281 doi:10.1128/JB.01940-07... OK (478 KB) [pmc_pow]
  [826/5960] PMC23530 PMID:9326645 doi:10.1073/pnas.94.21.11540... OK (723 KB) [pmc_pow]
  [827/5960] PMC2359810 PMID:18443293 doi:10.1073/pnas.0710766105... OK (337 KB) [pmc_pow]
  [828/5960] PMC2364649 PMID:18295188 doi:10.1016/j.bcp.2008.01.006... OK (368 KB) [pmc_pow]
  [829/5960] PMC2365494 PMID:18086147 doi:10.1111/j.1600-079X.2007.00542.x... OK (1159 KB) [pmc_pow]
  [830/5960] PMC23663 PMID:9342341 doi:10.1073/pnas.94.22.11941... OK (341 KB) [pmc_pow]
  [831/5960] PMC2366858 PMID:18287522 doi:10.1091/mbc.E07-11-1103... OK (1314 KB) [pmc_pow]
  [832/5960] PMC2366870 PMID:18321989 doi:10.1091/mbc.E07-11-1113... OK (1399 KB) [pmc_pow]
  [833/5960] PMC2366905 PMID:15802955 doi:10.1089/vim.2005.18.89... OK (2061 KB) [pmc_pow]
  [834/5960] PMC2373443 PMID:11790843 doi:10.1110/ps.38002... OK (978 KB) [pmc_pow]
  [835/5960] PMC2374079 PMID:11468345 doi:10.1110/ps.5301... OK (305 KB) [pmc_pow]
  [836/5960] PMC2374141 PMID:11344316 doi:10.1110/ps.35301... OK (501 KB) [pmc_pow]
  [837/5960] PMC23752 PMID:9789062 doi:10.1073/pnas.95.22.13182... OK (809 KB) [pmc_pow]
  [838/5960] PMC2375725 PMID:18238810 doi:10.1113/jphysiol.2007.146829... OK (462 KB) [pmc_pow]
  [839/5960] PMC2376306 PMID:17768348 doi:10.1107/S1744309107038651... FAIL [all_failed]
  [840/5960] PMC2383975 PMID:18458339 doi:10.1073/pnas.0800019105... OK (859 KB) [pmc_pow]
  [841/5960] PMC2386271 PMID:18413749 doi:10.1158/0008-5472.CAN-08-0053... OK (878 KB) [pmc_pow]
  [842/5960] PMC2386926 PMID:17650502 doi:10.1074/jbc.M705007200... OK (269 KB) [pmc_pow]
  [843/5960] PMC2386933 PMID:18375382 doi:10.1074/jbc.M801107200... OK (318 KB) [pmc_pow]
  [844/5960] PMC2386939 PMID:18334488 doi:10.1074/jbc.M708323200... OK (506 KB) [pmc_pow]
  [845/5960] PMC2386942 PMID:17650503 doi:10.1074/jbc.M705006200... OK (212 KB) [pmc_pow]
  [846/5960] PMC2386954 PMID:18234165 doi:10.1016/j.brainres.2007.12.044... OK (1746 KB) [pmc_pow]
  [847/5960] PMC2386998 PMID:18328613 doi:10.1016/j.tox.2008.01.017... FAIL [all_failed]
  [848/5960] PMC2387116 PMID:17311546 doi:10.2174/156720207779940653... OK (159 KB) [pmc_pow]
  [849/5960] PMC2387239 PMID:18329003 doi:10.1016/j.bcp.2008.01.017... OK (1579 KB) [pmc_pow]
  [850/5960] PMC2395058 PMID:18375549 doi:10.1128/JB.01767-07... OK (519 KB) [pmc_pow]
  [851/5960] PMC2396196 PMID:18483301 doi:10.1158/1535-7163.MCT-07-0553... FAIL [all_failed]
  [852/5960] PMC2397315 PMID:18353969 doi:10.1091/mbc.E07-12-1287... OK (1513 KB) [pmc_pow]
  [853/5960] PMC2397453 PMID:18378680 doi:10.1074/jbc.M800310200... OK (312 KB) [pmc_pow]
  [854/5960] PMC2405939 PMID:16061942 doi:10.1194/jlr.M500230-JLR200... OK (1534 KB) [pmc_pow]
  [855/5960] PMC2408405 PMID:18458094 doi:10.2353/ajpath.2008.071163... OK (693 KB) [pmc_pow]
  [856/5960] PMC2409392 PMID:18509062 doi:10.1073/pnas.0802063105... OK (1035 KB) [pmc_pow]
  [857/5960] PMC2410086 PMID:18396015 doi:10.1016/j.jdermsci.2008.02.007... OK (468 KB) [pmc_pow]
  [858/5960] PMC2410094 PMID:18490749 doi:10.4049/jimmunol.180.11.7485... OK (1364 KB) [pmc_pow]
  [859/5960] PMC2417161 PMID:18218619 doi:10.1074/jbc.M707860200... OK (899 KB) [pmc_pow]
  [860/5960] PMC2423129 PMID:18426910 doi:10.1128/MCB.00013-08... OK (665 KB) [pmc_pow]
  [861/5960] PMC2423388 PMID:18069991 doi:10.1111/j.1469-7580.2007.00837.x... OK (748 KB) [pmc_pow]
  [862/5960] PMC2424222 PMID:18178500 doi:10.1016/j.ymgme.2007.11.007... OK (2130 KB) [pmc_pow]
  [863/5960] PMC2424318 PMID:18377871 doi:10.1016/j.bcp.2008.02.023... OK (791 KB) [pmc_pow]
  [864/5960] PMC2427203 PMID:18439549 doi:10.1016/j.ajhg.2008.04.002... OK (752 KB) [pmc_pow]
  [865/5960] PMC2427212 PMID:18304497 doi:10.1016/j.ajhg.2007.12.012... FAIL [all_failed]
  [866/5960] PMC2427281 PMID:18371929 doi:10.1016/j.ajhg.2008.01.019... OK (214 KB) [pmc_pow]
  [867/5960] PMC2427282 PMID:18499082 doi:10.1016/j.ajhg.2008.05.002... OK (1151 KB) [pmc_pow]
  [868/5960] PMC2427290 PMID:18252214 doi:10.1016/j.ajhg.2007.10.007... OK (363 KB) [pmc_pow]
  [869/5960] PMC2427581 PMID:4908552 no DOI... OK (1163 KB) [pmc_pow]
  [870/5960] PMC2430521 PMID:18444869 doi:10.1086/529384... OK (123 KB) [pmc_pow]
  [871/5960] PMC2430675 PMID:18615133 doi:10.2174/157015906775203039... OK (181 KB) [pmc_pow]
  [872/5960] PMC2431021 PMID:18245082 doi:10.1074/jbc.M710012200... OK (658 KB) [pmc_pow]
  [873/5960] PMC2431035 PMID:18227065 doi:10.1074/jbc.M709135200... OK (842 KB) [pmc_pow]
  [874/5960] PMC2435592 PMID:18253729 doi:10.1007/s00251-008-0277-3... FAIL [all_failed]
  [875/5960] PMC2440621 PMID:18420586 doi:10.1074/jbc.M802156200... OK (740 KB) [pmc_pow]
  [876/5960] PMC2442321 PMID:18339627 doi:10.1074/jbc.M709698200... OK (541 KB) [pmc_pow]
  [877/5960] PMC2443964 PMID:18607100 doi:10.1107/S174430910801676X... OK (345 KB) [pmc_pow]
  [878/5960] PMC2444000 PMID:18077827 doi:10.1194/jlr.R700018-JLR200... OK (503 KB) [pmc_pow]
  [879/5960] PMC2447053 PMID:18417572 doi:10.1128/JVI.02710-07... OK (2627 KB) [pmc_pow]
  [880/5960] PMC2447668 PMID:18281288 doi:10.1074/jbc.M708801200... OK (337 KB) [pmc_pow]
  [881/5960] PMC2453002 PMID:18082128 doi:10.1016/j.abb.2007.11.017... OK (666 KB) [pmc_pow]
  [882/5960] PMC2453747 PMID:18587046 doi:10.1073/pnas.0804283105... OK (965 KB) [pmc_pow]
  [883/5960] PMC24590 PMID:9844030 doi:10.1073/pnas.95.25.15145... OK (179 KB) [pmc_pow]
  [884/5960] PMC2474776 PMID:18513948 doi:10.1016/j.conb.2008.05.010... OK (590 KB) [pmc_pow]
  [885/5960] PMC2474939 PMID:18850184 doi:10.1007/s12263-007-0059-9... OK (417 KB) [pmc_pow]
  [886/5960] PMC2475784 PMID:18599615 doi:10.2353/ajpath.2008.071208... OK (1645 KB) [pmc_pow]
  [887/5960] PMC2477707 PMID:18648556 doi:10.2203/dose-response.06-112.Pollycove... OK (239 KB) [pmc_pow]
  [888/5960] PMC2480587 PMID:18787636 no DOI... OK (810 KB) [pmc_pow]
  [889/5960] PMC2486429 PMID:18190940 doi:10.1016/j.taap.2007.12.001... OK (1436 KB) [pmc_pow]
  [890/5960] PMC2488218 PMID:18450962 doi:10.1210/en.2007-1682... FAIL [all_failed]
  [891/5960] PMC2488249 PMID:18450961 doi:10.1210/en.2007-1739... FAIL [all_failed]
  [892/5960] PMC2488271 PMID:18508966 doi:10.1681/ASN.2007111245... OK (1061 KB) [pmc_pow]
  [893/5960] PMC2491457 PMID:18677408 doi:10.1172/JCI34120... OK (1580 KB) [pmc_pow]
  [894/5960] PMC2491496 PMID:18394430 doi:10.1016/j.biochi.2008.03.009... OK (361 KB) [pmc_pow]
  [895/5960] PMC24920 PMID:9811888 doi:10.1073/pnas.95.23.13841... OK (480 KB) [pmc_pow]
  [896/5960] PMC2493104 PMID:18541728 doi:10.1128/AAC.00434-08... FAIL [all_failed]
  [897/5960] PMC2493433 PMID:18426903 doi:10.1101/gr.076091.108... OK (410 KB) [pmc_pow]
  [898/5960] PMC2493459 PMID:18367648 doi:10.1096/fj.07-104224... FAIL [all_failed]
  [899/5960] PMC2493592 PMID:18460596 doi:10.1152/ajpendo.00752.2007... FAIL [all_failed]
  [900/5960] PMC2494556 PMID:18316212 doi:10.1016/j.nlm.2008.01.011... OK (854 KB) [pmc_pow]
  [901/5960] PMC2494876 PMID:18296656 doi:10.1167/iovs.07-1344... OK (943 KB) [pmc_pow]
  [902/5960] PMC2494915 PMID:18540044 doi:10.1074/jbc.M803452200... OK (637 KB) [pmc_pow]
  [903/5960] PMC2495975 PMID:1215245 doi:10.1136/pgmj.51.595.325... OK (1487 KB) [pmc_pow]
  [904/5960] PMC2502066 PMID:18514418 doi:10.1016/j.neulet.2008.05.005... OK (217 KB) [pmc_pow]
  [905/5960] PMC2504897 PMID:18541534 doi:10.1074/jbc.M801765200... OK (353 KB) [pmc_pow]
  [906/5960] PMC2515868 PMID:18294003 doi:10.1021/ac702130n... OK (1218 KB) [pmc_pow]
  [907/5960] PMC2516254 PMID:18685103 doi:10.1073/pnas.0805399105... OK (1004 KB) [pmc_pow]
  [908/5960] PMC2516494 PMID:18544562 doi:10.1093/carcin/bgn137... OK (675 KB) [pmc_pow]
  [909/5960] PMC251650 PMID:4120203 doi:10.1128/jb.113.1.468-477.1973... OK (3681 KB) [pmc_pow]
  [910/5960] PMC2517144 PMID:18396303 doi:10.1016/j.trstmh.2008.02.019... OK (883 KB) [pmc_pow]
  [911/5960] PMC2517418 PMID:18336867 doi:10.1016/j.mad.2008.01.005... OK (62 KB) [pmc_pow]
  [912/5960] PMC2517437 PMID:16191103 doi:10.1111/j.0959-9673.2005.00442.x... OK (8262 KB) [pmc_pow]
  [913/5960] PMC2517570 PMID:14748747 doi:10.1111/j.0959-9673.2003.00364.x... OK (1191 KB) [pmc_pow]
  [914/5960] PMC2517634 PMID:18539099 doi:10.1016/j.mito.2008.04.004... OK (1616 KB) [pmc_pow]
  [915/5960] PMC2517640 PMID:18714396 doi:10.1593/neo.08444... OK (1075 KB) [pmc_pow]
  [916/5960] PMC2518062 PMID:17378584 doi:10.1021/bi0618215... OK (1206 KB) [pmc_pow]
  [917/5960] PMC2518168 PMID:18414044 doi:10.4161/cc.7.8.5739... OK (1479 KB) [pmc_pow]
  [918/5960] PMC2518906 PMID:18524991 doi:10.1182/blood-2008-04-149575... FAIL [all_failed]
  [919/5960] PMC2519607 PMID:17937776 doi:10.1111/j.1747-0285.2007.00567.x... OK (917 KB) [pmc_pow]
  [920/5960] PMC2519700 PMID:18541666 doi:10.1128/MCB.00457-08... OK (1180 KB) [pmc_pow]
  [921/5960] PMC2519719 PMID:18573874 doi:10.1128/MCB.00545-08... OK (862 KB) [pmc_pow]
  [922/5960] PMC2519767 PMID:18586950 doi:10.1128/EC.00085-08... OK (3615 KB) [pmc_pow]
  [923/5960] PMC2519888 PMID:18374390 doi:10.1016/j.mad.2008.02.001... OK (1331 KB) [pmc_pow]
  [924/5960] PMC25247 PMID:10198065 doi:10.1091/mbc.10.4.1179... OK (1689 KB) [pmc_pow]
  [925/5960] PMC2525696 PMID:18769631 doi:10.1172/JCI35111... OK (399 KB) [pmc_pow]
  [926/5960] PMC2525806 PMID:16681382 doi:10.1021/bi060138f... OK (2761 KB) [pmc_pow]
  [927/5960] PMC25259 PMID:9450959 doi:10.1091/mbc.9.2.333... OK (410 KB) [pmc_pow]
  [928/5960] PMC2527111 PMID:18593709 doi:10.1074/jbc.M803674200... OK (443 KB) [pmc_pow]
  [929/5960] PMC2527237 PMID:17525127 doi:10.1210/en.2007-0521... OK (1108 KB) [pmc_pow]
  [930/5960] PMC2527349 PMID:18757748 doi:10.1073/pnas.0806192105... OK (1019 KB) [pmc_pow]
  [931/5960] PMC2527544 PMID:18262096 doi:10.1016/j.ijrobp.2007.10.047... OK (1363 KB) [pmc_pow]
  [932/5960] PMC2528878 PMID:18502655 doi:10.1016/j.nbd.2008.03.010... OK (1739 KB) [pmc_pow]
  [933/5960] PMC2529005 PMID:18621729 doi:10.1074/jbc.M800706200... OK (572 KB) [pmc_pow]
  [934/5960] PMC2529467 PMID:17655326 doi:10.1021/bi700555g... OK (2995 KB) [pmc_pow]
  [935/5960] PMC2529477 PMID:18534571 doi:10.1016/j.ejphar.2008.04.045... OK (1667 KB) [pmc_pow]
  [936/5960] PMC2531134 PMID:18501193 doi:10.1016/j.bbrc.2008.05.058... OK (443 KB) [pmc_pow]
  [937/5960] PMC2532631 PMID:16809959 doi:10.3347/kjp.2006.44.2.117... OK (821 KB) [pmc_pow]
  [938/5960] PMC2533141 PMID:18795123 doi:10.1593/tlo.08133... OK (1446 KB) [pmc_pow]
  [939/5960] PMC2533213 PMID:18768799 doi:10.1073/pnas.0806762105... OK (831 KB) [pmc_pow]
  [940/5960] PMC2533742 PMID:17335970 doi:10.1016/j.neulet.2007.01.071... OK (450 KB) [pmc_pow]
  [941/5960] PMC2533800 PMID:18603533 doi:10.1074/jbc.M804015200... OK (693 KB) [pmc_pow]
  [942/5960] PMC2535852 PMID:18754870 doi:10.1111/j.1349-7006.2008.00879.x... OK (238 KB) [pmc_pow]
  [943/5960] PMC2536824 PMID:18664629 doi:10.1152/physiolgenomics.90225.2008... FAIL [all_failed]
  [944/5960] PMC253807 PMID:14576092 doi:10.1128/AAC.47.11.3384-3392.2003... OK (247 KB) [pmc_pow]
  [945/5960] PMC2538676 PMID:18342637 doi:10.1016/j.freeradbiomed.2008.02.007... OK (2576 KB) [pmc_pow]
  [946/5960] PMC2538832 PMID:18556367 doi:10.1113/jphysiol.2008.153916... OK (527 KB) [pmc_pow]
  [947/5960] PMC2538871 PMID:18245376 doi:10.1073/pnas.0711799105... OK (1253 KB) [pmc_pow]
  [948/5960] PMC2538879 PMID:18250315 doi:10.1073/pnas.0708022105... OK (1151 KB) [pmc_pow]
  [949/5960] PMC25402 PMID:9658161 doi:10.1091/mbc.9.7.1649... OK (617 KB) [pmc_pow]
  [950/5960] PMC2544630 PMID:16749867 doi:10.1021/mp050065e... OK (2115 KB) [pmc_pow]
  [951/5960] PMC2546560 PMID:18635552 doi:10.1074/jbc.M803491200... OK (462 KB) [pmc_pow]
  [952/5960] PMC2546820 PMID:18663006 doi:10.1128/IAI.00575-08... FAIL [all_failed]
  [953/5960] PMC2546834 PMID:18644882 doi:10.1128/IAI.01612-07... OK (2292 KB) [pmc_pow]
  [954/5960] PMC2546940 PMID:18625724 doi:10.1128/MCB.00642-08... OK (933 KB) [pmc_pow]
  [955/5960] PMC25503 PMID:9725900 doi:10.1091/mbc.9.9.2375... OK (337 KB) [pmc_pow]
  [956/5960] PMC2553330 PMID:18830055 doi:10.3347/kjp.2008.46.3.157... OK (1967 KB) [pmc_pow]
  [957/5960] PMC2556002 PMID:18678873 doi:10.1074/jbc.M802991200... OK (607 KB) [pmc_pow]
  [958/5960] PMC2556433 PMID:18771762 doi:10.1016/j.ajhg.2008.08.013... OK (1270 KB) [pmc_pow]
  [959/5960] PMC25568 PMID:9763452 doi:10.1091/mbc.9.10.2917... FAIL [all_failed]
  [960/5960] PMC2556853 PMID:18640989 doi:10.1093/hmg/ddn211... OK (730 KB) [pmc_pow]
  [961/5960] PMC2557026 PMID:18832158 doi:10.1073/pnas.0808115105... OK (1258 KB) [pmc_pow]
  [962/5960] PMC2559911 PMID:18832074 doi:10.1101/gad.478408... OK (1062 KB) [pmc_pow]
  [963/5960] PMC25601 PMID:10512871 doi:10.1091/mbc.10.10.3345... OK (388 KB) [pmc_pow]
  [964/5960] PMC2561934 PMID:18940309 doi:10.1016/j.ajhg.2008.09.009... OK (1160 KB) [pmc_pow]
  [965/5960] PMC2562304 PMID:17994687 doi:10.1021/pr070401e... OK (1046 KB) [pmc_pow]
  [966/5960] PMC2562876 PMID:18468786 doi:10.1016/j.canlet.2008.03.020... OK (616 KB) [pmc_pow]
  [967/5960] PMC2562913 PMID:18191903 doi:10.1016/j.neuroscience.2007.11.029... OK (1597 KB) [pmc_pow]
  [968/5960] PMC2563078 PMID:18809928 doi:10.1073/pnas.0805340105... OK (821 KB) [pmc_pow]
  [969/5960] PMC2563165 PMID:16690729 doi:10.1136/jmg.2005.034140... OK (214 KB) [pmc_pow]
  [970/5960] PMC2563237 PMID:16155197 doi:10.1136/jmg.2005.032326... FAIL [all_failed]
  [971/5960] PMC2564511 PMID:16055927 doi:10.1136/jmg.2005.036657... OK (1592 KB) [pmc_pow]
  [972/5960] PMC2566526 PMID:18703498 doi:10.1093/hmg/ddn226... OK (1047 KB) [pmc_pow]
  [973/5960] PMC2567220 PMID:18796602 doi:10.1073/pnas.0807549105... OK (764 KB) [pmc_pow]
  [974/5960] PMC2567458 PMID:18818304 doi:10.1073/pnas.0804236105... OK (809 KB) [pmc_pow]
  [975/5960] PMC2567807 PMID:18388311 doi:10.1242/jcs.025163... OK (722 KB) [pmc_pow]
  [976/5960] PMC2568060 PMID:18676956 doi:10.1128/EC.00206-08... OK (812 KB) [pmc_pow]
  [977/5960] PMC2569174 PMID:18658029 doi:10.1182/blood-2008-03-143479... FAIL [all_failed]
  [978/5960] PMC2569837 PMID:16762638 doi:10.1053/j.gastro.2006.03.024... OK (1746 KB) [pmc_pow]
  [979/5960] PMC2569901 PMID:18645207 doi:10.1369/jhc.2008.951475... OK (1732 KB) [pmc_pow]
  [980/5960] PMC25707 PMID:9362068 doi:10.1091/mbc.8.11.2267... OK (441 KB) [pmc_pow]
  [981/5960] PMC2570754 PMID:16544944 doi:10.1021/tx050283e... OK (733 KB) [pmc_pow]
  [982/5960] PMC2570890 PMID:18708636 doi:10.1074/jbc.M803028200... OK (495 KB) [pmc_pow]
  [983/5960] PMC257099 PMID:1563786 doi:10.1128/iai.60.5.1946-1951.1992... OK (1660 KB) [pmc_pow]
  [984/5960] PMC2573044 PMID:18039331 doi:10.1111/j.1742-4658.2007.06184.x... OK (978 KB) [pmc_pow]
  [985/5960] PMC2573064 PMID:18768478 doi:10.1074/jbc.M802529200... OK (1354 KB) [pmc_pow]
  [986/5960] PMC2573069 PMID:18713742 doi:10.1074/jbc.M804746200... OK (645 KB) [pmc_pow]
  [987/5960] PMC2573133 PMID:18710913 doi:10.1128/AAC.01597-07... OK (810 KB) [pmc_pow]
  [988/5960] PMC2573180 PMID:18701596 doi:10.1128/JVI.01187-08... OK (1370 KB) [pmc_pow_generic]
  [989/5960] PMC2573227 PMID:18725402 doi:10.1128/MCB.00191-08... OK (3031 KB) [pmc_pow]
  [990/5960] PMC2573345 PMID:18765728 doi:10.1128/IAI.00221-08... OK (1014 KB) [pmc_pow]
  [991/5960] PMC2575954 PMID:18628338 doi:10.1152/physiolgenomics.00297.2007... FAIL [all_failed]
  [992/5960] PMC2577434 PMID:18710944 doi:10.1128/MCB.00426-08... OK (4070 KB) [pmc_pow]
  [993/5960] PMC2577895 PMID:18585084 doi:10.1016/j.parkreldis.2008.04.004... OK (57 KB) [pmc_pow]
  [994/5960] PMC2577902 PMID:18583172 doi:10.1016/j.parkreldis.2008.04.008... OK (38 KB) [pmc_pow]
  [995/5960] PMC2578859 PMID:18796578 doi:10.1261/rna.1208808... OK (354 KB) [pmc_pow]
  [996/5960] PMC2579266 PMID:18601999 doi:10.1016/j.freeradbiomed.2008.05.030... OK (885 KB) [pmc_pow]
  [997/5960] PMC2579664 PMID:18641674 doi:10.1038/bjp.2008.292... OK (422 KB) [pmc_pow]
  [998/5960] PMC2579668 PMID:18604229 doi:10.1038/bjp.2008.287... FAIL [all_failed]
  [999/5960] PMC2581953 PMID:18791242 doi:10.1534/genetics.108.091116... OK (1485 KB) [pmc_pow]
  [1000/5960] PMC2582265 PMID:18955696 doi:10.1073/pnas.0806143105... OK (788 KB) [pmc_pow]
  [1001/5960] PMC2582934 PMID:19033652 doi:10.1172/JCI37373... OK (720 KB) [pmc_pow]
  [1002/5960] PMC2583030 PMID:19066553 doi:10.3791/724... OK (83 KB) [pmc_pow]
  [1003/5960] PMC2584669 PMID:18988731 doi:10.1073/pnas.0809634105... OK (920 KB) [pmc_pow]
  [1004/5960] PMC25847 PMID:10805800 doi:10.1073/pnas.97.10.5440... OK (770 KB) [pmc_pow]
  [1005/5960] PMC2584717 PMID:19004765 doi:10.1073/pnas.0804782105... OK (898 KB) [pmc_pow]
  [1006/5960] PMC2584719 PMID:18997010 doi:10.1073/pnas.0808198105... OK (1065 KB) [pmc_pow]
  [1007/5960] PMC2584745 PMID:19004802 doi:10.1073/pnas.0803090105... FAIL [all_failed]
  [1008/5960] PMC2585023 PMID:18780757 doi:10.1152/physiolgenomics.90282.2008... FAIL [all_failed]
  [1009/5960] PMC2586044 PMID:18566333 doi:10.1165/rcmb.2008-0112OC... OK (457 KB) [pmc_pow]
  [1010/5960] PMC2586291 PMID:18602901 doi:10.1016/j.brainres.2008.06.045... OK (2925 KB) [pmc_pow]
  [1011/5960] PMC2588105 PMID:18753253 doi:10.1681/ASN.2008030336... OK (1058 KB) [pmc_pow]
  [1012/5960] PMC2588187 PMID:19096576 doi:10.3340/jkns.2007.42.5.392... OK (688 KB) [pmc_pow]
  [1013/5960] PMC258973 PMID:1937748 doi:10.1128/iai.59.11.3889-3894.1991... OK (2547 KB) [pmc_pow]
  [1014/5960] PMC2590712 PMID:18835817 doi:10.1074/jbc.M806992200... OK (1621 KB) [pmc_pow]
  [1015/5960] PMC2592502 PMID:18379781 doi:10.1007/s00280-008-0745-3... OK (755 KB) [pmc_pow]
  [1016/5960] PMC2593320 PMID:18829759 doi:10.1128/JVI.01278-08... OK (481 KB) [pmc_pow]
  [1017/5960] PMC2593442 PMID:18852288 doi:10.1128/MCB.00946-08... OK (1012 KB) [pmc_pow]
  [1018/5960] PMC2593897 PMID:18602084 doi:10.1016/j.bcp.2008.05.016... OK (3434 KB) [pmc_pow]
  [1019/5960] PMC2593925 PMID:18460427 doi:10.1098/rspb.2008.0332... OK (321 KB) [pmc_pow]
  [1020/5960] PMC2596378 PMID:18927075 doi:10.1074/jbc.M807029200... OK (419 KB) [pmc_pow]
  [1021/5960] PMC2596402 PMID:18842591 doi:10.1074/jbc.M804990200... OK (350 KB) [pmc_pow]
  [1022/5960] PMC2597021 PMID:15909997 doi:10.1021/bi0500877... OK (726 KB) [pmc_pow]
  [1023/5960] PMC2597564 PMID:18590739 doi:10.1016/j.jmb.2008.06.037... OK (1300 KB) [pmc_pow]
  [1024/5960] PMC2597574 PMID:16584192 doi:10.1021/bi052574s... OK (1770 KB) [pmc_pow]
  [1025/5960] PMC2597693 PMID:17656467 doi:10.1096/fj.07-8396com... OK (697 KB) [pmc_pow]
  [1026/5960] PMC2597694 PMID:16249512 doi:10.1167/iovs.04-1098... FAIL [all_failed]
  [1027/5960] PMC2597695 PMID:17197552 doi:10.1167/iovs.06-0248... OK (2263 KB) [pmc_pow]
  [1028/5960] PMC2597696 PMID:18258206 doi:10.1016/j.freeradbiomed.2008.01.004... OK (1500 KB) [pmc_pow]
  [1029/5960] PMC2597968 PMID:17545557 doi:10.1136/jmg.2006.048553... FAIL [all_failed]
  [1030/5960] PMC2603431 PMID:19088195 doi:10.1073/pnas.0807735105... OK (834 KB) [pmc_pow]
  [1031/5960] PMC2606046 PMID:17337445 doi:10.1074/jbc.M700461200... OK (575 KB) [pmc_pow]
  [1032/5960] PMC2607074 PMID:19141477 doi:10.1101/gad.1697808... OK (840 KB) [pmc_pow]
  [1033/5960] PMC261080 PMID:3510167 doi:10.1128/iai.51.1.163-167.1986... OK (1117 KB) [pmc_pow]
  [1034/5960] PMC2610863 PMID:18586083 doi:10.1016/j.freeradbiomed.2008.05.031... OK (1600 KB) [pmc_pow]
  [1035/5960] PMC2612134 PMID:19015366 doi:10.1128/AAC.00275-08... OK (122 KB) [pmc_pow]
  [1036/5960] PMC2612303 PMID:18922875 doi:10.1128/JVI.01543-08... OK (877 KB) [pmc_pow]
  [1037/5960] PMC2612377 PMID:18987137 doi:10.1128/JVI.00629-08... FAIL [all_failed]
  [1038/5960] PMC2612608 PMID:19127329 doi:10.3347/kjp.2008.46.4.235... OK (498 KB) [pmc_pow]
  [1039/5960] PMC2613088 PMID:18971376 doi:10.1091/mbc.E08-06-0587... OK (484 KB) [pmc_pow]
  [1040/5960] PMC2613245 PMID:18642640 doi:10.1007/978-3-211-78205-7_15... OK (41 KB) [pmc_pow]
  [1041/5960] PMC26136 PMID:8962055 doi:10.1073/pnas.93.25.14355... OK (518 KB) [pmc_pow]
  [1042/5960] PMC2613605 PMID:19001420 doi:10.1074/jbc.M804632200... OK (927 KB) [pmc_pow]
  [1043/5960] PMC2614359 PMID:16954067 doi:10.1080/10408440600779065... OK (610 KB) [pmc_pow]
  [1044/5960] PMC2614397 PMID:18566235 doi:10.1158/1535-7163.MCT-07-2373... OK (1258 KB) [pmc_pow]
  [1045/5960] PMC2614440 PMID:18088378 doi:10.1111/j.1471-4159.2007.05197.x... OK (1061 KB) [pmc_pow]
  [1046/5960] PMC2614545 PMID:18849332 doi:10.1152/ajpheart.00739.2008... FAIL [all_failed]
  [1047/5960] PMC2614588 PMID:18757483 doi:10.1152/ajpheart.412.2008... FAIL [all_failed]
  [1048/5960] PMC2614795 PMID:19033455 doi:10.1073/pnas.0806152105... OK (576 KB) [pmc_pow]
  [1049/5960] PMC2615389 PMID:18556036 doi:10.1016/j.taap.2008.05.001... OK (798 KB) [pmc_pow]
  [1050/5960] PMC2615591 PMID:19158991 no DOI... OK (1334 KB) [pmc_pow]
  [1051/5960] PMC261973 PMID:4055026 doi:10.1128/iai.50.2.449-452.1985... OK (1361 KB) [pmc_pow]
  [1052/5960] PMC2620636 PMID:19136438 doi:10.1128/CMR.00033-08... OK (2108 KB) [pmc_pow]
  [1053/5960] PMC2620748 PMID:18996983 doi:10.1128/EC.00267-08... OK (1211 KB) [pmc_pow]
  [1054/5960] PMC262427 PMID:14607864 doi:10.1128/CDLI.10.6.1037-1042.2003... OK (241 KB) [pmc_pow]
  [1055/5960] PMC262865 PMID:7681441 doi:10.1128/jcm.31.3.754-757.1993... OK (660 KB) [pmc_pow]
  [1056/5960] PMC2629107 PMID:19017630 doi:10.1074/jbc.M804570200... OK (583 KB) [pmc_pow]
  [1057/5960] PMC2629286 PMID:19075233 doi:10.1073/pnas.0811209106... OK (542 KB) [pmc_pow]
  [1058/5960] PMC263000 PMID:8126183 doi:10.1128/jcm.32.1.213-216.1994... OK (741 KB) [pmc_pow]
  [1059/5960] PMC2630552 PMID:19147823 doi:10.2353/ajpath.2009.080332... OK (2069 KB) [pmc_pow]
  [1060/5960] PMC2630565 PMID:19116365 doi:10.2353/ajpath.2009.080557... FAIL [all_failed]
  [1061/5960] PMC2631288 PMID:19147983 doi:10.1172/JCI33216... OK (2910 KB) [pmc_pow]
  [1062/5960] PMC2632007 PMID:19074389 doi:10.1128/JB.01058-08... OK (1080 KB) [pmc_pow]
  [1063/5960] PMC2633141 PMID:18703793 doi:10.1165/rcmb.2008-0240OC... OK (1385 KB) [pmc_pow]
  [1064/5960] PMC2633397 PMID:19037098 doi:10.1091/mbc.E08-09-0903... OK (691 KB) [pmc_pow]
  [1065/5960] PMC2633738 PMID:19513195 doi:10.4161/psb.6771... OK (593 KB) [pmc_pow]
  [1066/5960] PMC2634874 PMID:19104050 doi:10.1073/pnas.0811258106... OK (578 KB) [pmc_pow]
  [1067/5960] PMC2636997 PMID:18829894 doi:10.1152/ajpcell.00094.2008... FAIL [all_failed]
  [1068/5960] PMC2637315 PMID:19148224 doi:10.1038/embor.2008.242... OK (334 KB) [pmc_pow]
  [1069/5960] PMC2638581 PMID:18809618 doi:10.1093/hmg/ddn306... OK (771 KB) [pmc_pow]
  [1070/5960] PMC2638828 PMID:19028666 doi:10.1093/hmg/ddn401... OK (290 KB) [pmc_pow]
  [1071/5960] PMC26410 PMID:8986817 doi:10.1073/pnas.93.26.15364... OK (253 KB) [pmc_pow]
  [1072/5960] PMC264207 PMID:7533779 doi:10.1128/jcm.32.12.2959-2961.1994... OK (650 KB) [pmc_pow]
  [1073/5960] PMC264226 PMID:7883899 doi:10.1128/jcm.32.12.3052-3053.1994... OK (362 KB) [pmc_pow]
  [1074/5960] PMC2643029 PMID:17327479 no DOI... OK (278 KB) [pmc_pow]
  [1075/5960] PMC2643276 PMID:16763223 doi:10.1165/rcmb.2005-0473OC... OK (634 KB) [pmc_pow]
  [1076/5960] PMC2643507 PMID:19103604 doi:10.1074/jbc.M807797200... OK (740 KB) [pmc_pow]
  [1077/5960] PMC2643894 PMID:19060123 doi:10.1152/ajpheart.01012.2008... FAIL [all_failed]
  [1078/5960] PMC2644154 PMID:19174508 doi:10.1073/pnas.0810934106... OK (717 KB) [pmc_pow]
  [1079/5960] PMC2644423 PMID:18522805 doi:10.1016/j.bbamcr.2008.05.003... OK (531 KB) [pmc_pow]
  [1080/5960] PMC26450 PMID:10677478 doi:10.1073/pnas.97.4.1427... OK (433 KB) [pmc_pow]
  [1081/5960] PMC26453 PMID:10677481 doi:10.1073/pnas.97.4.1444... OK (437 KB) [pmc_pow]
  [1082/5960] PMC2645834 PMID:19091749 doi:10.1074/jbc.M806744200... OK (834 KB) [pmc_pow]
  [1083/5960] PMC2645840 PMID:19106093 doi:10.1074/jbc.M808702200... OK (742 KB) [pmc_pow]
  [1084/5960] PMC2646450 PMID:19277237 no DOI... OK (598 KB) [pmc_pow]
  [1085/5960] PMC2648105 PMID:16946128 doi:10.1164/rccm.200602-203OC... OK (1525 KB) [pmc_pow]
  [1086/5960] PMC2648517 PMID:18603016 doi:10.1016/j.bbalip.2008.05.009... OK (1671 KB) [pmc_pow]
  [1087/5960] PMC2648680 PMID:19306500 doi:10.1172/JCI38681... OK (932 KB) [pmc_pow]
  [1088/5960] PMC2648691 PMID:19229106 doi:10.1172/JCI37613... FAIL [all_failed]
  [1089/5960] PMC2649108 PMID:19124468 doi:10.1074/jbc.M806599200... OK (657 KB) [pmc_pow]
  [1090/5960] PMC2649346 PMID:19181781 doi:10.3324/haematol.13619... OK (440 KB) [pmc_pow]
  [1091/5960] PMC26495 PMID:10677517 doi:10.1073/pnas.97.4.1677... OK (161 KB) [pmc_pow]
  [1092/5960] PMC2650114 PMID:19196968 doi:10.1073/pnas.0812819106... OK (1115 KB) [pmc_pow]
  [1093/5960] PMC2650426 PMID:18354059 doi:10.1124/jpet.107.134072... OK (2632 KB) [pmc_pow]
  [1094/5960] PMC2650532 PMID:19075053 doi:10.1128/AAC.01393-08... OK (417 KB) [pmc_pow]
  [1095/5960] PMC2650796 PMID:19136474 doi:10.1093/carcin/bgp015... OK (795 KB) [pmc_pow]
  [1096/5960] PMC265181 PMID:1572976 doi:10.1128/jcm.30.4.894-900.1992... OK (1779 KB) [pmc_pow]
  [1097/5960] PMC2652203 PMID:19139089 doi:10.1101/gr.082628.108... OK (1263 KB) [pmc_pow]
  [1098/5960] PMC2652305 PMID:19117943 doi:10.1074/jbc.M808691200... FAIL [all_failed]
  [1099/5960] PMC2652706 PMID:16602101 doi:10.1002/ajmg.c.30089... OK (112 KB) [pmc_pow]
  [1100/5960] PMC2654023 PMID:19276113 doi:10.1073/pnas.0901104106... OK (410 KB) [pmc_pow]
  [1101/5960] PMC2654256 PMID:17426024 doi:10.1074/jbc.M608979200... OK (1636 KB) [pmc_pow]
  [1102/5960] PMC2654850 PMID:19287511 doi:10.2119/molmed.2008.00136... OK (1089 KB) [pmc_pow]
  [1103/5960] PMC2658105 PMID:19136557 doi:10.1074/jbc.M801892200... OK (1013 KB) [pmc_pow]
  [1104/5960] PMC2660187 PMID:19144693 doi:10.1152/ajprenal.90477.2008... FAIL [all_failed]
  [1105/5960] PMC2660210 PMID:19112101 doi:10.1152/ajplung.90431.2008... FAIL [all_failed]
  [1106/5960] PMC2660647 PMID:19088183 doi:10.1096/fj.08-121848... FAIL [all_failed]
  [1107/5960] PMC2660971 PMID:19203921 doi:10.1098/rspb.2008.1758... OK (233 KB) [pmc_pow]
  [1108/5960] PMC2661403 PMID:18682385 doi:10.1074/jbc.M804637200... OK (596 KB) [pmc_pow]
  [1109/5960] PMC2662052 PMID:18728004 doi:10.1074/jbc.M806102200... OK (517 KB) [pmc_pow]
  [1110/5960] PMC2662054 PMID:18779329 doi:10.1074/jbc.M805356200... OK (584 KB) [pmc_pow]
  [1111/5960] PMC2662150 PMID:18768476 doi:10.1074/jbc.M803913200... OK (737 KB) [pmc_pow]
  [1112/5960] PMC2662262 PMID:18832378 doi:10.1074/jbc.M806251200... OK (660 KB) [pmc_pow]
  [1113/5960] PMC2662284 PMID:18836179 doi:10.1074/jbc.M805334200... OK (717 KB) [pmc_pow]
  [1114/5960] PMC2662388 PMID:18582468 doi:10.1053/j.gastro.2008.05.034... OK (1002 KB) [pmc_pow]
  [1115/5960] PMC2662547 PMID:19258705 doi:10.1172/JCI36230... OK (9878 KB) [pmc_pow]
  [1116/5960] PMC2663291 PMID:19211757 doi:10.1128/JVI.02028-08... FAIL [all_failed]
  [1117/5960] PMC2663610 PMID:19229052 doi:10.3324/haematol.13783... OK (548 KB) [pmc_pow]
  [1118/5960] PMC2663932 PMID:19211844 doi:10.1091/mbc.E08-07-0699... OK (445 KB) [pmc_pow]
  [1119/5960] PMC2664067 PMID:19251637 doi:10.1073/pnas.0811190106... OK (615 KB) [pmc_pow]
  [1120/5960] PMC2664653 PMID:18540637 doi:10.1021/bi800366d... OK (977 KB) [pmc_pow]
  [1121/5960] PMC2665776 PMID:19211544 doi:10.1101/gr.086462.108... OK (758 KB) [pmc_pow]
  [1122/5960] PMC2666096 PMID:15277479 doi:10.1167/iovs.03-1323... OK (1478 KB) [pmc_pow]
  [1123/5960] PMC2666563 PMID:19193642 doi:10.1074/jbc.M804178200... OK (507 KB) [pmc_pow]
  [1124/5960] PMC2667359 PMID:19098277 doi:10.1074/mcp.M800202-MCP200... OK (371 KB) [pmc_pow]
  [1125/5960] PMC2667758 PMID:19228698 doi:10.1074/jbc.C900001200... OK (367 KB) [pmc_pow]
  [1126/5960] PMC2668051 PMID:18976726 doi:10.1016/j.ajhg.2008.10.007... OK (1029 KB) [pmc_pow]
  [1127/5960] PMC2668250 PMID:16467110 doi:10.1158/1078-0432.CCR-05-1220... FAIL [all_failed]
  [1128/5960] PMC2668499 PMID:19211764 doi:10.1128/JVI.02321-08... OK (3322 KB) [pmc_pow]
  [1129/5960] PMC2668781 PMID:19360919 doi:10.3748/wjg.15.1751... OK (4409 KB) [pmc_pow]
  [1130/5960] PMC2669408 PMID:19228815 doi:10.1189/jlb.0708448... FAIL [all_failed]
  [1131/5960] PMC2669535 PMID:19094117 doi:10.1111/j.1365-2249.2008.03837.x... OK (439 KB) [pmc_pow]
  [1132/5960] PMC2670574 PMID:19412422 doi:10.1593/tlo.08223... OK (1798 KB) [pmc_pow]
  [1133/5960] PMC2670619 PMID:19208857 doi:10.1152/ajpendo.90292.2008... FAIL [all_failed]
  [1134/5960] PMC2670620 PMID:19208856 doi:10.1152/ajpendo.90445.2008... FAIL [all_failed]
  [1135/5960] PMC2670673 PMID:19164483 doi:10.1152/ajpgi.90672.2008... FAIL [all_failed]
  [1136/5960] PMC2670868 PMID:19300440 doi:10.1038/emboj.2009.40... OK (2066 KB) [pmc_pow]
  [1137/5960] PMC2671025 PMID:16814734 doi:10.1016/j.cmet.2006.05.002... OK (1926 KB) [pmc_pow]
  [1138/5960] PMC2671856 PMID:19412428 doi:10.1593/neo.09208... OK (729 KB) [pmc_pow]
  [1139/5960] PMC2672511 PMID:19366661 doi:10.1073/pnas.0901807106... OK (548 KB) [pmc_pow]
  [1140/5960] PMC2673779 PMID:19139048 doi:10.1113/jphysiol.2008.160846... OK (662 KB) [pmc_pow]
  [1141/5960] PMC26743 PMID:10051601 doi:10.1073/pnas.96.5.2099... OK (112 KB) [pmc_pow]
  [1142/5960] PMC2674340 PMID:18826938 doi:10.1098/rspb.2008.0785... FAIL [all_failed]
  [1143/5960] PMC2674343 PMID:18826939 doi:10.1098/rspb.2008.0958... OK (420 KB) [pmc_pow]
  [1144/5960] PMC2674579 PMID:18299661 doi:10.4161/auto.5725... OK (319 KB) [pmc_pow]
  [1145/5960] PMC26750 PMID:10051608 doi:10.1073/pnas.96.5.2141... OK (352 KB) [pmc_pow]
  [1146/5960] PMC2675806 PMID:19407332 doi:10.1242/dmm.001628... OK (167 KB) [pmc_pow]
  [1147/5960] PMC2675979 PMID:19336451 doi:10.1101/gr.083188.108... OK (1958 KB) [pmc_pow]
  [1148/5960] PMC2676096 PMID:19074731 doi:10.1182/blood-2008-07-169433... FAIL [all_failed]
  [1149/5960] PMC2679239 PMID:19293633 doi:10.3858/emm.2009.41.3.017... OK (4146 KB) [pmc_pow]
  [1150/5960] PMC2680053 PMID:19436828 no DOI... OK (115 KB) [pmc_pow]
  [1151/5960] PMC2680127 PMID:17683802 doi:10.1016/j.brainresbull.2007.06.015... OK (1660 KB) [pmc_pow]
  [1152/5960] PMC2680164 PMID:18160041 doi:10.1016/j.cell.2007.11.039... OK (4060 KB) [pmc_pow]
  [1153/5960] PMC2680369 PMID:19190247 doi:10.1182/blood-2008-09-175430... FAIL [all_failed]
  [1154/5960] PMC2681001 PMID:19375058 doi:10.1016/j.ajhg.2009.03.018... OK (486 KB) [pmc_pow]
  [1155/5960] PMC2681004 PMID:19426953 doi:10.1016/j.ajhg.2009.04.013... OK (673 KB) [pmc_pow]
  [1156/5960] PMC2681006 PMID:19409522 doi:10.1016/j.ajhg.2009.04.004... OK (2365 KB) [pmc_pow]
  [1157/5960] PMC2681935 PMID:19297473 doi:10.1128/JVI.00106-09... OK (1252 KB) [pmc_pow]
  [1158/5960] PMC2681938 PMID:19321614 doi:10.1128/JVI.00224-09... OK (507 KB) [pmc_pow]
  [1159/5960] PMC2682257 PMID:19064720 doi:10.1124/jpet.108.145037... OK (450 KB) [pmc_pow]
  [1160/5960] PMC2683371 PMID:18259196 doi:10.1038/cdd.2008.19... OK (1818 KB) [pmc_pow]
  [1161/5960] PMC2683661 PMID:18838503 doi:10.1124/dmd.108.023663... OK (134 KB) [pmc_pow]
  [1162/5960] PMC2685418 PMID:18710607 doi:10.1017/S0007114508051520... OK (167 KB) [openalex]
  [1163/5960] PMC2685531 PMID:19451219 doi:10.1101/gad.1779509... OK (1436 KB) [pmc_pow]
  [1164/5960] PMC2685951 PMID:19201949 doi:10.1242/dev.027565... FAIL [all_failed]
  [1165/5960] PMC26868 PMID:10339574 doi:10.1073/pnas.96.11.6255... OK (284 KB) [pmc_pow]
  [1166/5960] PMC2687208 PMID:19364868 doi:10.1128/AAC.01659-08... OK (219 KB) [pmc_pow]
  [1167/5960] PMC2689111 PMID:19411760 doi:10.1172/JCI38151... OK (2068 KB) [pmc_pow]
  [1168/5960] PMC2689553 PMID:19489106 doi:10.1631/jzus.B0820400... OK (473 KB) [pmc_pow]
  [1169/5960] PMC2691080 PMID:19357212 doi:10.1128/JCM.01658-08... OK (377 KB) [pmc_pow]
  [1170/5960] PMC2692602 PMID:18485778 doi:10.1016/j.ymgme.2008.03.019... OK (982 KB) [pmc_pow]
  [1171/5960] PMC26931 PMID:10899995 doi:10.1073/pnas.97.15.8239... OK (700 KB) [pmc_pow]
  [1172/5960] PMC2693707 PMID:17251069 doi:10.1016/j.mito.2006.11.022... OK (1212 KB) [pmc_pow]
  [1173/5960] PMC2693728 PMID:19507054 doi:10.1007/s11357-008-9085-9... OK (257 KB) [pmc_pow]
  [1174/5960] PMC2694520 PMID:9166101 doi:10.1046/j.1365-2613.1997.d01-236.x... OK (1529 KB) [pmc_pow]
  [1175/5960] PMC2694548 PMID:9462232 doi:10.1046/j.1365-2613.1997.320367.x... OK (1164 KB) [pmc_pow]
  [1176/5960] PMC2694859 PMID:19277903 doi:10.1007/s11568-009-9028-2... OK (353 KB) [pmc_pow]
  [1177/5960] PMC2694970 PMID:19500771 doi:10.1016/j.ajhg.2009.05.004... OK (705 KB) [pmc_pow]
  [1178/5960] PMC2694979 PMID:19500773 doi:10.1016/j.ajhg.2009.05.001... OK (872 KB) [pmc_pow]
  [1179/5960] PMC2695051 PMID:19470459 doi:10.1073/pnas.0903086106... OK (800 KB) [pmc_pow]
  [1180/5960] PMC2695405 PMID:19520825 doi:10.1073/pnas.0900914106... OK (1001 KB) [pmc_pow]
  [1181/5960] PMC2696210 PMID:19282375 doi:10.1152/ajpgi.90642.2008... FAIL [all_failed]
  [1182/5960] PMC2697447 PMID:18362592 doi:10.1097/ALN.0b013e318167af2d... OK (476 KB) [pmc_pow]
  [1183/5960] PMC2698476 PMID:19411324 doi:10.1128/JB.01656-08... OK (1170 KB) [pmc_pow]
  [1184/5960] PMC2699004 PMID:19533808 doi:10.3748/wjg.15.2870... OK (1021 KB) [pmc_pow]
  [1185/5960] PMC2701109 PMID:17575110 doi:10.1158/1535-7163.MCT-06-0279... OK (1291 KB) [pmc_pow]
  [1186/5960] PMC2701340 PMID:19417006 doi:10.1093/hmg/ddp208... OK (432 KB) [pmc_pow]
  [1187/5960] PMC2702135 PMID:18340474 doi:10.1007/s11517-008-0331-1... OK (1598 KB) [pmc_pow]
  [1188/5960] PMC2702680 PMID:17374501 doi:10.1016/j.ymgme.2007.01.013... OK (1993 KB) [pmc_pow]
  [1189/5960] PMC2702852 PMID:17300922 doi:10.1016/j.bbadis.2006.12.002... OK (361 KB) [pmc_pow]
  [1190/5960] PMC2703556 PMID:19325000 doi:10.1210/en.2008-1584... FAIL [all_failed]
  [1191/5960] PMC2704159 PMID:19439449 doi:10.1091/mbc.E08-11-1109... OK (2202 KB) [pmc_pow]
  [1192/5960] PMC2704585 PMID:19228881 doi:10.1096/fj.08-113571... OK (1009 KB) [openalex]
  [1193/5960] PMC2704642 PMID:19364860 doi:10.1128/AAC.01502-08... OK (1154 KB) [pmc_pow]
  [1194/5960] PMC2704664 PMID:19433557 doi:10.1128/AAC.00364-09... OK (81 KB) [pmc_pow]
  [1195/5960] PMC2704673 PMID:19398642 doi:10.1128/AAC.00103-09... OK (794 KB) [pmc_pow]
  [1196/5960] PMC2705231 PMID:19447783 doi:10.1093/bioinformatics/btp319... OK (200 KB) [pmc_pow]
  [1197/5960] PMC2705534 PMID:19541612 doi:10.1073/pnas.0900602106... OK (1606 KB) [pmc_pow]
  [1198/5960] PMC2705628 PMID:19574633 doi:10.1107/S1744309109019605... OK (703 KB) [pmc_pow]
  [1199/5960] PMC2705808 PMID:17603928 doi:10.1016/j.freeradbiomed.2007.03.035... OK (3455 KB) [pmc_pow]
  [1200/5960] PMC2707021 PMID:19727435 doi:10.1111/j.1752-8062.2008.00040.x... OK (196 KB) [pmc_pow]
  [1201/5960] PMC2707926 PMID:18506409 doi:10.1007/s00726-008-0107-9... FAIL [all_failed]
  [1202/5960] PMC2707934 PMID:18401542 doi:10.1007/s00726-008-0075-0... OK (1332 KB) [pmc_pow]
  [1203/5960] PMC2707962 PMID:19630831 doi:10.1111/j.1476-5381.2009.00255.x... OK (360 KB) [pmc_pow]
  [1204/5960] PMC2707981 PMID:19371343 doi:10.1111/j.1476-5381.2009.00188.x... OK (219 KB) [pmc_pow]
  [1205/5960] PMC2708890 PMID:19351880 doi:10.1074/jbc.M900418200... OK (1212 KB) [pmc_pow]
  [1206/5960] PMC2709377 PMID:19416979 doi:10.1074/jbc.M109.005082... OK (2905 KB) [pmc_pow]
  [1207/5960] PMC2709381 PMID:19429682 doi:10.1074/jbc.M109.014118... OK (1120 KB) [pmc_pow]
  [1208/5960] PMC2709527 PMID:17543398 doi:10.1016/j.molbiopara.2007.04.014... OK (2168 KB) [pmc_pow]
  [1209/5960] PMC2711006 PMID:17324440 doi:10.1016/j.jmb.2007.01.079... OK (1195 KB) [pmc_pow]
  [1210/5960] PMC2711189 PMID:19521340 doi:10.1038/emboj.2009.154... OK (2237 KB) [pmc_pow]
  [1211/5960] PMC2711732 PMID:19429820 doi:10.1152/ajpheart.00368.2009... FAIL [all_failed]
  [1212/5960] PMC2711738 PMID:19429816 doi:10.1152/ajpheart.00983.2008... FAIL [all_failed]
  [1213/5960] PMC2711806 PMID:19376889 doi:10.1152/ajplung.90381.2008... FAIL [all_failed]
  [1214/5960] PMC2713048 PMID:18078960 doi:10.1016/j.lfs.2007.11.001... OK (573 KB) [pmc_pow]
  [1215/5960] PMC2713553 PMID:19251702 doi:10.1074/jbc.M808255200... OK (1122 KB) [pmc_pow]
  [1216/5960] PMC2713582 PMID:18171672 doi:10.1074/jbc.M706115200... OK (1349 KB) [pmc_pow]
  [1217/5960] PMC2714726 PMID:19454487 doi:10.1093/hmg/ddp239... OK (508 KB) [pmc_pow]
  [1218/5960] PMC2714750 PMID:19535463 doi:10.1261/rna.1626109... OK (497 KB) [pmc_pow]
  [1219/5960] PMC2715170 PMID:18385096 doi:10.1167/iovs.07-1121... OK (659 KB) [pmc_pow]
  [1220/5960] PMC2715314 PMID:15891109 doi:10.1165/rcmb.2005-0109OC... OK (1682 KB) [pmc_pow]
  [1221/5960] PMC2715333 PMID:16166740 doi:10.1165/rcmb.2005-0213OC... OK (785 KB) [pmc_pow]
  [1222/5960] PMC2715806 PMID:19487465 doi:10.1128/MCB.01834-08... OK (1731 KB) [pmc_pow]
  [1223/5960] PMC2716058 PMID:18385090 doi:10.1167/iovs.07-1099... FAIL [all_failed]
  [1224/5960] PMC2716201 PMID:19641652 no DOI... OK (650 KB) [pmc_pow]
  [1225/5960] PMC2716858 PMID:19669308 doi:10.1007/s12072-008-9055-4... OK (440 KB) [pmc_pow]
  [1226/5960] PMC2718376 PMID:19584252 doi:10.1073/pnas.0901848106... OK (532 KB) [pmc_pow]
  [1227/5960] PMC2719230 PMID:18595134 doi:10.3748/wjg.14.3672... OK (905 KB) [pmc_pow]
  [1228/5960] PMC2719232 PMID:18595136 doi:10.3748/wjg.14.3693... OK (2004 KB) [pmc_pow]
  [1229/5960] PMC2719920 PMID:19620789 doi:10.1172/JCI37155... OK (3061 KB) [pmc_pow]
  [1230/5960] PMC2719931 PMID:19620780 doi:10.1172/JCI39991... OK (269 KB) [pmc_pow]
  [1231/5960] PMC2720693 PMID:18664653 doi:10.1093/jnci/djn213... OK (164 KB) [pmc_pow]
  [1232/5960] PMC2721438 PMID:18609705 doi:10.3748/wjg.14.3819... OK (849 KB) [pmc_pow]
  [1233/5960] PMC2722340 PMID:19625628 doi:10.1073/pnas.0903355106... OK (669 KB) [pmc_pow]
  [1234/5960] PMC2722359 PMID:19651610 doi:10.1073/pnas.0902963106... OK (606 KB) [pmc_pow]
  [1235/5960] PMC2722368 PMID:19622739 doi:10.1073/pnas.0906484106... OK (1414 KB) [pmc_pow]
  [1236/5960] PMC2723628 PMID:21432157 doi:10.1265/ehpm.10.3... OK (147 KB) [pmc_pow]
  [1237/5960] PMC2724040 PMID:19001357 doi:10.1194/jlr.M800561-JLR200... OK (945 KB) [pmc_pow]
  [1238/5960] PMC2724199 PMID:19502560 doi:10.1152/ajpheart.00234.2009... FAIL [all_failed]
  [1239/5960] PMC2724253 PMID:19474188 doi:10.1152/ajprenal.90433.2008... FAIL [all_failed]
  [1240/5960] PMC2725737 PMID:19528227 doi:10.1128/MCB.01868-08... OK (4231 KB) [pmc_pow]
  [1241/5960] PMC2725775 PMID:19443423 doi:10.1093/cvr/cvp150... OK (553 KB) [pmc_pow]
  [1242/5960] PMC2726352 PMID:19666610 doi:10.1073/pnas.0902714106... OK (1328 KB) [pmc_pow]
  [1243/5960] PMC2727077 PMID:19151209 doi:10.1242/jeb.026047... FAIL [all_failed]
  [1244/5960] PMC2727860 PMID:18277094 doi:10.4161/cbt.7.5.5713... OK (716 KB) [pmc_pow]
  [1245/5960] PMC2728262 PMID:18815895 doi:10.1007/s12192-008-0081-x... OK (190 KB) [pmc_pow]
  [1246/5960] PMC2730139 PMID:19701498 doi:10.1593/tlo.09106... OK (546 KB) [pmc_pow]
  [1247/5960] PMC2730395 PMID:19561125 doi:10.1124/mol.109.055830... OK (718 KB) [pmc_pow]
  [1248/5960] PMC2731121 PMID:19661442 doi:10.2353/ajpath.2009.080832... OK (479 KB) [pmc_pow]
  [1249/5960] PMC2731145 PMID:19644018 doi:10.2353/ajpath.2009.081078... OK (861 KB) [pmc_pow]
  [1250/5960] PMC2731181 PMID:18666318 doi:10.3748/wjg.14.4309... OK (1207 KB) [pmc_pow]
  [1251/5960] PMC2731808 PMID:19483113 doi:10.1164/rccm.200810-1601OC... OK (1191 KB) [pmc_pow]
  [1252/5960] PMC2732704 PMID:19717439 doi:10.1073/pnas.0813216106... OK (7640 KB) [pmc_pow]
  [1253/5960] PMC2732832 PMID:19706541 doi:10.1073/pnas.0904229106... OK (589 KB) [pmc_pow]
  [1254/5960] PMC2732863 PMID:19706525 doi:10.1073/pnas.0906805106... OK (2164 KB) [pmc_pow]
  [1255/5960] PMC2733364 PMID:18476767 doi:10.1089/hum.2008.001... OK (1305 KB) [pmc_pow]
  [1256/5960] PMC2733816 PMID:19208652 doi:10.1093/hmg/ddp069... OK (519 KB) [pmc_pow]
  [1257/5960] PMC2735801 PMID:19724684 doi:10.1593/neo.09594... OK (2286 KB) [pmc_pow]
  [1258/5960] PMC2737057 PMID:19638420 doi:10.1242/dmm.002378... OK (2746 KB) [pmc_pow]
  [1259/5960] PMC2737880 PMID:19596885 doi:10.1128/AAC.00392-09... FAIL [all_failed]
  [1260/5960] PMC2737991 PMID:19528210 doi:10.1128/IAI.00036-09... OK (2225 KB) [pmc_pow]
  [1261/5960] PMC2739899 PMID:19381065 doi:10.3858/emm.2009.41.8.065... OK (522 KB) [pmc_pow]
  [1262/5960] PMC2740378 PMID:17663266 doi:10.1166/jnn.2007.431... OK (473 KB) [pmc_pow]
  [1263/5960] PMC2740446 PMID:19494119 doi:10.1074/jbc.M109.026096... OK (1574 KB) [pmc_pow]
  [1264/5960] PMC2740576 PMID:19478085 doi:10.1074/jbc.M109.011940... OK (2085 KB) [pmc_pow]
  [1265/5960] PMC2740839 PMID:19458211 doi:10.1523/JNEUROSCI.4909-08.2009... OK (1536 KB) [pmc_pow]
  [1266/5960] PMC2741152 PMID:19659900 doi:10.1111/j.1365-2613.2009.00639.x... OK (379 KB) [pmc_pow]
  [1267/5960] PMC2741255 PMID:19706404 doi:10.1073/pnas.0907213106... OK (1741 KB) [pmc_pow]
  [1268/5960] PMC2741347 PMID:19493956 doi:10.1093/cvr/cvp181... OK (548 KB) [pmc_pow]
  [1269/5960] PMC2741655 PMID:19771260 doi:10.4143/crt.2006.38.1.54... OK (846 KB) [openalex]
  [1270/5960] PMC2742846 PMID:19509288 doi:10.1074/jbc.M109.009605... OK (1970 KB) [pmc_pow]
  [1271/5960] PMC274319 PMID:770499 doi:10.1128/jcm.3.4.432-437.1976... OK (941 KB) [pmc_pow]
  [1272/5960] PMC2743836 PMID:19466993 doi:10.1111/j.1476-5381.2009.00237.x... OK (625 KB) [pmc_pow]
  [1273/5960] PMC2743847 PMID:19563533 doi:10.1111/j.1476-5381.2009.00298.x... OK (847 KB) [pmc_pow]
  [1274/5960] PMC2745029 PMID:19664143 doi:10.1111/j.1365-2249.2009.03971.x... OK (332 KB) [pmc_pow]
  [1275/5960] PMC2745437 PMID:19498085 doi:10.1124/pr.109.001578... OK (914 KB) [pmc_pow]
  [1276/5960] PMC2746905 PMID:19228196 doi:10.1111/j.1742-4658.2009.06908.x... OK (904 KB) [pmc_pow]
  [1277/5960] PMC2747483 PMID:18329084 doi:10.1016/j.ygyno.2008.01.042... OK (1564 KB) [pmc_pow]
  [1278/5960] PMC2747798 PMID:16921269 doi:10.4161/auto.2792... FAIL [all_failed]
  [1279/5960] PMC2748021 PMID:19605477 doi:10.1128/JVI.00509-09... OK (2807 KB) [pmc_pow]
  [1280/5960] PMC2749509 PMID:16615135 doi:10.1002/lsm.20334... OK (695 KB) [pmc_pow]
  [1281/5960] PMC2749980 PMID:18431598 doi:10.1007/s00438-008-0342-5... OK (1508 KB) [pmc_pow]
  [1282/5960] PMC2751998 PMID:19777612 doi:10.3748/wjg.15.4538... OK (1356 KB) [pmc_pow]
  [1283/5960] PMC2752033 PMID:17227556 doi:10.1111/j.1600-6143.2006.01577.x... OK (1414 KB) [pmc_pow]
  [1284/5960] PMC2752072 PMID:19741297 doi:10.1172/JCI38857... OK (5760 KB) [pmc_pow]
  [1285/5960] PMC2752530 PMID:19805282 doi:10.1073/pnas.0907602106... OK (1161 KB) [pmc_pow]
  [1286/5960] PMC2753134 PMID:19706715 doi:10.1128/JVI.01090-09... OK (1327 KB) [pmc_pow]
  [1287/5960] PMC275423 PMID:14592991 doi:10.1093/emboj/cdg566... OK (393 KB) [pmc_pow]
  [1288/5960] PMC275447 PMID:14609947 doi:10.1093/emboj/cdg592... OK (575 KB) [pmc_pow]
  [1289/5960] PMC2754768 PMID:18497292 doi:10.1126/science.1158265... OK (555 KB) [pmc_pow]
  [1290/5960] PMC2754935 PMID:19656850 doi:10.1091/mbc.E09-03-0218... OK (2129 KB) [pmc_pow]
  [1291/5960] PMC2755692 PMID:19553674 doi:10.1074/jbc.M109.032888... OK (2565 KB) [pmc_pow]
  [1292/5960] PMC2755701 PMID:19546216 doi:10.1074/jbc.M109.035774... FAIL [all_failed]
  [1293/5960] PMC2755862 PMID:19542216 doi:10.1074/jbc.M109.018911... OK (1113 KB) [pmc_pow]
  [1294/5960] PMC2756532 PMID:18470479 doi:10.1007/s00018-008-8112-4... OK (1135 KB) [pmc_pow]
  [1295/5960] PMC2756874 PMID:19687300 doi:10.1128/MCB.00105-09... OK (2032 KB) [pmc_pow]
  [1296/5960] PMC27575 PMID:9600907 doi:10.1073/pnas.95.11.6004... OK (321 KB) [pmc_pow]
  [1297/5960] PMC2757685 PMID:19563536 doi:10.1111/j.1476-5381.2009.00268.x... OK (912 KB) [pmc_pow]
  [1298/5960] PMC2757975 PMID:19625251 doi:10.1074/jbc.M109.040295... OK (1792 KB) [pmc_pow]
  [1299/5960] PMC2760358 PMID:19241369 doi:10.1002/pro.50... FAIL [all_failed]
  [1300/5960] PMC2760857 PMID:19189048 doi:10.1007/s00018-009-8746-x... OK (1762 KB) [pmc_pow]
  [1301/5960] PMC2760982 PMID:19829748 doi:10.2174/156801405774933188... OK (417 KB) [pmc_pow]
  [1302/5960] PMC2761821 PMID:17911600 doi:10.4049/jimmunol.179.8.5146... OK (2207 KB) [pmc_pow]
  [1303/5960] PMC2763642 PMID:17869411 doi:10.1016/j.canlet.2007.08.001... OK (1754 KB) [pmc_pow]
  [1304/5960] PMC2763882 PMID:19841271 doi:10.1073/pnas.0903032106... OK (1908 KB) [pmc_pow]
  [1305/5960] PMC2765244 PMID:18221906 doi:10.1016/j.ymgme.2007.11.019... OK (1056 KB) [pmc_pow]
  [1306/5960] PMC2765287 PMID:19635847 doi:10.1101/gr.095612.109... OK (901 KB) [pmc_pow]
  [1307/5960] PMC2766292 PMID:19679562 doi:10.1093/hmg/ddp384... OK (384 KB) [pmc_pow]
  [1308/5960] PMC276663 PMID:6025450 doi:10.1128/jb.93.5.1657-1661.1967... OK (783 KB) [pmc_pow]
  [1309/5960] PMC2766704 PMID:19885006 doi:10.4196/kjpp.2009.13.2.115... OK (554 KB) [pmc_pow]
  [1310/5960] PMC2766708 PMID:19885011 doi:10.4196/kjpp.2009.13.4.281... OK (1446 KB) [pmc_pow]
  [1311/5960] PMC2767201 PMID:17925455 doi:10.1152/ajpendo.00134.2007... OK (6123 KB) [pmc_pow]
  [1312/5960] PMC2769217 PMID:19885332 doi:10.3347/kjp.2009.47.S.S21... OK (146 KB) [openalex]
  [1313/5960] PMC2770746 PMID:19625608 doi:10.1152/ajpcell.00536.2008... FAIL [all_failed]
  [1314/5960] PMC2771772 PMID:19741132 doi:10.1523/JNEUROSCI.2375-09.2009... OK (1770 KB) [pmc_pow]
  [1315/5960] PMC2772318 PMID:19687236 doi:10.1128/AAC.00965-08... OK (1011 KB) [pmc_pow]
  [1316/5960] PMC2772322 PMID:19704131 doi:10.1128/AAC.00686-09... OK (596 KB) [pmc_pow_generic]
  [1317/5960] PMC2772395 PMID:19717740 doi:10.1128/EC.00066-09... OK (2594 KB) [pmc_pow]
  [1318/5960] PMC2772561 PMID:19752196 doi:10.1128/MCB.00817-09... OK (3639 KB) [pmc_pow]
  [1319/5960] PMC2772617 PMID:19741078 doi:10.1128/JCM.00938-09... OK (919 KB) [pmc_pow]
  [1320/5960] PMC2772664 PMID:19726511 doi:10.1128/JVI.00034-09... FAIL [all_failed]
  [1321/5960] PMC2772775 PMID:19692478 doi:10.1128/JVI.02616-08... OK (897 KB) [pmc_pow]
  [1322/5960] PMC2772865 PMID:16487852 doi:10.1016/j.jacc.2005.10.041... OK (1844 KB) [pmc_pow]
  [1323/5960] PMC2773188 PMID:19825937 doi:10.1242/jcs.051862... FAIL [all_failed]
  [1324/5960] PMC277416 PMID:14234793 doi:10.1128/jb.88.5.1356-1363.1964... OK (1098 KB) [pmc_pow]
  [1325/5960] PMC2774980 PMID:19661213 doi:10.1124/dmd.109.028530... OK (299 KB) [pmc_pow]
  [1326/5960] PMC2776635 PMID:18504439 doi:10.1038/onc.2008.143... OK (470 KB) [pmc_pow]
  [1327/5960] PMC2777029 PMID:19923721 doi:10.1107/S1744309109036690... OK (2169 KB) [pmc_pow]
  [1328/5960] PMC2777395 PMID:19759330 doi:10.1152/ajpcell.00126.2009... FAIL [all_failed]
  [1329/5960] PMC2777924 PMID:19553469 doi:10.1091/mbc.E09-05-0385... OK (973 KB) [pmc_pow]
  [1330/5960] PMC2778475 PMID:16221732 doi:10.1093/carcin/bgi242... OK (1082 KB) [pmc_pow]
  [1331/5960] PMC2778476 PMID:16103131 doi:10.1093/hmg/ddi307... OK (2193 KB) [pmc_pow]
  [1332/5960] PMC2779526 PMID:17976388 doi:10.1016/j.freeradbiomed.2007.10.002... OK (988 KB) [pmc_pow]
  [1333/5960] PMC2779565 PMID:17622797 doi:10.4161/auto.4625... OK (580 KB) [pmc_pow]
  [1334/5960] PMC2781360 PMID:19749157 doi:10.1152/ajpheart.00375.2009... FAIL [all_failed]
  [1335/5960] PMC2781466 PMID:19700766 doi:10.1074/jbc.M109.016642... OK (2659 KB) [pmc_pow]
  [1336/5960] PMC2781578 PMID:19729448 doi:10.1074/jbc.M109.043810... OK (1848 KB) [pmc_pow]
  [1337/5960] PMC2781591 PMID:19737925 doi:10.1074/jbc.M109.048322... OK (4550 KB) [pmc_pow]
  [1338/5960] PMC2781592 PMID:19748889 doi:10.1074/jbc.M109.060178... OK (1807 KB) [pmc_pow]
  [1339/5960] PMC2781654 PMID:19797055 doi:10.1074/jbc.M109.026708... OK (2562 KB) [pmc_pow]
  [1340/5960] PMC2781666 PMID:19783653 doi:10.1074/jbc.M109.016139... OK (2383 KB) [pmc_pow]
  [1341/5960] PMC2782032 PMID:19535340 doi:10.1074/jbc.M109.014928... OK (4436 KB) [pmc_pow]
  [1342/5960] PMC2784729 PMID:19741006 doi:10.1124/mol.109.058545... OK (2015 KB) [pmc_pow]
  [1343/5960] PMC2785285 PMID:19901339 doi:10.1073/pnas.0905686106... OK (1506 KB) [pmc_pow]
  [1344/5960] PMC2785362 PMID:19643728 doi:10.1074/jbc.M109.022897... OK (1385 KB) [pmc_pow]
  [1345/5960] PMC2785533 PMID:19785649 doi:10.1111/j.1476-5381.2009.00388.x... OK (549 KB) [pmc_pow]
  [1346/5960] PMC2785578 PMID:19720829 doi:10.1074/jbc.M109.028027... OK (2883 KB) [pmc_pow]
  [1347/5960] PMC2785608 PMID:19635800 doi:10.1074/jbc.M109.032144... OK (3625 KB) [pmc_pow]
  [1348/5960] PMC2785638 PMID:19654321 doi:10.1074/jbc.M109.016675... OK (1835 KB) [pmc_pow]
  [1349/5960] PMC2786271 PMID:17977529 doi:10.1016/j.exer.2007.09.010... OK (3488 KB) [pmc_pow]
  [1350/5960] PMC2786433 PMID:19801466 doi:10.1128/AEM.01220-09... OK (4755 KB) [pmc_pow]
  [1351/5960] PMC2786492 PMID:19797069 doi:10.1128/IAI.00485-09... OK (2394 KB) [pmc_pow]
  [1352/5960] PMC2786688 PMID:19805519 doi:10.1128/MCB.01481-08... OK (5958 KB) [pmc_pow]
  [1353/5960] PMC2787233 PMID:17695501 no DOI... OK (1191 KB) [pmc_pow]
  [1354/5960] PMC2788833 PMID:19679660 doi:10.1074/jbc.M109.027912... OK (2501 KB) [pmc_pow]
  [1355/5960] PMC2788871 PMID:19706612 doi:10.1074/jbc.M109.031997... OK (1205 KB) [pmc_pow]
  [1356/5960] PMC2790959 PMID:19864422 doi:10.1074/jbc.M109.040014... OK (1074 KB) [pmc_pow]
  [1357/5960] PMC27910 PMID:9724719 doi:10.1073/pnas.95.18.10425... OK (283 KB) [pmc_pow]
  [1358/5960] PMC2792155 PMID:19837698 doi:10.1093/hmg/ddp477... OK (498 KB) [pmc_pow]
  [1359/5960] PMC2793058 PMID:19794146 doi:10.1152/ajpcell.00255.2009... FAIL [all_failed]
  [1360/5960] PMC2793183 PMID:19801454 doi:10.1152/ajplung.00007.2009... FAIL [all_failed]
  [1361/5960] PMC2794721 PMID:19861410 doi:10.1074/jbc.M109.054346... OK (867 KB) [pmc_pow]
  [1362/5960] PMC2794774 PMID:19840943 doi:10.1074/jbc.M109.000760... OK (8332 KB) [pmc_pow]
  [1363/5960] PMC2795552 PMID:19955425 doi:10.1073/pnas.0907844106... OK (1470 KB) [pmc_pow]
  [1364/5960] PMC279571 PMID:3257567 doi:10.1073/pnas.85.2.468... OK (1475 KB) [pmc_pow]
  [1365/5960] PMC2797039 PMID:19770225 doi:10.1096/fj.09-139584... FAIL [all_failed]
  [1366/5960] PMC2797213 PMID:19833728 doi:10.1074/jbc.M109.065557... OK (2501 KB) [pmc_pow]
  [1367/5960] PMC279783 PMID:3278312 doi:10.1073/pnas.85.5.1422... OK (1113 KB) [pmc_pow]
  [1368/5960] PMC2797899 PMID:19948822 doi:10.2353/ajpath.2010.090521... OK (1665 KB) [pmc_pow]
  [1369/5960] PMC2798495 PMID:19805555 doi:10.1128/AAC.00914-09... OK (1337 KB) [pmc_pow]
  [1370/5960] PMC2799198 PMID:20038799 doi:10.1172/JCI38942... OK (4128 KB) [pmc_pow]
  [1371/5960] PMC2799273 PMID:19959717 doi:10.1681/ASN.2009060640... OK (555 KB) [pmc_pow]
  [1372/5960] PMC2799815 PMID:20007368 doi:10.1073/pnas.0909777106... OK (1386 KB) [pmc_pow]
  [1373/5960] PMC2801219 PMID:19888963 doi:10.1111/j.1476-5381.2009.00465.x... FAIL [all_failed]
  [1374/5960] PMC2801274 PMID:19858216 doi:10.1074/jbc.M109.062752... OK (2542 KB) [pmc_pow]
  [1375/5960] PMC280200 PMID:3368442 doi:10.1073/pnas.85.10.3319... OK (1234 KB) [pmc_pow]
  [1376/5960] PMC2802310 PMID:20054496 doi:10.4196/kjpp.2009.13.6.483... OK (1223 KB) [pmc_pow]
  [1377/5960] PMC2802399 PMID:19289490 doi:10.1215/15228517-2009-015... FAIL [all_failed]
  [1378/5960] PMC280243 PMID:2453061 doi:10.1073/pnas.85.10.3518... OK (937 KB) [pmc_pow]
  [1379/5960] PMC280319 PMID:3287378 doi:10.1073/pnas.85.11.3860... OK (2071 KB) [pmc_pow]
  [1380/5960] PMC2804218 PMID:19889637 doi:10.1074/jbc.M109.041319... OK (4252 KB) [pmc_pow]
  [1381/5960] PMC2804355 PMID:19875454 doi:10.1074/jbc.M109.038935... FAIL [all_failed]
  [1382/5960] PMC2805823 PMID:17513609 doi:10.1158/1535-7163.MCT-06-0754... OK (964 KB) [pmc_pow]
  [1383/5960] PMC2806106 PMID:19887595 doi:10.1152/ajpendo.00318.2009... FAIL [all_failed]
  [1384/5960] PMC2806111 PMID:19887598 doi:10.1152/ajpendo.00317.2009... FAIL [all_failed]
  [1385/5960] PMC2806213 PMID:19889869 doi:10.1152/ajpregu.00053.2009... FAIL [all_failed]
  [1386/5960] PMC2806429 PMID:16549062 doi:10.1016/j.exer.2005.11.018... OK (333 KB) [pmc_pow]
  [1387/5960] PMC2806779 PMID:19966284 doi:10.1073/pnas.0911187107... OK (985 KB) [pmc_pow_generic]
  [1388/5960] PMC2807631 PMID:16545593 doi:10.1016/j.ymgme.2006.01.002... OK (5988 KB) [pmc_pow]
  [1389/5960] PMC2808091 PMID:20042670 doi:10.2353/ajpath.2010.090532... OK (2461 KB) [pmc_pow]
  [1390/5960] PMC2808260 PMID:19786724 doi:10.1074/mcp.M900078-MCP200... OK (281 KB) [pmc_pow]
  [1391/5960] PMC28088 PMID:9861014 doi:10.1073/pnas.95.26.15592... FAIL [all_failed]
  [1392/5960] PMC2812133 PMID:20008775 doi:10.1128/AAC.01025-09... OK (885 KB) [pmc_pow]
  [1393/5960] PMC2812398 PMID:19939921 doi:10.1128/JVI.02123-09... OK (823 KB) [pmc_pow]
  [1394/5960] PMC2812455 PMID:19948794 doi:10.1128/JB.01301-09... OK (619 KB) [pmc_pow]
  [1395/5960] PMC281271 PMID:8225571 doi:10.1128/iai.61.12.4972-4979.1993... FAIL [all_failed]
  [1396/5960] PMC2813150 PMID:19737072 doi:10.1089/ten.tea.2009.0518... OK (1217 KB) [pmc_pow]
  [1397/5960] PMC2816511 PMID:20161908 no DOI... OK (604 KB) [pmc_pow]
  [1398/5960] PMC2816528 PMID:20162036 doi:10.4314/ajtcam.v6i1.57068... OK (676 KB) [pmc_pow]
  [1399/5960] PMC2817114 PMID:19793757 doi:10.1098/rspb.2009.1422... FAIL [all_failed]
  [1400/5960] PMC2817610 PMID:20056832 doi:10.1210/en.2009-0678... FAIL [all_failed]
  [1401/5960] PMC2818893 PMID:20080742 doi:10.1073/pnas.0912742107... OK (712 KB) [pmc_pow]
  [1402/5960] PMC2819972 PMID:19969594 doi:10.1093/toxsci/kfp296... OK (487 KB) [pmc_pow]
  [1403/5960] PMC2820196 PMID:19821111 doi:10.1007/s12263-009-0153-2... OK (294 KB) [openalex]
  [1404/5960] PMC2820767 PMID:20018850 doi:10.1074/jbc.M109.091280... OK (1984 KB) [pmc_pow]
  [1405/5960] PMC2821041 PMID:16285865 doi:10.1146/annurev.genet.39.110304.095751... OK (1682 KB) [pmc_pow]
  [1406/5960] PMC282111 PMID:3413133 doi:10.1073/pnas.85.18.7018... OK (2507 KB) [pmc_pow]
  [1407/5960] PMC282132 PMID:2845396 doi:10.1073/pnas.85.19.7104... FAIL [all_failed]
  [1408/5960] PMC282162 PMID:3174630 doi:10.1073/pnas.85.19.7246... OK (1173 KB) [pmc_pow]
  [1409/5960] PMC282177 PMID:3174635 doi:10.1073/pnas.85.19.7317... OK (1202 KB) [pmc_pow]
  [1410/5960] PMC2823525 PMID:19948727 doi:10.1074/jbc.M109.080424... OK (2263 KB) [pmc_pow]
  [1411/5960] PMC2823536 PMID:19951946 doi:10.1074/jbc.M109.044305... OK (4308 KB) [pmc_pow]
  [1412/5960] PMC2823550 PMID:19933271 doi:10.1074/jbc.M109.046920... FAIL [all_failed]
  [1413/5960] PMC2823794 PMID:11485996 doi:10.1074/jbc.M101886200... OK (3353 KB) [pmc_pow]
  [1414/5960] PMC2824369 PMID:20080599 doi:10.1073/pnas.0906039107... OK (337 KB) [pmc_pow]
  [1415/5960] PMC2826064 PMID:20042497 doi:10.1128/JVI.00757-09... OK (2286 KB) [pmc_pow]
  [1416/5960] PMC2827951 PMID:20179356 doi:10.1172/JCI40076... OK (4182 KB) [pmc_pow]
  [1417/5960] PMC2829286 PMID:19374590 doi:10.1089/hum.2009.023... OK (468 KB) [pmc_pow]
  [1418/5960] PMC2829751 PMID:15358581 doi:10.2741/1417... FAIL [all_failed]
  [1419/5960] PMC283015 PMID:4314897 doi:10.1073/pnas.65.4.1001... OK (905 KB) [pmc_pow]
  [1420/5960] PMC2831415 PMID:16934804 doi:10.1016/j.exer.2006.07.005... OK (2034 KB) [pmc_pow]
  [1421/5960] PMC283176 PMID:5272308 doi:10.1073/pnas.67.1.120... OK (1632 KB) [pmc_pow]
  [1422/5960] PMC2832503 PMID:20100866 doi:10.1128/MCB.01101-09... OK (3540 KB) [pmc_pow]
  [1423/5960] PMC2832811 PMID:19965619 doi:10.1182/blood-2009-03-211706... FAIL [all_failed]
  [1424/5960] PMC2832984 PMID:20061378 doi:10.1074/jbc.M109.088682... OK (2123 KB) [pmc_pow]
  [1425/5960] PMC2833026 PMID:20208150 doi:10.1107/S1744309109054645... OK (756 KB) [pmc_pow]
  [1426/5960] PMC2833053 PMID:20208177 doi:10.1107/S1744309110003131... OK (436 KB) [pmc_pow]
  [1427/5960] PMC2835097 PMID:19156135 doi:10.1038/mt.2008.295... FAIL [all_failed]
  [1428/5960] PMC2835260 PMID:19352325 doi:10.1038/mt.2009.43... FAIL [all_failed]
  [1429/5960] PMC2836064 PMID:20018845 doi:10.1074/jbc.M109.070532... FAIL [all_failed]
  [1430/5960] PMC2836155 PMID:20221292 doi:10.2203/dose-response.09-044.Goto... OK (66 KB) [pmc_pow]
  [1431/5960] PMC2836158 PMID:20221286 doi:10.2203/dose-response.09-023.Abete... FAIL [all_failed]
  [1432/5960] PMC2836195 PMID:20043036 doi:10.1900/RDS.2009.6.237... FAIL [all_failed]
  [1433/5960] PMC2837881 PMID:15773549 no DOI... OK (1091 KB) [pmc_pow]
  [1434/5960] PMC2838024 PMID:20118380 doi:10.1128/AEM.02350-09... OK (274 KB) [pmc_pow]
  [1435/5960] PMC2838035 PMID:20097852 doi:10.1128/JB.01132-09... OK (918 KB) [pmc_pow]
  [1436/5960] PMC28387 PMID:9391107 doi:10.1073/pnas.94.25.13798... OK (197 KB) [pmc_pow]
  [1437/5960] PMC2840336 PMID:20133614 doi:10.1073/pnas.0909724107... OK (436 KB) [pmc_pow]
  [1438/5960] PMC2840856 PMID:20089617 doi:10.1210/jc.2009-1102... FAIL [all_failed]
  [1439/5960] PMC2841785 PMID:19706769 doi:10.1158/0008-5472.CAN-09-0128... OK (4191 KB) [pmc_pow]
  [1440/5960] PMC2842042 PMID:20176937 doi:10.1073/pnas.0907705107... OK (946 KB) [pmc_pow]
  [1441/5960] PMC2842657 PMID:19923131 doi:10.1098/rspb.2009.1707... OK (448 KB) [pmc_pow]
  [1442/5960] PMC2843195 PMID:20118244 doi:10.1074/jbc.M109.077230... OK (2325 KB) [pmc_pow]
  [1443/5960] PMC2843841 PMID:20333279 doi:10.3347/kjp.2010.48.1.1... OK (237 KB) [pmc_pow]
  [1444/5960] PMC2843878 PMID:20368835 doi:10.4143/crt.2004.36.6.395... OK (2561 KB) [pmc_pow]
  [1445/5960] PMC284392 PMID:8141576 doi:10.1128/aac.38.1.31... OK (1355 KB) [pmc_pow]
  [1446/5960] PMC2844180 PMID:20018866 doi:10.1074/jbc.M109.035584... OK (1206 KB) [pmc_pow]
  [1447/5960] PMC2844881 PMID:11861643 doi:10.1074/jbc.M110920200... OK (2194 KB) [pmc_pow]
  [1448/5960] PMC2845007 PMID:20164675 doi:10.3858/emm.2010.42.3.024... OK (882 KB) [pmc_pow]
  [1449/5960] PMC2845942 PMID:20053954 doi:10.1124/mol.109.062539... OK (2602 KB) [pmc_pow]
  [1450/5960] PMC284643 PMID:7986014 doi:10.1128/aac.38.8.1824... OK (2842 KB) [pmc_pow]
  [1451/5960] PMC284674 PMID:7811009 doi:10.1128/aac.38.9.1997... OK (1240 KB) [pmc_pow]
  [1452/5960] PMC2847319 PMID:20360936 doi:10.1593/tlo.09262... FAIL [all_failed]
  [1453/5960] PMC284734 PMID:7530932 doi:10.1128/aac.38.10.2300... OK (1480 KB) [pmc_pow]
  [1454/5960] PMC2849464 PMID:20154147 doi:10.1128/MCB.00007-10... FAIL [all_failed]
  [1455/5960] PMC2849965 PMID:20100740 doi:10.1113/jphysiol.2009.181743... OK (391 KB) [pmc_pow]
  [1456/5960] PMC2850432 PMID:20362273 doi:10.1016/j.ajhg.2010.02.023... OK (447 KB) [pmc_pow]
  [1457/5960] PMC2851837 PMID:18821846 doi:10.1089/dna.2008.0788... FAIL [all_failed]
  [1458/5960] PMC2853199 PMID:20110545 doi:10.1152/japplphysiol.00966.2009... FAIL [all_failed]
  [1459/5960] PMC2853923 PMID:18603276 doi:10.1016/j.taap.2008.05.023... OK (1316 KB) [pmc_pow]
  [1460/5960] PMC2854988 PMID:20177770 doi:10.1007/s10815-010-9394-7... OK (496 KB) [pmc_pow]
  [1461/5960] PMC2855097 PMID:20396553 doi:10.4143/crt.2004.36.2.132... OK (2936 KB) [pmc_pow]
  [1462/5960] PMC2856160 PMID:20409457 doi:10.1016/j.bpj.2009.12.4308... FAIL [all_failed]
  [1463/5960] PMC2856887 PMID:20348443 doi:10.1261/rna.1914110... OK (1029 KB) [pmc_pow]
  [1464/5960] PMC2856991 PMID:20110367 doi:10.1074/jbc.M109.080317... OK (3975 KB) [pmc_pow]
  [1465/5960] PMC2856994 PMID:20086011 doi:10.1074/jbc.M109.053181... OK (1234 KB) [pmc_pow]
  [1466/5960] PMC2857028 PMID:20154087 doi:10.1074/jbc.M109.090209... FAIL [all_failed]
  [1467/5960] PMC2857037 PMID:20145242 doi:10.1074/jbc.M109.076984... OK (2942 KB) [pmc_pow]
  [1468/5960] PMC2857048 PMID:20164189 doi:10.1074/jbc.M109.066662... OK (3754 KB) [pmc_pow]
  [1469/5960] PMC2858224 PMID:16579977 doi:10.1016/j.brainres.2006.02.021... OK (841 KB) [pmc_pow]
  [1470/5960] PMC2859087 PMID:15610019 doi:10.1021/bi0488193... OK (1813 KB) [pmc_pow]
  [1471/5960] PMC2859150 PMID:20360050 doi:10.1093/brain/awq056... FAIL [all_failed]
  [1472/5960] PMC2860907 PMID:20364084 doi:10.1172/JCI40372... OK (3051 KB) [pmc_pow]
  [1473/5960] PMC2861258 PMID:20523825 doi:10.5021/ad.2009.21.4.364... OK (324 KB) [pmc_pow]
  [1474/5960] PMC2862425 PMID:20335404 doi:10.1104/pp.110.153916... OK (1463 KB) [pmc_pow]
  [1475/5960] PMC2863210 PMID:20212038 doi:10.1074/jbc.M109.099663... OK (1740 KB) [pmc_pow]
  [1476/5960] PMC2863244 PMID:20197279 doi:10.1074/jbc.M109.059956... FAIL [all_failed]
  [1477/5960] PMC2863588 PMID:20194621 doi:10.1128/MCB.01614-09... OK (1587 KB) [pmc_pow]
  [1478/5960] PMC286430 PMID:2463621 doi:10.1073/pnas.86.1.192... OK (1219 KB) [pmc_pow]
  [1479/5960] PMC2864413 PMID:20159951 doi:10.1093/carcin/bgq039... OK (1197 KB) [pmc_pow]
  [1480/5960] PMC2865262 PMID:20220131 doi:10.1074/jbc.M110.104786... OK (3924 KB) [pmc_pow]
  [1481/5960] PMC2865269 PMID:20231292 doi:10.1074/jbc.M109.069591... OK (4035 KB) [pmc_pow]
  [1482/5960] PMC2865372 PMID:20185557 doi:10.1093/hmg/ddq089... FAIL [all_failed]
  [1483/5960] PMC286572 PMID:2644647 doi:10.1073/pnas.86.3.835... OK (1118 KB) [pmc_pow]
  [1484/5960] PMC2865870 PMID:20086251 doi:10.1182/blood-2009-08-239558... FAIL [all_failed]
  [1485/5960] PMC286665 PMID:2919173 doi:10.1073/pnas.86.4.1249... OK (1346 KB) [pmc_pow]
  [1486/5960] PMC2866950 PMID:19280369 doi:10.1007/s12192-009-0107-z... OK (500 KB) [pmc_pow]
  [1487/5960] PMC2867434 PMID:20154264 doi:10.1152/ajpheart.00464.2009... FAIL [all_failed]
  [1488/5960] PMC2867614 PMID:19826765 doi:10.1007/s00018-009-0166-4... OK (556 KB) [pmc_pow]
  [1489/5960] PMC286784 PMID:2928301 doi:10.1073/pnas.86.6.1761... OK (1009 KB) [pmc_pow]
  [1490/5960] PMC2868241 PMID:20222013 doi:10.1002/pro.376... FAIL [all_failed]
  [1491/5960] PMC2868271 PMID:20467580 no DOI... OK (54 KB) [pmc_pow]
  [1492/5960] PMC2868338 PMID:18225919 doi:10.1021/bi702218c... OK (1174 KB) [pmc_pow]
  [1493/5960] PMC2869493 PMID:20038714 doi:10.1242/dmm.004267... FAIL [all_failed]
  [1494/5960] PMC2871385 PMID:17683942 doi:10.1016/j.str.2007.07.001... OK (3365 KB) [pmc_pow]
  [1495/5960] PMC2871506 PMID:20351113 doi:10.1074/jbc.M109.092676... OK (3609 KB) [pmc_pow]
  [1496/5960] PMC2871873 PMID:20200034 doi:10.1098/rspb.2009.2176... OK (336 KB) [pmc_pow]
  [1497/5960] PMC287405 PMID:2471197 doi:10.1073/pnas.86.11.4142... OK (1341 KB) [pmc_pow]
  [1498/5960] PMC2874140 PMID:20480521 doi:10.3748/wjg.v16.i19.2362... OK (1022 KB) [pmc_pow]
  [1499/5960] PMC2874847 PMID:20218980 doi:10.1111/j.1476-5381.2010.00656.x... FAIL [all_failed]
  [1500/5960] PMC2876419 PMID:20385873 doi:10.1128/AAC.01723-09... OK (1405 KB) [pmc_pow]
  [1501/5960] PMC2876960 PMID:20360684 doi:10.1038/emboj.2010.50... OK (954 KB) [pmc_pow]
  [1502/5960] PMC2877980 PMID:20124354 doi:10.1074/mcp.M900321-MCP200... FAIL [all_failed]
  [1503/5960] PMC2878061 PMID:20194501 doi:10.1074/jbc.M109.092999... OK (3632 KB) [pmc_pow]
  [1504/5960] PMC2878495 PMID:20368333 doi:10.1074/jbc.M110.115261... OK (2152 KB) [pmc_pow]
  [1505/5960] PMC2878543 PMID:20371611 doi:10.1074/jbc.M109.082057... OK (1570 KB) [pmc_pow]
  [1506/5960] PMC2881506 PMID:20233973 doi:10.1182/blood-2009-12-257261... FAIL [all_failed]
  [1507/5960] PMC2881736 PMID:20410300 doi:10.1074/jbc.C110.128918... OK (1571 KB) [pmc_pow]
  [1508/5960] PMC2881771 PMID:20207735 doi:10.1074/jbc.M109.077925... OK (3067 KB) [pmc_pow]
  [1509/5960] PMC2881797 PMID:20404319 doi:10.1074/jbc.M109.091694... OK (3199 KB) [pmc_pow]
  [1510/5960] PMC2881809 PMID:20388704 doi:10.1074/jbc.M110.107631... FAIL [all_failed]
  [1511/5960] PMC2884089 PMID:20041963 doi:10.1111/j.1365-2613.2009.00697.x... OK (441 KB) [pmc_pow]
  [1512/5960] PMC288450 PMID:8254013 doi:10.1172/JCI116869... OK (246 KB) [pmc_pow]
  [1513/5960] PMC2885175 PMID:20413593 doi:10.1074/jbc.M109.099846... FAIL [all_failed]
  [1514/5960] PMC2885240 PMID:20392693 doi:10.1074/jbc.M110.105452... OK (3573 KB) [pmc_pow]
  [1515/5960] PMC2886522 PMID:20332360 doi:10.1152/ajpendo.00713.2009... FAIL [all_failed]
  [1516/5960] PMC2887087 PMID:20563249 doi:10.1593/neo.10168... OK (2340 KB) [pmc_pow]
  [1517/5960] PMC2887265 PMID:20181933 doi:10.1096/fj.09-147991... FAIL [all_failed]
  [1518/5960] PMC2889218 PMID:20938484 doi:10.1111/j.1471-4159.2007.04954.x... OK (2370 KB) [pmc_pow]
  [1519/5960] PMC2889737 PMID:20179672 doi:10.1038/mt.2010.29... FAIL [all_failed]
  [1520/5960] PMC2890083 PMID:19797358 doi:10.1099/mic.0.031641-0... OK (322 KB) [pmc_pow]
  [1521/5960] PMC2890488 PMID:20479229 doi:10.1073/pnas.1005283107... OK (272 KB) [pmc_pow]
  [1522/5960] PMC2890828 PMID:20498054 doi:10.1073/pnas.1005435107... OK (210 KB) [pmc_pow]
  [1523/5960] PMC2894910 PMID:20356891 doi:10.1098/rspb.2010.0301... OK (300 KB) [pmc_pow]
  [1524/5960] PMC2894940 PMID:19557324 doi:10.1007/s12640-009-9074-5... OK (1557 KB) [pmc_pow]
  [1525/5960] PMC2897349 PMID:20453089 doi:10.1128/JB.00121-10... OK (912 KB) [pmc_pow]
  [1526/5960] PMC2897388 PMID:20404079 doi:10.1128/IAI.01354-09... FAIL [all_failed]
  [1527/5960] PMC2897597 PMID:20504938 doi:10.1128/JVI.00885-10... OK (881 KB) [pmc_pow]
  [1528/5960] PMC2897878 PMID:20513808 doi:10.1093/jnci/djq187... OK (747 KB) [pmc_pow]
  [1529/5960] PMC2898308 PMID:20435888 doi:10.1074/jbc.M110.115386... OK (1206 KB) [pmc_pow]
  [1530/5960] PMC2898414 PMID:20448046 doi:10.1074/jbc.M109.070169... OK (1677 KB) [pmc_pow]
  [1531/5960] PMC2900671 PMID:20547874 doi:10.1073/pnas.1006951107... OK (475 KB) [pmc_pow]
  [1532/5960] PMC2900682 PMID:20547883 doi:10.1073/pnas.1004250107... OK (1297 KB) [pmc_pow]
  [1533/5960] PMC2901451 PMID:20562347 doi:10.1073/pnas.0910581107... OK (712 KB) [pmc_pow]
  [1534/5960] PMC2901460 PMID:20566863 doi:10.1073/pnas.1003379107... OK (236 KB) [pmc_pow]
  [1535/5960] PMC2901709 PMID:20400547 doi:10.1128/JB.00928-09... OK (1606 KB) [pmc_pow]
  [1536/5960] PMC2902387 PMID:18359761 doi:10.1093/carcin/bgn078... OK (676 KB) [pmc_pow]
  [1537/5960] PMC2903265 PMID:20410282 doi:10.1128/JVI.00556-10... OK (2763 KB) [pmc_pow]
  [1538/5960] PMC2903803 PMID:20363834 doi:10.1194/jlr.M003319... OK (1497 KB) [pmc_pow]
  [1539/5960] PMC2903941 PMID:20427479 doi:10.1210/en.2010-0018... FAIL [all_failed]
  [1540/5960] PMC2904001 PMID:20164450 doi:10.1167/iovs.09-4660... OK (314 KB) [pmc_pow]
  [1541/5960] PMC2904138 PMID:20435848 doi:10.1152/ajpheart.00431.2009... FAIL [all_failed]
  [1542/5960] PMC2904257 PMID:20375275 doi:10.1152/ajpcell.00523.2009... FAIL [all_failed]
  [1543/5960] PMC2904585 PMID:20407036 doi:10.1182/blood-2009-10-251496... FAIL [all_failed]
  [1544/5960] PMC2905382 PMID:15944150 doi:10.1074/jbc.M504247200... OK (925 KB) [pmc_pow]
  [1545/5960] PMC2906299 PMID:20498374 doi:10.1074/jbc.M110.128843... OK (2517 KB) [pmc_pow]
  [1546/5960] PMC2906567 PMID:20616028 doi:10.1073/pnas.1002339107... OK (620 KB) [pmc_pow]
  [1547/5960] PMC2906835 PMID:20457929 doi:10.1073/pnas.0914387107... OK (1377 KB) [pmc_pow]
  [1548/5960] PMC2906840 PMID:20457924 doi:10.1073/pnas.0911175107... OK (608 KB) [pmc_pow]
  [1549/5960] PMC2907220 PMID:20571076 doi:10.1093/molehr/gaq040... OK (516 KB) [pmc_pow]
  [1550/5960] PMC2908467 PMID:20504995 doi:10.1093/hmg/ddq214... OK (299 KB) [pmc_pow]
  [1551/5960] PMC2909292 PMID:20371614 doi:10.1096/fj.09-153718... FAIL [all_failed]
  [1552/5960] PMC2909311 PMID:20590333 doi:10.1063/1.3456056... OK (747 KB) [pmc_pow]
  [1553/5960] PMC2910253 PMID:11740432 no DOI... OK (508 KB) [pmc_pow]
  [1554/5960] PMC2910713 PMID:15620241 doi:10.1021/np049753f... OK (506 KB) [pmc_pow]
  [1555/5960] PMC2911209 PMID:20421291 doi:10.1113/jphysiol.2009.184754... OK (494 KB) [pmc_pow]
  [1556/5960] PMC2914580 PMID:20194922 doi:10.1093/jxb/erq028... OK (435 KB) [pmc_pow]
  [1557/5960] PMC2915675 PMID:20530481 doi:10.1074/jbc.M110.118604... OK (833 KB) [pmc_pow]
  [1558/5960] PMC2917062 PMID:19174548 doi:10.1093/jb/mvp018... OK (256 KB) [pmc_pow]
  [1559/5960] PMC2917713 PMID:20696290 doi:10.1016/j.ajhg.2010.07.014... OK (304 KB) [pmc_pow]
  [1560/5960] PMC2917860 PMID:20488920 doi:10.1124/mol.110.064451... OK (800 KB) [pmc_pow]
  [1561/5960] PMC291829 PMID:14657037 doi:10.1093/emboj/cdg634... OK (372 KB) [pmc_pow]
  [1562/5960] PMC2919034 PMID:20538852 doi:10.1128/JVI.00879-10... OK (1861 KB) [pmc_pow]
  [1563/5960] PMC2919093 PMID:20538613 doi:10.1074/jbc.M110.146480... OK (1715 KB) [pmc_pow]
  [1564/5960] PMC291911 PMID:5543878 doi:10.1172/JCI106478... OK (777 KB) [pmc_pow]
  [1565/5960] PMC2923291 PMID:20584760 doi:10.1093/toxsci/kfq192... OK (420 KB) [pmc_pow]
  [1566/5960] PMC2923351 PMID:20466876 doi:10.1096/fj.09-152108... FAIL [all_failed]
  [1567/5960] PMC2924002 PMID:20566643 doi:10.1074/jbc.M110.128371... OK (1610 KB) [pmc_pow]
  [1568/5960] PMC2924085 PMID:20566649 doi:10.1074/jbc.M110.143164... OK (4018 KB) [pmc_pow]
  [1569/5960] PMC2924093 PMID:20571029 doi:10.1074/jbc.M109.063255... OK (3936 KB) [pmc_pow]
  [1570/5960] PMC292620 PMID:14322047 doi:10.1172/JCI105248... OK (856 KB) [pmc_pow]
  [1571/5960] PMC29271 PMID:11171965 doi:10.1073/pnas.98.4.1416... OK (169 KB) [pmc_pow]
  [1572/5960] PMC2928503 PMID:20688779 doi:10.1101/gr.104513.109... OK (1401 KB) [pmc_pow]
  [1573/5960] PMC2928507 PMID:20610602 doi:10.1101/gr.105825.110... OK (798 KB) [pmc_pow]
  [1574/5960] PMC2928511 PMID:20501872 doi:10.1152/ajpendo.00091.2010... FAIL [all_failed]
  [1575/5960] PMC2928513 PMID:20371735 doi:10.1152/ajpendo.00755.2009... FAIL [all_failed]
  [1576/5960] PMC2928589 PMID:20507973 doi:10.1152/japplphysiol.00354.2010... FAIL [all_failed]
  [1577/5960] PMC2930454 PMID:20682747 doi:10.1073/pnas.1003677107... OK (2553 KB) [pmc_pow]
  [1578/5960] PMC2930740 PMID:20558738 doi:10.1074/jbc.M109.078667... OK (1897 KB) [pmc_pow]
  [1579/5960] PMC2930774 PMID:12783416 doi:10.1002/ana.10543... OK (2031 KB) [pmc_pow]
  [1580/5960] PMC2933572 PMID:18754709 doi:10.1089/ars.2008.2256... OK (206 KB) [pmc_pow]
  [1581/5960] PMC2934675 PMID:20513922 doi:10.1074/jbc.M110.122283... OK (3810 KB) [pmc_pow]
  [1582/5960] PMC2934689 PMID:20601698 doi:10.1074/jbc.M110.129510... OK (3890 KB) [pmc_pow]
  [1583/5960] PMC2934692 PMID:20576602 doi:10.1074/jbc.M110.141424... OK (3610 KB) [pmc_pow]
  [1584/5960] PMC2934698 PMID:20595384 doi:10.1074/jbc.M110.109199... OK (2316 KB) [pmc_pow]
  [1585/5960] PMC2934699 PMID:20601428 doi:10.1074/jbc.M110.148262... OK (1861 KB) [pmc_pow]
  [1586/5960] PMC2935348 PMID:20136500 doi:10.1089/ars.2009.3036... OK (530 KB) [pmc_pow]
  [1587/5960] PMC293539 PMID:8326021 doi:10.1172/JCI116603... OK (1530 KB) [pmc_pow]
  [1588/5960] PMC2935632 PMID:20885891 doi:10.1593/tlo.10124... OK (2192 KB) [pmc_pow]
  [1589/5960] PMC2935859 PMID:20668094 doi:10.1093/hmg/ddq301... FAIL [all_failed]
  [1590/5960] PMC2935999 PMID:20590589 doi:10.1111/j.1476-5381.2010.00718.x... OK (1008 KB) [pmc_pow]
  [1591/5960] PMC2936026 PMID:20590610 doi:10.1111/j.1476-5381.2010.00746.x... OK (2416 KB) [pmc_pow]
  [1592/5960] PMC293638 PMID:8326014 doi:10.1172/JCI116594... OK (2285 KB) [pmc_pow]
  [1593/5960] PMC2936498 PMID:20486773 doi:10.1089/hum.2010.008... OK (425 KB) [pmc_pow]
  [1594/5960] PMC2936840 PMID:20649571 doi:10.1111/j.1476-5381.2010.00832.x... OK (1522 KB) [pmc_pow]
  [1595/5960] PMC2936955 PMID:20001744 doi:10.1089/ars.2009.2788... OK (1413 KB) [pmc_pow]
  [1596/5960] PMC2937365 PMID:20622067 doi:10.1128/JB.00490-10... OK (1603 KB) [pmc_pow]
  [1597/5960] PMC2937524 PMID:20624914 doi:10.1128/MCB.00228-10... OK (2099 KB) [pmc_pow]
  [1598/5960] PMC2937596 PMID:20592086 doi:10.1128/JVI.00155-10... OK (1111 KB) [pmc_pow]
  [1599/5960] PMC2937600 PMID:20610716 doi:10.1128/JVI.00603-10... OK (1849 KB) [pmc_pow]
  [1600/5960] PMC2937707 PMID:20592146 doi:10.1128/JCM.00445-10... OK (197 KB) [pmc_pow]
  [1601/5960] PMC2937816 PMID:20660199 doi:10.1128/JVI.00592-10... OK (2370 KB) [pmc_pow]
  [1602/5960] PMC2939673 PMID:20543097 doi:10.1124/jpet.110.170191... OK (1109 KB) [pmc_pow]
  [1603/5960] PMC2940491 PMID:20591973 doi:10.1210/en.2009-1156... FAIL [all_failed]
  [1604/5960] PMC294050 PMID:8132749 doi:10.1172/JCI117061... OK (1446 KB) [pmc_pow]
  [1605/5960] PMC2941282 PMID:20736350 doi:10.1073/pnas.1003459107... OK (761 KB) [pmc_pow]
  [1606/5960] PMC2941323 PMID:20798345 doi:10.1073/pnas.1006026107... OK (1123 KB) [pmc_pow]
  [1607/5960] PMC294231 PMID:8163672 doi:10.1172/JCI117158... OK (1719 KB) [pmc_pow]
  [1608/5960] PMC2943296 PMID:20659899 doi:10.1074/jbc.M110.151795... OK (2113 KB) [pmc_pow]
  [1609/5960] PMC2945544 PMID:20679348 doi:10.1074/jbc.M110.156257... OK (2383 KB) [pmc_pow]
  [1610/5960] PMC2945573 PMID:20663881 doi:10.1074/jbc.M110.151183... OK (3300 KB) [pmc_pow]
  [1611/5960] PMC2947771 PMID:20837658 doi:10.1101/gad.1924710... OK (904 KB) [pmc_pow]
  [1612/5960] PMC2948486 PMID:18413764 doi:10.1158/0008-5472.CAN-07-2508... OK (806 KB) [pmc_pow]
  [1613/5960] PMC2949186 PMID:20040926 doi:10.1038/jcbfm.2009.261... OK (584 KB) [pmc_pow]
  [1614/5960] PMC2950436 PMID:20675578 doi:10.1128/EC.00078-10... OK (3370 KB) [pmc_pow]
  [1615/5960] PMC2953058 PMID:20805355 doi:10.1128/MCB.00469-10... OK (1256 KB) [pmc_pow]
  [1616/5960] PMC2953464 PMID:18640266 doi:10.1016/j.freeradbiomed.2008.06.016... OK (3053 KB) [pmc_pow]
  [1617/5960] PMC2953951 PMID:20953314 no DOI... OK (1046 KB) [pmc_pow]
  [1618/5960] PMC2954960 PMID:16696854 doi:10.1111/j.1471-4159.2006.03837.x... OK (1136 KB) [pmc_pow]
  [1619/5960] PMC2955093 PMID:20880836 doi:10.1073/pnas.1004361107... OK (2027 KB) [pmc_pow]
  [1620/5960] PMC2955101 PMID:20837536 doi:10.1073/pnas.1010459107... OK (756 KB) [pmc_pow]
  [1621/5960] PMC295512 PMID:7860738 doi:10.1172/JCI117698... OK (3336 KB) [pmc_pow]
  [1622/5960] PMC295513 PMID:1885764 doi:10.1172/JCI115363... OK (915 KB) [pmc_pow]
  [1623/5960] PMC2955212 PMID:20702595 doi:10.1093/toxsci/kfq235... FAIL [all_failed]
  [1624/5960] PMC295585 PMID:1918374 doi:10.1172/JCI115422... OK (3300 KB) [pmc_pow]
  [1625/5960] PMC2956810 PMID:20920426 doi:10.1177/193229681000400505... OK (1997 KB) [pmc_pow]
  [1626/5960] PMC2957058 PMID:20884783 doi:10.1261/rna.2211110... OK (2680 KB) [pmc_pow]
  [1627/5960] PMC2957164 PMID:20616185 doi:10.1124/dmd.110.034678... OK (3044 KB) [pmc_pow]
  [1628/5960] PMC295799 PMID:7738175 doi:10.1172/JCI117894... OK (1635 KB) [pmc_pow]
  [1629/5960] PMC2958050 PMID:18006466 doi:10.1093/cvr/cvm026... OK (313 KB) [pmc_pow]
  [1630/5960] PMC2958650 PMID:20649602 doi:10.1111/j.1476-5381.2010.00866.x... OK (2561 KB) [pmc_pow]
  [1631/5960] PMC295925 PMID:7769092 doi:10.1172/JCI117947... OK (2366 KB) [pmc_pow]
  [1632/5960] PMC295999 PMID:2056127 doi:10.1172/JCI115298... OK (1446 KB) [pmc_pow]
  [1633/5960] PMC2962517 PMID:20685647 doi:10.1074/jbc.M110.156182... OK (994 KB) [pmc_pow]
  [1634/5960] PMC2963101 PMID:17981801 doi:10.1074/jbc.M708014200... OK (1359 KB) [pmc_pow]
  [1635/5960] PMC2963433 PMID:9671210 doi:10.1089/aid.1998.14.821... OK (425 KB) [pmc_pow]
  [1636/5960] PMC2964992 PMID:20978358 doi:10.1172/JCI43721... OK (2637 KB) [pmc_pow]
  [1637/5960] PMC2964996 PMID:20978346 doi:10.1172/JCI44011... OK (3914 KB) [pmc_pow]
  [1638/5960] PMC2965402 PMID:20889762 doi:10.1242/dmm.005579... OK (1166 KB) [pmc_pow]
  [1639/5960] PMC2965436 PMID:15808401 doi:10.1016/j.canlet.2004.09.012... OK (525 KB) [pmc_pow]
  [1640/5960] PMC296549 PMID:2318972 doi:10.1172/JCI114550... OK (1873 KB) [pmc_pow]
  [1641/5960] PMC2965520 PMID:1283300 doi:10.1016/0896-8411(92)90187-u... OK (769 KB) [pmc_pow]
  [1642/5960] PMC2966043 PMID:20864526 doi:10.1074/jbc.C110.165480... OK (1268 KB) [pmc_pow]
  [1643/5960] PMC2966113 PMID:20739282 doi:10.1074/jbc.M110.163808... OK (1409 KB) [pmc_pow]
  [1644/5960] PMC2966482 PMID:20446769 doi:10.1089/ars.2009.3074... OK (1358 KB) [pmc_pow]
  [1645/5960] PMC2966552 PMID:20627873 doi:10.1093/carcin/bgq149... OK (936 KB) [pmc_pow]
  [1646/5960] PMC2966810 PMID:20864674 doi:10.2353/ajpath.2010.100229... OK (2545 KB) [pmc_pow]
  [1647/5960] PMC29682 PMID:11139631 doi:10.1093/nar/29.2.e1... OK (362 KB) [pmc_pow]
  [1648/5960] PMC296962 PMID:1645750 doi:10.1172/JCI115236... OK (2368 KB) [pmc_pow]
  [1649/5960] PMC297061 PMID:6023775 doi:10.1172/JCI105542... OK (1399 KB) [pmc_pow]
  [1650/5960] PMC2970747 PMID:20671748 doi:10.1038/cdd.2010.89... OK (1145 KB) [pmc_pow]
  [1651/5960] PMC2971563 PMID:21057593 doi:10.1109/tase.2007.909441... OK (882 KB) [pmc_pow]
  [1652/5960] PMC2972396 PMID:20811656 doi:10.2119/molmed.2010.00107... OK (378 KB) [pmc_pow]
  [1653/5960] PMC2972730 PMID:20962236 doi:10.1523/JNEUROSCI.1042-10.2010... OK (1708 KB) [pmc_pow]
  [1654/5960] PMC2972922 PMID:20937894 doi:10.1073/pnas.1006586107... OK (884 KB) [pmc_pow]
  [1655/5960] PMC29743 PMID:11239005 doi:10.1093/nar/29.6.1381... OK (628 KB) [pmc_pow]
  [1656/5960] PMC297615 PMID:2748588 doi:10.1073/pnas.86.14.5330... OK (1211 KB) [pmc_pow]
  [1657/5960] PMC297667 PMID:2748604 doi:10.1073/pnas.86.14.5585... OK (990 KB) [pmc_pow]
  [1658/5960] PMC2977874 PMID:20844032 doi:10.1128/JVI.01129-10... OK (1478 KB) [pmc_pow]
  [1659/5960] PMC2978311 PMID:20024619 doi:10.1007/s10616-009-9244-6... OK (424 KB) [pmc_pow]
  [1660/5960] PMC2978972 PMID:20970105 doi:10.1016/j.ajhg.2010.09.013... OK (647 KB) [pmc_pow]
  [1661/5960] PMC2980454 PMID:20811007 doi:10.1152/ajpregu.00225.2010... FAIL [all_failed]
  [1662/5960] PMC2980846 PMID:19502709 doi:10.3233/JAD-2009-1037... OK (2366 KB) [pmc_pow]
  [1663/5960] PMC298190 PMID:2554297 doi:10.1073/pnas.86.20.7952... OK (1471 KB) [pmc_pow]
  [1664/5960] PMC2981963 PMID:20855302 doi:10.1098/rstb.2010.0096... OK (384 KB) [pmc_pow]
  [1665/5960] PMC2984166 PMID:20974969 doi:10.1073/pnas.1005078107... OK (957 KB) [pmc_pow]
  [1666/5960] PMC298493 PMID:2594772 doi:10.1073/pnas.86.23.9350... OK (1135 KB) [pmc_pow]
  [1667/5960] PMC2986650 PMID:19337312 doi:10.1038/ejhg.2009.46... OK (157 KB) [pmc_pow]
  [1668/5960] PMC2987384 PMID:20234393 doi:10.1038/ejhg.2010.21... OK (483 KB) [pmc_pow]
  [1669/5960] PMC2988388 PMID:20861021 doi:10.1074/jbc.M110.169532... OK (2010 KB) [pmc_pow]
  [1670/5960] PMC298874 PMID:3474661 doi:10.1073/pnas.84.15.5444... OK (1264 KB) [pmc_pow]
  [1671/5960] PMC2989881 PMID:17786027 doi:10.4161/auto.4892... OK (111 KB) [pmc_pow]
  [1672/5960] PMC2989999 PMID:21045080 doi:10.1101/gr.108217.110... OK (887 KB) [pmc_pow]
  [1673/5960] PMC2990044 PMID:21118934 doi:10.4269/ajtmh.2010.10-0392... FAIL [all_failed]
  [1674/5960] PMC2992254 PMID:20876572 doi:10.1074/jbc.M110.177717... OK (2644 KB) [pmc_pow]
  [1675/5960] PMC299256 PMID:3499608 doi:10.1073/pnas.84.20.7193... OK (1189 KB) [pmc_pow]
  [1676/5960] PMC2992718 PMID:20685705 doi:10.1098/rspb.2010.0925... OK (963 KB) [pmc_pow]
  [1677/5960] PMC2993089 PMID:20097832 doi:10.1165/rcmb.2009-0250OC... OK (1166 KB) [pmc_pow]
  [1678/5960] PMC2993277 PMID:20971741 doi:10.2353/ajpath.2010.100330... OK (922 KB) [pmc_pow]
  [1679/5960] PMC2993338 PMID:21041670 doi:10.1073/pnas.1009814107... OK (952 KB) [pmc_pow]
  [1680/5960] PMC2993406 PMID:21041628 doi:10.1073/pnas.1010430107... FAIL [all_failed]
  [1681/5960] PMC299343 PMID:2823266 doi:10.1073/pnas.84.21.7580... OK (1129 KB) [pmc_pow]
  [1682/5960] PMC2995430 PMID:20499271 doi:10.1007/s10815-010-9435-2... OK (192 KB) [pmc_pow]
  [1683/5960] PMC2995551 PMID:17076763 doi:10.1111/j.1471-4159.2006.04200.x... OK (678 KB) [pmc_pow]
  [1684/5960] PMC2996595 PMID:20819090 doi:10.1111/j.1365-2249.2010.04252.x... OK (653 KB) [pmc_pow]
  [1685/5960] PMC299674 PMID:3480522 doi:10.1073/pnas.84.24.8976... OK (1021 KB) [pmc_pow]
  [1686/5960] PMC2997360 PMID:21129724 doi:10.1016/j.ajhg.2010.11.001... OK (1710 KB) [pmc_pow]
  [1687/5960] PMC2997996 PMID:21128330 doi:10.3748/wjg.v16.i45.5773... OK (1035 KB) [pmc_pow]
  [1688/5960] PMC299914 PMID:14645705 doi:10.1073/pnas.2435285100... OK (529 KB) [pmc_pow]
  [1689/5960] PMC2999496 PMID:20962050 doi:10.1210/en.2010-0484... FAIL [all_failed]
  [1690/5960] PMC2999801 PMID:20646074 doi:10.1111/j.1365-2567.2010.03322.x... OK (506 KB) [pmc_pow]
  [1691/5960] PMC2999973 PMID:20826585 doi:10.1210/jc.2010-0770... FAIL [all_failed]
  [1692/5960] PMC3000675 PMID:20940149 doi:10.1093/hmg/ddq430... OK (732 KB) [pmc_pow]
  [1693/5960] PMC3000740 PMID:17942397 doi:10.1074/jbc.M705789200... OK (1875 KB) [pmc_pow]
  [1694/5960] PMC3000957 PMID:20870728 doi:10.1074/jbc.M110.147504... OK (1188 KB) [pmc_pow]
  [1695/5960] PMC3000961 PMID:20870718 doi:10.1074/jbc.M110.164988... OK (2577 KB) [pmc_pow]
  [1696/5960] PMC3001980 PMID:21155010 doi:10.3748/wjg.v16.i46.5874... OK (701 KB) [pmc_pow]
  [1697/5960] PMC3002569 PMID:21180595 doi:10.1177/1756283X09354562... OK (181 KB) [pmc_pow]
  [1698/5960] PMC3005902 PMID:20977989 doi:10.1093/hmg/ddq464... OK (256 KB) [pmc_pow]
  [1699/5960] PMC3006622 PMID:20186508 doi:10.1007/s12192-010-0174-1... OK (753 KB) [pmc_pow]
  [1700/5960] PMC3007130 PMID:21123941 doi:10.1172/JCI40087... OK (2896 KB) [pmc_pow]
  [1701/5960] PMC3007152 PMID:21135508 doi:10.1172/JCI44021... OK (10414 KB) [pmc_pow]
  [1702/5960] PMC3008554 PMID:18434620 doi:10.1152/ajpcell.00518.2007... OK (2382 KB) [pmc_pow]
  [1703/5960] PMC3010147 PMID:20921196 doi:10.1113/jphysiol.2010.199448... OK (303 KB) [pmc_pow]
  [1704/5960] PMC3012919 PMID:20974897 doi:10.1101/gr.108696.110... OK (911 KB) [pmc_pow]
  [1705/5960] PMC30130 PMID:11226231 doi:10.1073/pnas.031430998... OK (240 KB) [pmc_pow]
  [1706/5960] PMC3013050 PMID:20978128 doi:10.1074/jbc.M110.153247... OK (1243 KB) [pmc_pow]
  [1707/5960] PMC3013442 PMID:20833797 doi:10.1074/mcp.M110.000299... OK (310 KB) [pmc_pow]
  [1708/5960] PMC301408 PMID:14671022 doi:10.1105/tpc.016055... OK (274 KB) [pmc_pow]
  [1709/5960] PMC3014371 PMID:21185009 doi:10.1016/j.ajhg.2010.11.010... OK (1552 KB) [pmc_pow]
  [1710/5960] PMC301643 PMID:4430711 doi:10.1172/JCI107816... OK (914 KB) [pmc_pow]
  [1711/5960] PMC301891 PMID:166094 doi:10.1172/JCI108055... OK (2711 KB) [pmc_pow]
  [1712/5960] PMC301923 PMID:808560 doi:10.1172/JCI108145... OK (1838 KB) [pmc_pow]
  [1713/5960] PMC3019658 PMID:21078938 doi:10.1128/AAC.01229-10... OK (282 KB) [pmc_pow]
  [1714/5960] PMC301976 PMID:1184741 doi:10.1172/JCI108189... OK (1569 KB) [pmc_pow]
  [1715/5960] PMC3019999 PMID:21084482 doi:10.1128/JVI.01557-10... OK (1700 KB) [pmc_pow]
  [1716/5960] PMC3020125 PMID:20629482 doi:10.1089/scd.2009.0475... OK (830 KB) [pmc_pow]
  [1717/5960] PMC302029 PMID:10944108 doi:10.1093/emboj/19.16.4257... OK (403 KB) [pmc_pow]
  [1718/5960] PMC3020646 PMID:20953162 doi:10.1038/emboj.2010.258... OK (2812 KB) [pmc_pow]
  [1719/5960] PMC3020720 PMID:21078664 doi:10.1074/jbc.M110.191379... FAIL [all_failed]
  [1720/5960] PMC3020749 PMID:21041304 doi:10.1074/jbc.M110.186700... OK (2526 KB) [pmc_pow]
  [1721/5960] PMC3020775 PMID:21068380 doi:10.1074/jbc.M110.171439... OK (5647 KB) [pmc_pow]
  [1722/5960] PMC3020988 PMID:20930850 doi:10.1038/cdd.2010.117... OK (2897 KB) [pmc_pow]
  [1723/5960] PMC302159 PMID:5011099 doi:10.1172/JCI106842... OK (1650 KB) [openalex]
  [1724/5960] PMC302189 PMID:4401271 doi:10.1172/JCI106871... OK (2448 KB) [pmc_pow]
  [1725/5960] PMC3021997 PMID:21242311 doi:10.1242/jcs.072272... FAIL [all_failed]
  [1726/5960] PMC3023249 PMID:21076025 doi:10.1152/ajpheart.00932.2010... FAIL [all_failed]
  [1727/5960] PMC3023411 PMID:21258656 no DOI... OK (8062 KB) [pmc_pow]
  [1728/5960] PMC3023929 PMID:20664615 doi:10.1038/jcbfm.2010.107... OK (901 KB) [pmc_pow]
  [1729/5960] PMC3024017 PMID:20445102 doi:10.1073/pnas.0914635107... OK (194 KB) [pmc_pow]
  [1730/5960] PMC3024079 PMID:20393889 doi:10.1007/s12192-010-0194-x... OK (673 KB) [pmc_pow]
  [1731/5960] PMC3025181 PMID:20518704 doi:10.1089/ars.2010.3286... OK (816 KB) [pmc_pow]
  [1732/5960] PMC3025718 PMID:20943885 doi:10.1093/brain/awq276... OK (1353 KB) [pmc_pow]
  [1733/5960] PMC3025768 PMID:21121808 doi:10.1089/neu.2010.1613... OK (689 KB) [pmc_pow]
  [1734/5960] PMC3027014 PMID:21274377 doi:10.3748/wjg.v17.i4.478... OK (1052 KB) [pmc_pow]
  [1735/5960] PMC3028303 PMID:22778364 doi:10.1136/bcr.01.2010.2604... OK (385 KB) [pmc_pow]
  [1736/5960] PMC3030152 PMID:21281574 doi:10.1016/j.bpj.2010.12.3711... OK (1094 KB) [pmc_pow]
  [1737/5960] PMC3030170 PMID:21281575 doi:10.1016/j.bpj.2010.12.3708... OK (792 KB) [pmc_pow]
  [1738/5960] PMC3030810 PMID:20203074 doi:10.1093/bib/bbq008... OK (653 KB) [pmc_pow]
  [1739/5960] PMC3031861 PMID:15050968 doi:10.1016/j.ymgme.2003.10.017... OK (989 KB) [pmc_pow]
  [1740/5960] PMC3032075 PMID:20537299 doi:10.1016/j.ajhg.2010.05.005... FAIL [all_failed]
  [1741/5960] PMC3032478 PMID:21139087 doi:10.1104/pp.110.166504... OK (858 KB) [pmc_pow]
  [1742/5960] PMC3033681 PMID:21036924 doi:10.1074/mcp.M110.004291... OK (621 KB) [pmc_pow]
  [1743/5960] PMC3033717 PMID:20962031 doi:10.1124/jpet.110.174904... OK (1566 KB) [pmc_pow]
  [1744/5960] PMC3034121 PMID:21311682 doi:10.4196/kjpp.2010.14.6.407... OK (2675 KB) [pmc_pow]
  [1745/5960] PMC303528 PMID:3403711 doi:10.1172/JCI113612... OK (6382 KB) [pmc_pow]
  [1746/5960] PMC3035514 PMID:20023206 doi:10.1194/jlr.M003756... OK (1273 KB) [pmc_pow]
  [1747/5960] PMC3035681 PMID:21173190 doi:10.1194/jlr.M007575... OK (1741 KB) [pmc_pow]
  [1748/5960] PMC303583 PMID:3417871 doi:10.1172/JCI113679... OK (1360 KB) [pmc_pow]
  [1749/5960] PMC3037632 PMID:21156793 doi:10.1074/jbc.M110.161927... OK (2097 KB) [pmc_pow]
  [1750/5960] PMC3037811 PMID:21142667 doi:10.1089/neu.2010.1646... OK (299 KB) [pmc_pow]
  [1751/5960] PMC303877 PMID:2708529 doi:10.1172/JCI114068... OK (2566 KB) [pmc_pow]
  [1752/5960] PMC30390 PMID:11160888 doi:10.1093/nar/29.3.668... OK (262 KB) [pmc_pow]
  [1753/5960] PMC3039362 PMID:21147776 doi:10.1074/jbc.M110.158741... OK (2349 KB) [pmc_pow]
  [1754/5960] PMC3039498 PMID:20700146 doi:10.1038/ejhg.2010.128... OK (386 KB) [pmc_pow]
  [1755/5960] PMC303965 PMID:2544623 doi:10.1172/JCI114135... OK (1604 KB) [pmc_pow]
  [1756/5960] PMC3039768 PMID:21081844 doi:10.4161/auto.7.2.14074... OK (5009 KB) [pmc_pow]
  [1757/5960] PMC304008 PMID:2509517 doi:10.1172/JCI114319... OK (1527 KB) [pmc_pow]
  [1758/5960] PMC3041164 PMID:20814239 doi:10.4161/cc.9.16.12553... OK (29322 KB) [pmc_pow]
  [1759/5960] PMC304216 PMID:3025870 doi:10.1073/pnas.84.2.407... OK (1204 KB) [pmc_pow]
  [1760/5960] PMC3042841 PMID:21106934 doi:10.1096/fj.10-173906... FAIL [all_failed]
  [1761/5960] PMC3043657 PMID:21177255 doi:10.1093/hmg/ddq548... OK (507 KB) [pmc_pow]
  [1762/5960] PMC3044202 PMID:21135414 doi:10.1093/toxsci/kfq364... OK (893 KB) [pmc_pow]
  [1763/5960] PMC3044380 PMID:21289278 doi:10.1073/pnas.1019393108... OK (956 KB) [pmc_pow]
  [1764/5960] PMC304442 PMID:2881300 doi:10.1073/pnas.84.5.1421... OK (1023 KB) [pmc_pow]
  [1765/5960] PMC3045836 PMID:17875786 doi:10.1158/1078-0432.CCR-07-1075... OK (1752 KB) [pmc_pow]
  [1766/5960] PMC304628 PMID:3031675 doi:10.1073/pnas.84.8.2256... OK (952 KB) [pmc_pow]
  [1767/5960] PMC3046768 PMID:20927567 doi:10.1007/s00018-010-0530-4... OK (1493 KB) [pmc_pow]
  [1768/5960] PMC3047109 PMID:21150282 doi:10.4161/cbt.11.4.14101... OK (1272 KB) [pmc_pow]
  [1769/5960] PMC3047570 PMID:17568748 doi:10.1038/nature05859... OK (250 KB) [pmc_pow]
  [1770/5960] PMC3047615 PMID:20861672 doi:10.4161/cc.9.17.12721... OK (4012 KB) [pmc_pow]
  [1771/5960] PMC3047616 PMID:20818174 doi:10.4161/cc.9.17.12731... OK (3828 KB) [pmc_pow]
  [1772/5960] PMC3047618 PMID:20864819 doi:10.4161/cc.9.17.12908... OK (18279 KB) [pmc_pow]
  [1773/5960] PMC3047745 PMID:14705031 doi:10.1002/prot.10524... OK (593 KB) [pmc_pow]
  [1774/5960] PMC3047816 PMID:21150275 doi:10.4161/cc.9.24.14230... OK (666 KB) [pmc_pow]
  [1775/5960] PMC3048093 PMID:21321221 doi:10.1073/pnas.1014480108... OK (1204 KB) [pmc_pow]
  [1776/5960] PMC3048117 PMID:21321208 doi:10.1073/pnas.1100126108... OK (1099 KB) [pmc_pow]
  [1777/5960] PMC30487 PMID:10233168 doi:10.1091/mbc.10.5.1637... OK (4617 KB) [pmc_pow]
  [1778/5960] PMC3048708 PMID:21196599 doi:10.1074/jbc.M110.165852... FAIL [all_failed]
  [1779/5960] PMC3049287 PMID:21317241 doi:10.1101/gad.2016311... OK (1773 KB) [pmc_pow]
  [1780/5960] PMC3049386 PMID:21393861 doi:10.1172/JCI43871... OK (4367 KB) [pmc_pow]
  [1781/5960] PMC3049809 PMID:18276892 doi:10.1126/science.1147786... OK (2776 KB) [pmc_pow]
  [1782/5960] PMC305022 PMID:3295876 doi:10.1073/pnas.84.12.4063... OK (1223 KB) [pmc_pow]
  [1783/5960] PMC305025 PMID:3035567 doi:10.1073/pnas.84.12.4078... OK (1478 KB) [pmc_pow]
  [1784/5960] PMC3051850 PMID:21519406 doi:10.4161/derm.3.1.14842... OK (453 KB) [pmc_pow]
  [1785/5960] PMC3053975 PMID:21368114 doi:10.1073/pnas.1019581108... FAIL [all_failed]
  [1786/5960] PMC3056148 PMID:20702714 doi:10.1523/JNEUROSCI.1630-10.2010... OK (6590 KB) [pmc_pow]
  [1787/5960] PMC3057663 PMID:15761473 doi:10.1038/sj.cdd.4401576... OK (1190 KB) [pmc_pow]
  [1788/5960] PMC3057791 PMID:21163946 doi:10.1074/jbc.M110.176842... OK (4337 KB) [pmc_pow]
  [1789/5960] PMC305809 PMID:11060020 doi:10.1093/emboj/19.21.5692... OK (776 KB) [pmc_pow]
  [1790/5960] PMC305865 PMID:11101512 doi:10.1093/emboj/19.23.6392... OK (249 KB) [pmc_pow]
  [1791/5960] PMC3058968 PMID:21252222 doi:10.1074/jbc.M110.190017... OK (2071 KB) [pmc_pow]
  [1792/5960] PMC3059047 PMID:21148306 doi:10.1074/jbc.M110.203638... OK (2404 KB) [pmc_pow]
  [1793/5960] PMC3059058 PMID:21209090 doi:10.1074/jbc.M110.173328... OK (2535 KB) [pmc_pow]
  [1794/5960] PMC3059922 PMID:21274005 doi:10.1038/embor.2010.214... OK (1806 KB) [pmc_pow]
  [1795/5960] PMC3060373 PMID:21224234 doi:10.1113/jphysiol.2010.201343... OK (274 KB) [pmc_pow]
  [1796/5960] PMC3060412 PMID:21150267 doi:10.4161/auto.7.3.14281... OK (1731 KB) [pmc_pow]
  [1797/5960] PMC3060527 PMID:21252226 doi:10.1074/jbc.M110.216028... OK (1505 KB) [pmc_pow]
  [1798/5960] PMC3061495 PMID:20505194 doi:10.1167/iovs.10-5429... OK (1557 KB) [pmc_pow]
  [1799/5960] PMC3062186 PMID:21343387 doi:10.1261/rna.2581711... OK (842 KB) [pmc_pow]
  [1800/5960] PMC3062394 PMID:21468229 doi:10.4161/trns.2.2.14296... OK (14306 KB) [pmc_pow]
  [1801/5960] PMC30634 PMID:11248059 doi:10.1073/pnas.051633398... OK (1282 KB) [pmc_pow]
  [1802/5960] PMC3063991 PMID:21296868 doi:10.1093/hmg/ddr043... OK (225 KB) [pmc_pow]
  [1803/5960] PMC3064192 PMID:21288906 doi:10.1074/jbc.M110.203174... OK (4318 KB) [pmc_pow]
  [1804/5960] PMC3064337 PMID:21368204 doi:10.1073/pnas.1009687108... OK (1167 KB) [pmc_pow]
  [1805/5960] PMC3064839 PMID:21308847 doi:10.1002/pro.595... OK (793 KB) [pmc_pow]
  [1806/5960] PMC3065730 PMID:21067465 doi:10.1089/ten.tec.2009.0510... OK (729 KB) [pmc_pow]
  [1807/5960] PMC3067405 PMID:21131439 doi:10.1128/EC.00158-10... OK (3648 KB) [pmc_pow]
  [1808/5960] PMC3067407 PMID:21183691 doi:10.1128/EC.00194-10... OK (2143 KB) [pmc_pow]
  [1809/5960] PMC3067410 PMID:21131438 doi:10.1128/EC.00277-10... OK (949 KB) [pmc_pow]
  [1810/5960] PMC3067791 PMID:21177823 doi:10.1128/JVI.01830-10... OK (2357 KB) [pmc_pow]
  [1811/5960] PMC3068193 PMID:21273420 doi:10.1523/JNEUROSCI.3268-10.2011... OK (1718 KB) [pmc_pow]
  [1812/5960] PMC3069780 PMID:21364280 doi:10.1172/JCI44855... OK (3357 KB) [pmc_pow]
  [1813/5960] PMC3070475 PMID:21109598 doi:10.1152/japplphysiol.00293.2010... FAIL [all_failed]
  [1814/5960] PMC3070934 PMID:21406549 doi:10.1101/gad.2016111... OK (1299 KB) [pmc_pow]
  [1815/5960] PMC3071907 PMID:21473984 doi:10.1016/j.ajhg.2011.03.010... OK (145 KB) [pmc_pow]
  [1816/5960] PMC3071910 PMID:21457908 doi:10.1016/j.ajhg.2011.03.002... OK (492 KB) [pmc_pow]
  [1817/5960] PMC3071914 PMID:21457906 doi:10.1016/j.ajhg.2011.03.006... OK (417 KB) [pmc_pow]
  [1818/5960] PMC3072732 PMID:21227914 doi:10.1093/infdis/jiq106... OK (89 KB) [pmc_pow]
  [1819/5960] PMC307353 PMID:7479075 doi:10.1093/nar/23.20.4122... OK (1637 KB) [pmc_pow]
  [1820/5960] PMC3074946 PMID:21285402 doi:10.1152/ajpendo.00387.2010... FAIL [all_failed]
  [1821/5960] PMC3076767 PMID:21537390 no DOI... OK (103 KB) [pmc_pow]
  [1822/5960] PMC3076817 PMID:21444824 doi:10.1073/pnas.0914274108... OK (301 KB) [pmc_pow]
  [1823/5960] PMC3077591 PMID:21367852 doi:10.1074/jbc.M110.195370... OK (1172 KB) [pmc_pow]
  [1824/5960] PMC3077619 PMID:21378165 doi:10.1074/jbc.M110.199646... OK (3470 KB) [pmc_pow]
  [1825/5960] PMC3078437 PMID:21435453 doi:10.1016/j.ajpath.2010.12.038... FAIL [all_failed]
  [1826/5960] PMC3078493 PMID:21126215 doi:10.1089/ars.2010.3772... OK (539 KB) [pmc_pow]
  [1827/5960] PMC3081016 PMID:21464311 doi:10.1073/pnas.1018514108... OK (403 KB) [pmc_pow]
  [1828/5960] PMC3081029 PMID:21467224 doi:10.1073/pnas.1016354108... FAIL [all_failed]
  [1829/5960] PMC3081440 PMID:21158568 doi:10.1089/hum.2010.079... OK (953 KB) [pmc_pow]
  [1830/5960] PMC3083130 PMID:21484097 doi:10.1007/s11302-010-9213-8... FAIL [all_failed]
  [1831/5960] PMC3083616 PMID:21224890 doi:10.1038/ejhg.2010.230... OK (351 KB) [pmc_pow]
  [1832/5960] PMC3084393 PMID:21547127 doi:10.3748/wjg.v17.i16.2086... OK (1132 KB) [pmc_pow]
  [1833/5960] PMC3085737 PMID:21372632 doi:10.3858/emm.2011.43.4.023... OK (918 KB) [pmc_pow]
  [1834/5960] PMC3087090 PMID:21528488 doi:10.1631/jzus.B1000192... OK (794 KB) [pmc_pow]
  [1835/5960] PMC308782 PMID:14681458 doi:10.1093/nar/gkh048... OK (122 KB) [pmc_pow]
  [1836/5960] PMC3088254 PMID:21357300 doi:10.1128/AAC.01335-10... OK (783 KB) [pmc_pow]
  [1837/5960] PMC3088601 PMID:21502511 doi:10.1073/pnas.1100084108... FAIL [all_failed]
  [1838/5960] PMC308871 PMID:14681457 doi:10.1093/nar/gkh137... OK (193 KB) [pmc_pow]
  [1839/5960] PMC3088978 PMID:21480890 doi:10.1111/j.1365-2567.2011.03438.x... OK (387 KB) [pmc_pow]
  [1840/5960] PMC3089799 PMID:17588828 doi:10.1016/j.mito.2007.05.002... OK (124 KB) [pmc_pow]
  [1841/5960] PMC3090233 PMID:21411718 doi:10.1194/jlr.M014217... OK (896 KB) [pmc_pow]
  [1842/5960] PMC3091095 PMID:21311031 doi:10.1104/pp.110.171595... OK (665 KB) [pmc_pow]
  [1843/5960] PMC3091189 PMID:21367862 doi:10.1074/jbc.M110.201731... OK (911 KB) [pmc_pow]
  [1844/5960] PMC3091243 PMID:21454555 doi:10.1074/jbc.M110.207738... OK (1764 KB) [pmc_pow]
  [1845/5960] PMC309129 PMID:8441651 doi:10.1093/nar/21.3.387... OK (1263 KB) [pmc_pow]
  [1846/5960] PMC3091622 PMID:21508222 doi:10.1523/JNEUROSCI.4441-10.2011... FAIL [all_failed]
  [1847/5960] PMC3092255 PMID:21779475 doi:10.1177/1947601910386110... OK (687 KB) [pmc_pow]
  [1848/5960] PMC3092339 PMID:21205870 doi:10.1152/physiolgenomics.00079.2010... FAIL [all_failed]
  [1849/5960] PMC309332 PMID:8464737 doi:10.1093/nar/21.6.1457... OK (1115 KB) [pmc_pow]
  [1850/5960] PMC3093886 PMID:21454570 doi:10.1074/jbc.M110.214460... OK (1908 KB) [pmc_pow]
  [1851/5960] PMC309584 PMID:8332455 doi:10.1093/nar/21.11.2579... OK (1721 KB) [pmc_pow]
  [1852/5960] PMC3095929 PMID:20889801 doi:10.1165/rcmb.2010-0246RC... OK (829 KB) [pmc_pow]
  [1853/5960] PMC3096496 PMID:20649466 doi:10.1089/ars.2010.3466... OK (666 KB) [pmc_pow_generic]
  [1854/5960] PMC3097938 PMID:21607135 doi:10.4252/wjsc.v3.i4.34... OK (1012 KB) [pmc_pow]
  [1855/5960] PMC3098031 PMID:20679253 doi:10.1093/neuonc/noq079... OK (781 KB) [pmc_pow]
  [1856/5960] PMC3098580 PMID:20972266 doi:10.1074/mcp.M110.002089... OK (1019 KB) [pmc_pow]
  [1857/5960] PMC3099655 PMID:21454710 doi:10.1074/jbc.M111.241182... FAIL [all_failed]
  [1858/5960] PMC310033 PMID:8371995 doi:10.1093/nar/21.17.4155... OK (232 KB) [pmc_pow]
  [1859/5960] PMC310046 PMID:8414970 doi:10.1093/nar/21.18.4174... OK (1034 KB) [pmc_pow]
  [1860/5960] PMC310070 PMID:8414990 doi:10.1093/nar/21.18.4344... OK (657 KB) [pmc_pow]
  [1861/5960] PMC3101437 PMID:21444706 doi:10.1128/AAC.00109-11... FAIL [all_failed]
  [1862/5960] PMC3101619 PMID:21250978 doi:10.1111/j.1476-5381.2011.01233.x... OK (2384 KB) [pmc_pow]
  [1863/5960] PMC310185 PMID:14693527 doi:10.1128/AAC.48.1.110-115.2004... OK (149 KB) [pmc_pow]
  [1864/5960] PMC3102401 PMID:21555592 doi:10.1073/pnas.1100769108... OK (1091 KB) [pmc_pow]
  [1865/5960] PMC3104035 PMID:21610096 doi:10.1242/jcs.084988... FAIL [all_failed]
  [1866/5960] PMC3104569 PMID:21655430 doi:10.4161/cib.4.2.14320... OK (912 KB) [pmc_pow]
  [1867/5960] PMC310667 PMID:9267808 doi:10.1101/gr.7.8.843... FAIL [all_failed]
  [1868/5960] PMC3107025 PMID:21350246 doi:10.1093/gerona/glr004... OK (391 KB) [pmc_pow]
  [1869/5960] PMC3108827 PMID:21421798 doi:10.1074/mcp.M110.000042... OK (3384 KB) [pmc_pow]
  [1870/5960] PMC3109040 PMID:21273542 doi:10.1167/iovs.10-6163... OK (317 KB) [pmc_pow]
  [1871/5960] PMC3109459 PMID:21686100 doi:10.4161/cl.1.1.13638... OK (2210 KB) [pmc_pow]
  [1872/5960] PMC3109639 PMID:15003494 doi:10.1016/j.ijpara.2003.11.020... OK (702 KB) [pmc_pow]
  [1873/5960] PMC3110039 PMID:21386874 doi:10.1038/ejhg.2010.238... OK (457 KB) [pmc_pow]
  [1874/5960] PMC3110098 PMID:20812780 doi:10.1089/ars.2010.3481... OK (453 KB) [pmc_pow]
  [1875/5960] PMC311011 PMID:11156618 doi:10.1101/gr.153001... OK (2257 KB) [pmc_pow]
  [1876/5960] PMC311073 PMID:11483580 doi:10.1101/gr.175501... OK (141 KB) [pmc_pow]
  [1877/5960] PMC3110892 PMID:21467158 doi:10.1152/physiolgenomics.00037.2011... FAIL [all_failed]
  [1878/5960] PMC311116 PMID:11435401 doi:10.1101/gr.180201... OK (370 KB) [pmc_pow]
  [1879/5960] PMC3111326 PMID:21606348 doi:10.1073/pnas.1106291108... OK (947 KB) [pmc_pow]
  [1880/5960] PMC3113344 PMID:21665002 doi:10.1016/j.ajhg.2011.05.010... OK (643 KB) [pmc_pow]
  [1881/5960] PMC3115590 PMID:18467430 doi:10.1093/hmg/ddn143... OK (545 KB) [pmc_pow]
  [1882/5960] PMC3115682 PMID:21258070 doi:10.1093/jb/mvr008... FAIL [all_failed]
  [1883/5960] PMC3116618 PMID:21686279 doi:10.4161/sgtp.2.1.14937... OK (647 KB) [pmc_pow]
  [1884/5960] PMC3117136 PMID:21512313 doi:10.4161/cc.10.8.15330... OK (7232 KB) [pmc_pow]
  [1885/5960] PMC31175 PMID:11259653 doi:10.1073/pnas.061038798... FAIL [all_failed]
  [1886/5960] PMC3117655 PMID:21629271 doi:10.1038/emboj.2011.149... OK (178 KB) [pmc_pow]
  [1887/5960] PMC312090 PMID:1549466 doi:10.1093/nar/20.5.1053... OK (1477 KB) [pmc_pow]
  [1888/5960] PMC3121467 PMID:21515672 doi:10.1074/jbc.M110.201657... OK (2489 KB) [pmc_pow]
  [1889/5960] PMC3121469 PMID:21502324 doi:10.1074/jbc.M111.235044... OK (939 KB) [pmc_pow]
  [1890/5960] PMC3121529 PMID:21498512 doi:10.1074/jbc.M111.232546... OK (1014 KB) [pmc_pow]
  [1891/5960] PMC3121847 PMID:21636783 doi:10.1073/pnas.1019441108... OK (941 KB) [pmc_pow]
  [1892/5960] PMC3121977 PMID:21512320 doi:10.4161/psb.6.2.14425... OK (436 KB) [pmc_pow]
  [1893/5960] PMC3122230 PMID:21471219 doi:10.1074/jbc.M110.160697... FAIL [all_failed]
  [1894/5960] PMC3122232 PMID:21504897 doi:10.1074/jbc.M110.213298... OK (3317 KB) [pmc_pow]
  [1895/5960] PMC3122247 PMID:21536683 doi:10.1074/jbc.M110.201699... OK (1830 KB) [pmc_pow]
  [1896/5960] PMC3123095 PMID:21536684 doi:10.1074/jbc.M111.237586... OK (2065 KB) [pmc_pow]
  [1897/5960] PMC3124067 PMID:21561597 doi:10.1016/j.ajpath.2011.02.002... OK (1925 KB) [pmc_pow]
  [1898/5960] PMC3125551 PMID:21329461 doi:10.1089/omi.2010.0088... OK (949 KB) [pmc_pow]
  [1899/5960] PMC3126314 PMID:21450822 doi:10.1128/JVI.02393-10... OK (1945 KB) [pmc_pow]
  [1900/5960] PMC3127430 PMID:21685364 doi:10.1101/gad.624711... OK (1867 KB) [pmc_pow]
  [1901/5960] PMC3127548 PMID:19625511 doi:10.1523/JNEUROSCI.2281-09.2009... OK (2042 KB) [pmc_pow]
  [1902/5960] PMC3127659 PMID:21398508 doi:10.1128/EC.00303-10... FAIL [all_failed]
  [1903/5960] PMC3127672 PMID:21531873 doi:10.1128/EC.05008-11... OK (2050 KB) [pmc_pow]
  [1904/5960] PMC312863 PMID:11048656 doi:10.1379/1466-1268(2000)005&lt;0337:aaccih&gt;2.0.co;2... OK (735 KB) [pmc_pow]
  [1905/5960] PMC3129172 PMID:21572045 doi:10.1074/jbc.M111.252056... OK (1646 KB) [pmc_pow]
  [1906/5960] PMC3129826 PMID:21368292 doi:10.1152/ajpcell.00500.2010... FAIL [all_failed]
  [1907/5960] PMC3130946 PMID:21366548 doi:10.1111/j.1476-5381.2011.01288.x... FAIL [all_failed]
  [1908/5960] PMC3131042 PMID:21586654 doi:10.1093/hmg/ddr200... OK (340 KB) [pmc_pow]
  [1909/5960] PMC3131046 PMID:21555342 doi:10.1093/hmg/ddr209... FAIL [all_failed]
  [1910/5960] PMC3131902 PMID:21052095 doi:10.1038/cdd.2010.129... OK (1262 KB) [pmc_pow]
  [1911/5960] PMC3133352 PMID:21383066 doi:10.1128/MCB.05207-11... OK (2660 KB) [pmc_pow]
  [1912/5960] PMC313499 PMID:2547716 doi:10.1128/iai.57.9.2591-2596.1989... FAIL [all_failed]
  [1913/5960] PMC313527 PMID:2668187 doi:10.1128/iai.57.9.2786-2793.1989... OK (2062 KB) [pmc_pow]
  [1914/5960] PMC3135289 PMID:21262771 doi:10.1128/MCB.00788-10... OK (2494 KB) [pmc_pow]
  [1915/5960] PMC3135809 PMID:21722859 doi:10.1016/j.ajhg.2011.05.027... OK (1767 KB) [pmc_pow]
  [1916/5960] PMC3136128 PMID:16903681 doi:10.1021/bm060336m... FAIL [all_failed]
  [1917/5960] PMC3136948 PMID:21776419 doi:10.4161/sgtp.2.3.16486... OK (5969 KB) [pmc_pow]
  [1918/5960] PMC313696 PMID:2228226 doi:10.1128/iai.58.11.3553-3557.1990... OK (925 KB) [pmc_pow]
  [1919/5960] PMC3138298 PMID:21622563 doi:10.1074/jbc.M110.212944... OK (3941 KB) [pmc_pow_generic]
  [1920/5960] PMC313834 PMID:2731981 doi:10.1128/iai.57.7.2006-2013.1989... OK (2125 KB) [pmc_pow]
  [1921/5960] PMC3139936 PMID:20659957 doi:10.1093/brain/awq155... OK (1076 KB) [pmc_pow]
  [1922/5960] PMC3141935 PMID:21715656 doi:10.1073/pnas.1101478108... OK (1660 KB) [pmc_pow]
  [1923/5960] PMC3141972 PMID:21730135 doi:10.1073/pnas.1109368108... FAIL [all_failed]
  [1924/5960] PMC3142456 PMID:21512311 doi:10.4161/cc.10.11.15673... OK (1639 KB) [pmc_pow]
  [1925/5960] PMC3142461 PMID:21558814 doi:10.4161/cc.10.11.15659... FAIL [all_failed]
  [1926/5960] PMC3142605 PMID:21766093 doi:10.1155/2011/463810... OK (621 KB) [pmc_pow]
  [1927/5960] PMC3143606 PMID:21659532 doi:10.1074/jbc.M110.215772... FAIL [all_failed]
  [1928/5960] PMC3143618 PMID:21673109 doi:10.1074/jbc.M111.265322... FAIL [all_failed]
  [1929/5960] PMC3143660 PMID:21652692 doi:10.1074/jbc.M111.232249... FAIL [all_failed]
  [1930/5960] PMC3144427 PMID:20919940 doi:10.1089/ars.2010.3645... FAIL [all_failed]
  [1931/5960] PMC3145710 PMID:21709235 doi:10.1073/pnas.1102838108... OK (722 KB) [pmc_pow]
  [1932/5960] PMC3146253 PMID:21622535 doi:10.1210/me.2010-0455... FAIL [all_failed]
  [1933/5960] PMC3146743 PMID:21486148 doi:10.1089/jpm.2010.0472... OK (273 KB) [pmc_pow]
  [1934/5960] PMC3147283 PMID:21752989 doi:10.1523/JNEUROSCI.0884-11.2011... OK (5139 KB) [pmc_pow]
  [1935/5960] PMC3147603 PMID:21646425 doi:10.1128/MCB.01433-10... OK (2115 KB) [pmc_pow]
  [1936/5960] PMC3147940 PMID:21632763 doi:10.1128/JVI.00290-11... FAIL [all_failed]
  [1937/5960] PMC3148702 PMID:21784897 doi:10.1681/ASN.2010111154... OK (486 KB) [pmc_pow]
  [1938/5960] PMC3148737 PMID:21737882 doi:10.1172/JCI46267... OK (1775 KB) [pmc_pow]
  [1939/5960] PMC3148911 PMID:21712538 doi:10.3324/haematol.2010.029363... OK (2730 KB) [openalex]
  [1940/5960] PMC3149179 PMID:21694702 doi:10.1038/mt.2011.99... OK (749 KB) [pmc_pow]
  [1941/5960] PMC3151428 PMID:20919942 doi:10.1089/ars.2010.3650... OK (413 KB) [pmc_pow]
  [1942/5960] PMC3154420 PMID:21646868 doi:10.4161/cc.10.12.16002... OK (18205 KB) [pmc_pow]
  [1943/5960] PMC3156045 PMID:21677314 doi:10.1182/blood-2010-06-293340... FAIL [all_failed]
  [1944/5960] PMC315672 PMID:14329467 doi:10.1128/jb.90.2.511-516.1965... OK (3040 KB) [pmc_pow]
  [1945/5960] PMC3157683 PMID:21597002 doi:10.1096/fj.11-183798... FAIL [all_failed]
  [1946/5960] PMC3158009 PMID:21697181 doi:10.1093/neuonc/nor068... OK (585 KB) [pmc_pow]
  [1947/5960] PMC3158019 PMID:21807667 doi:10.1093/neuonc/nor108... OK (392 KB) [pmc_pow]
  [1948/5960] PMC3158163 PMID:21825133 doi:10.1073/pnas.1110965108... OK (1338 KB) [pmc_pow]
  [1949/5960] PMC3158801 PMID:16217754 doi:10.1002/ijc.21547... FAIL [all_failed]
  [1950/5960] PMC3159084 PMID:20118223 doi:10.1165/rcmb.2009-0120OC... OK (1024 KB) [pmc_pow]
  [1951/5960] PMC3160254 PMID:21673659 doi:10.1038/emboj.2011.197... OK (2802 KB) [pmc_pow]
  [1952/5960] PMC3163237 PMID:21909460 doi:10.4331/wjbc.v2.i8.184... OK (819 KB) [pmc_pow]
  [1953/5960] PMC3164363 PMID:15053874 doi:10.1016/s1097-2765(04)00124-8... OK (1951 KB) [pmc_pow]
  [1954/5960] PMC3164442 PMID:21673326 doi:10.1093/toxsci/kfr157... FAIL [all_failed]
  [1955/5960] PMC3165121 PMID:21325634 doi:10.1093/carcin/bgr032... OK (690 KB) [pmc_pow]
  [1956/5960] PMC3165718 PMID:21746876 doi:10.1128/MCB.05393-11... FAIL [all_failed]
  [1957/5960] PMC3165779 PMID:21715506 doi:10.1128/JVI.00496-11... OK (2053 KB) [pmc_pow]
  [1958/5960] PMC3165936 PMID:21852536 doi:10.1101/gad.16771811... OK (2470 KB) [pmc_pow]
  [1959/5960] PMC3166200 PMID:21453200 doi:10.1089/ars.2010.3877... OK (821 KB) [pmc_pow]
  [1960/5960] PMC3168292 PMID:21750112 doi:10.1093/hmg/ddr305... FAIL [all_failed]
  [1961/5960] PMC3169127 PMID:21852574 doi:10.1073/pnas.1101507108... OK (1091 KB) [pmc_pow]
  [1962/5960] PMC3169687 PMID:21701840 doi:10.1007/s10815-011-9602-0... OK (374 KB) [pmc_pow]
  [1963/5960] PMC3170853 PMID:18567993 doi:10.1038/modpathol.2008.111... OK (3871 KB) [crossref]
  [1964/5960] PMC3171862 PMID:21418186 doi:10.1111/j.1476-5381.2011.01344.x... OK (911 KB) [pmc_pow]
  [1965/5960] PMC3173085 PMID:21768094 doi:10.1074/jbc.M111.272187... OK (1986 KB) [pmc_pow]
  [1966/5960] PMC3173122 PMID:21778232 doi:10.1074/jbc.M111.252460... OK (2177 KB) [pmc_pow]
  [1967/5960] PMC3173137 PMID:21757732 doi:10.1074/jbc.M111.272534... OK (1736 KB) [pmc_pow]
  [1968/5960] PMC3173144 PMID:21778226 doi:10.1074/jbc.M111.278127... OK (2646 KB) [pmc_pow]
  [1969/5960] PMC3173179 PMID:21795717 doi:10.1074/jbc.M111.260935... OK (2244 KB) [pmc_pow]
  [1970/5960] PMC3173181 PMID:21771790 doi:10.1074/jbc.M111.280446... OK (2089 KB) [pmc_pow]
  [1971/5960] PMC3174335 PMID:21838744 doi:10.1111/j.1365-2613.2011.00783.x... OK (619 KB) [pmc_pow]
  [1972/5960] PMC3174570 PMID:21653897 doi:10.1152/ajpcell.00322.2010... FAIL [all_failed]
  [1973/5960] PMC3174580 PMID:21876184 doi:10.1073/pnas.1103605108... OK (797 KB) [pmc_pow]
  [1974/5960] PMC3174652 PMID:21876188 doi:10.1073/pnas.1103623108... OK (1214 KB) [pmc_pow]
  [1975/5960] PMC3175971 PMID:21345980 doi:10.1167/iovs.10-6652... OK (1974 KB) [pmc_pow]
  [1976/5960] PMC3177020 PMID:21637291 doi:10.1038/cdd.2011.74... OK (670 KB) [pmc_pow]
  [1977/5960] PMC3179038 PMID:21903925 doi:10.1073/pnas.1105175108... OK (1164 KB) [pmc_pow]
  [1978/5960] PMC3179067 PMID:21876176 doi:10.1073/pnas.1105107108... OK (1465 KB) [pmc_pow]
  [1979/5960] PMC3179382 PMID:21852248 doi:10.1093/hmg/ddr373... OK (191 KB) [pmc_pow]
  [1980/5960] PMC317969 PMID:2740237 doi:10.1093/nar/17.11.4396... OK (148 KB) [pmc_pow]
  [1981/5960] PMC3180031 PMID:21968418 no DOI... FAIL [all_failed]
  [1982/5960] PMC3180189 PMID:21778829 doi:10.4161/cc.10.15.16585... OK (6539 KB) [pmc_pow]
  [1983/5960] PMC3180190 PMID:21768775 doi:10.4161/cc.10.15.16584... OK (2906 KB) [pmc_pow]
  [1984/5960] PMC3181340 PMID:21854751 doi:10.1016/j.ajpath.2011.07.004... OK (3824 KB) [pmc_pow]
  [1985/5960] PMC318262 PMID:2475854 doi:10.1093/nar/17.15.6077... OK (1247 KB) [pmc_pow]
  [1986/5960] PMC3182683 PMID:21930938 doi:10.1073/pnas.1113884108... OK (1107 KB) [pmc_pow]
  [1987/5960] PMC318375 PMID:2550900 doi:10.1093/nar/17.16.6734... OK (77 KB) [pmc_pow]
  [1988/5960] PMC3183843 PMID:20407470 doi:10.1038/hdy.2010.47... OK (418 KB) [pmc_pow]
  [1989/5960] PMC3186194 PMID:21697546 doi:10.1074/mcp.M110.006650... OK (1844 KB) [pmc_pow]
  [1990/5960] PMC3186302 PMID:21712541 doi:10.3324/haematol.2011.042952... OK (686 KB) [pmc_pow]
  [1991/5960] PMC3186354 PMID:21816823 doi:10.1074/jbc.M111.241547... OK (2273 KB) [pmc_pow]
  [1992/5960] PMC3186377 PMID:21873426 doi:10.1074/jbc.R111.290585... OK (585 KB) [pmc_pow]
  [1993/5960] PMC3186397 PMID:21768101 doi:10.1074/jbc.M111.252395... OK (5914 KB) [pmc_pow]
  [1994/5960] PMC3186714 PMID:21691049 doi:10.1159/000327718... OK (571 KB) [pmc_pow]
  [1995/5960] PMC3186722 PMID:21757867 doi:10.1159/000327910... OK (178 KB) [pmc_pow]
  [1996/5960] PMC3186728 PMID:21912768 doi:10.1155/2011/741073... OK (812 KB) [pmc_pow]
  [1997/5960] PMC3187898 PMID:21980570 doi:10.4161/cib.4.3.14855... OK (298 KB) [pmc_pow]
  [1998/5960] PMC3188620 PMID:20615012 doi:10.1117/1.3431714... OK (888 KB) [pmc_pow]
  [1999/5960] PMC318915 PMID:6087277 doi:10.1093/nar/12.13.5225... OK (969 KB) [pmc_pow]
  [2000/5960] PMC3189519 PMID:21633985 doi:10.1002/pro.666... OK (2467 KB) [pmc_pow]
  [2001/5960] PMC3190681 PMID:21697097 doi:10.1074/jbc.M111.236679... OK (2264 KB) [pmc_pow]
  [2002/5960] PMC3190761 PMID:21816817 doi:10.1074/jbc.M111.246223... OK (2357 KB) [pmc_pow]
  [2003/5960] PMC3190830 PMID:21846720 doi:10.1074/jbc.M111.291591... OK (1238 KB) [pmc_pow]
  [2004/5960] PMC3190900 PMID:21808063 doi:10.1074/jbc.M111.277707... OK (3065 KB) [pmc_pow]
  [2005/5960] PMC3191034 PMID:21719703 doi:10.1074/jbc.M111.236083... OK (2008 KB) [pmc_pow]
  [2006/5960] PMC3191039 PMID:21730068 doi:10.1074/jbc.M111.249011... OK (3448 KB) [pmc_pow]
  [2007/5960] PMC3191116 PMID:21701498 doi:10.1038/cdd.2011.90... OK (747 KB) [pmc_pow]
  [2008/5960] PMC3193527 PMID:21868393 doi:10.1093/gerona/glr145... OK (675 KB) [pmc_pow]
  [2009/5960] PMC319355 PMID:6941300 doi:10.1073/pnas.78.4.2407... OK (2075 KB) [pmc_pow]
  [2010/5960] PMC319360 PMID:6264476 doi:10.1073/pnas.78.4.2432... OK (1117 KB) [pmc_pow]
  [2011/5960] PMC3193926 PMID:21910728 doi:10.1111/j.1365-2249.2011.04453.x... OK (1071 KB) [pmc_pow]
  [2012/5960] PMC319487 PMID:6265930 doi:10.1073/pnas.78.5.3000... OK (2438 KB) [pmc_pow]
  [2013/5960] PMC319513 PMID:7019920 doi:10.1073/pnas.78.5.3128... OK (1401 KB) [pmc_pow]
  [2014/5960] PMC3196079 PMID:21890626 doi:10.1074/jbc.M111.260042... OK (2339 KB) [pmc_pow]
  [2015/5960] PMC3196442 PMID:21795342 doi:10.1128/JVI.00413-11... OK (2183 KB) [pmc_pow]
  [2016/5960] PMC319658 PMID:6943583 doi:10.1073/pnas.78.6.3789... OK (965 KB) [pmc_pow]
  [2017/5960] PMC3197357 PMID:21784985 doi:10.1152/ajpheart.00406.2011... FAIL [all_failed]
  [2018/5960] PMC3197395 PMID:21403632 doi:10.3791/2431... OK (460 KB) [pmc_pow]
  [2019/5960] PMC3198019 PMID:22025878 doi:10.3748/wjg.v17.i34.3899... OK (1595 KB) [pmc_pow]
  [2020/5960] PMC3198592 PMID:21914842 doi:10.1261/rna.2878711... OK (657 KB) [pmc_pow]
  [2021/5960] PMC3199161 PMID:21757445 doi:10.1093/neuonc/nor067... OK (546 KB) [pmc_pow]
  [2022/5960] PMC3199482 PMID:21878650 doi:10.1074/jbc.M111.235531... OK (2464 KB) [pmc_pow]
  [2023/5960] PMC3201175 PMID:21527585 doi:10.1369/0022155411400606... OK (668 KB) [pmc_pow]
  [2024/5960] PMC3201187 PMID:11550526 doi:10.1007/s101620010061... OK (934 KB) [pmc_pow]
  [2025/5960] PMC3201634 PMID:21827296 doi:10.1089/ars.2011.4170... OK (1009 KB) [pmc_pow]
  [2026/5960] PMC3202125 PMID:22031844 doi:10.4331/wjbc.v2.i10.215... OK (883 KB) [pmc_pow]
  [2027/5960] PMC3204148 PMID:22046482 doi:10.4161/cib.4.5.17110... OK (153 KB) [pmc_pow]
  [2028/5960] PMC3204355 PMID:18281515 doi:10.1158/1535-7163.MCT-07-2166... OK (3967 KB) [pmc_pow]
  [2029/5960] PMC3204372 PMID:21849266 doi:10.1016/j.molonc.2011.07.005... OK (2042 KB) [pmc_pow]
  [2030/5960] PMC3205832 PMID:21825035 doi:10.1096/fj.11-186650... FAIL [all_failed]
  [2031/5960] PMC3205871 PMID:21742798 doi:10.1074/mcp.M111.009936... OK (2644 KB) [pmc_pow]
  [2032/5960] PMC3206591 PMID:17284576 doi:10.1152/ajpendo.00550.2006... OK (809 KB) [pmc_pow]
  [2033/5960] PMC320729 PMID:6285306 doi:10.1093/nar/10.11.3531... OK (599 KB) [pmc_pow]
  [2034/5960] PMC3207660 PMID:22011578 doi:10.1073/pnas.1106198108... OK (1610 KB) [pmc_pow]
  [2035/5960] PMC3207677 PMID:22025706 doi:10.1073/pnas.1114863108... OK (656 KB) [pmc_pow]
  [2036/5960] PMC3207702 PMID:22003127 doi:10.1073/pnas.1108852108... OK (897 KB) [pmc_pow]
  [2037/5960] PMC3208113 PMID:21917933 doi:10.1167/iovs.11-8218... OK (807 KB) [pmc_pow]
  [2038/5960] PMC3208177 PMID:21917936 doi:10.1167/iovs.11-8152... OK (2427 KB) [pmc_pow]
  [2039/5960] PMC3208612 PMID:21441382 doi:10.1165/rcmb.2010-0352OC... OK (1051 KB) [pmc_pow]
  [2040/5960] PMC3209048 PMID:21926328 doi:10.1128/EC.05184-11... OK (1499 KB) [pmc_pow]
  [2041/5960] PMC3209050 PMID:21908598 doi:10.1128/EC.05170-11... OK (1559 KB) [pmc_pow]
  [2042/5960] PMC3209112 PMID:21940479 doi:10.1128/JCM.05316-11... OK (301 KB) [pmc_pow]
  [2043/5960] PMC3210309 PMID:21606679 doi:10.4161/auto.7.10.16507... OK (292 KB) [pmc_pow]
  [2044/5960] PMC321128 PMID:6290989 doi:10.1093/nar/10.15.4783... OK (1082 KB) [pmc_pow]
  [2045/5960] PMC3211972 PMID:22101826 doi:10.1107/S0907444911040248... OK (1685 KB) [pmc_pow]
  [2046/5960] PMC3213398 PMID:22077971 doi:10.1016/j.ajhg.2011.10.005... OK (1148 KB) [pmc_pow]
  [2047/5960] PMC3213951 PMID:21917907 doi:10.1152/ajpregu.00397.2011... FAIL [all_failed]
  [2048/5960] PMC3213959 PMID:21856925 doi:10.1152/ajpheart.00089.2011... FAIL [all_failed]
  [2049/5960] PMC3214002 PMID:21862724 doi:10.1152/ajpendo.00363.2011... FAIL [all_failed]
  [2050/5960] PMC3214842 PMID:20664263 doi:10.1159/000319072... OK (148 KB) [pmc_pow]
  [2051/5960] PMC3214941 PMID:21124007 doi:10.1159/000321681... OK (157 KB) [pmc_pow]
  [2052/5960] PMC3214999 PMID:22025691 doi:10.1073/pnas.1106454108... FAIL [all_failed]
  [2053/5960] PMC3215063 PMID:22042855 doi:10.1073/pnas.1113061108... OK (100 KB) [pmc_pow]
  [2054/5960] PMC321521 PMID:14742205 doi:10.1128/AAC.48.2.525-532.2004... OK (152 KB) [pmc_pow]
  [2055/5960] PMC321620 PMID:14742558 doi:10.1128/IAI.72.2.1107-1115.2004... OK (1724 KB) [pmc_pow]
  [2056/5960] PMC3217247 PMID:21712795 doi:10.3791/2724... OK (115 KB) [pmc_pow]
  [2057/5960] PMC3217631 PMID:21897351 doi:10.3791/2948... OK (304 KB) [pmc_pow]
  [2058/5960] PMC3218152 PMID:22110264 doi:10.3748/wjg.v17.i39.4389... OK (1176 KB) [pmc_pow]
  [2059/5960] PMC3218591 PMID:21738007 doi:10.4161/cbt.12.6.15976... OK (4016 KB) [pmc_pow]
  [2060/5960] PMC3218672 PMID:21742779 doi:10.1093/toxsci/kfr179... OK (1886 KB) [pmc_pow]
  [2061/5960] PMC3219109 PMID:21969596 doi:10.1073/pnas.1109065108... OK (1305 KB) [pmc_pow]
  [2062/5960] PMC3219229 PMID:22056670 doi:10.1101/gad.173922.111... OK (1156 KB) [pmc_pow]
  [2063/5960] PMC321927 PMID:2994021 doi:10.1093/nar/13.16.5977... OK (1782 KB) [pmc_pow]
  [2064/5960] PMC3220324 PMID:21868632 doi:10.1152/ajpgi.00308.2011... FAIL [all_failed]
  [2065/5960] PMC3220388 PMID:21717087 doi:10.1007/s12192-011-0275-5... OK (537 KB) [pmc_pow]
  [2066/5960] PMC3220404 PMID:21086186 doi:10.1007/s11357-010-9194-0... OK (530 KB) [pmc_pow]
  [2067/5960] PMC3220453 PMID:21984830 doi:10.1074/jbc.M111.232801... OK (1737 KB) [pmc_pow]
  [2068/5960] PMC3220507 PMID:21953457 doi:10.1074/jbc.M111.289983... OK (3045 KB) [pmc_pow]
  [2069/5960] PMC3220568 PMID:21930696 doi:10.1074/jbc.M111.274415... OK (3477 KB) [pmc_pow]
  [2070/5960] PMC3220609 PMID:21948980 doi:10.1093/carcin/bgr215... OK (824 KB) [pmc_pow]
  [2071/5960] PMC322112 PMID:4070000 doi:10.1093/nar/13.22.8093... OK (2122 KB) [pmc_pow]
  [2072/5960] PMC3221255 PMID:21646786 doi:10.1159/000328124... OK (280 KB) [pmc_pow]
  [2073/5960] PMC3221265 PMID:21325820 doi:10.1159/000325203... OK (1057 KB) [pmc_pow]
  [2074/5960] PMC3222122 PMID:22028365 doi:10.1261/rna.029405.111... OK (1430 KB) [pmc_pow]
  [2075/5960] PMC322450 PMID:5409800 doi:10.1172/JCI106210... OK (1608 KB) [pmc_pow]
  [2076/5960] PMC3224768 PMID:17681777 doi:10.1016/j.copbio.2007.07.004... OK (414 KB) [pmc_pow]
  [2077/5960] PMC3225227 PMID:12762840 doi:10.1290/1543-706x(2002)38<582:ncimat>2.0.co;2... OK (2629 KB) [pmc_pow]
  [2078/5960] PMC3226362 PMID:21917559 doi:10.1124/jpet.111.185678... OK (1000 KB) [pmc_pow]
  [2079/5960] PMC3226399 PMID:21828285 doi:10.1074/mcp.M111.008094... OK (3279 KB) [pmc_pow]
  [2080/5960] PMC32269 PMID:11294889 doi:10.1091/mbc.12.4.821... OK (2196 KB) [pmc_pow]
  [2081/5960] PMC3227851 PMID:21811887 doi:10.1007/s12192-011-0285-3... OK (302 KB) [pmc_pow]
  [2082/5960] PMC3227853 PMID:21769504 doi:10.1007/s12192-011-0282-6... OK (388 KB) [pmc_pow]
  [2083/5960] PMC3230294 PMID:20814245 doi:10.4161/cbt.10.9.13252... OK (1225 KB) [pmc_pow]
  [2084/5960] PMC323043 PMID:3456579 doi:10.1073/pnas.83.5.1203... OK (1337 KB) [pmc_pow]
  [2085/5960] PMC3230472 PMID:21709443 doi:10.4161/cbt.12.5.15950... OK (7302 KB) [pmc_pow]
  [2086/5960] PMC323123 PMID:3456601 doi:10.1073/pnas.83.6.1563... OK (1518 KB) [pmc_pow]
  [2087/5960] PMC323147 PMID:3006064 doi:10.1073/pnas.83.6.1680... OK (1030 KB) [pmc_pow]
  [2088/5960] PMC323227 PMID:3457373 doi:10.1073/pnas.83.7.2047... OK (1149 KB) [pmc_pow]
  [2089/5960] PMC3233034 PMID:21969607 doi:10.1128/MCB.06120-11... OK (2640 KB) [pmc_pow]
  [2090/5960] PMC3233808 PMID:21963839 doi:10.1152/ajpheart.00503.2011... FAIL [all_failed]
  [2091/5960] PMC323418 PMID:3458251 doi:10.1073/pnas.83.9.2919... OK (1387 KB) [pmc_pow]
  [2092/5960] PMC3234662 PMID:21902452 doi:10.1089/ars.2010.3766... OK (1403 KB) [pmc_pow]
  [2093/5960] PMC3234714 PMID:21903589 doi:10.1074/jbc.M111.290692... OK (1415 KB) [pmc_pow]
  [2094/5960] PMC3234739 PMID:21930701 doi:10.1074/jbc.M111.259853... OK (2334 KB) [pmc_pow]
  [2095/5960] PMC3234786 PMID:21937453 doi:10.1074/jbc.M111.253591... OK (2713 KB) [pmc_pow]
  [2096/5960] PMC3234873 PMID:21930697 doi:10.1074/jbc.M111.227553... OK (3614 KB) [pmc_pow]
  [2097/5960] PMC3235631 PMID:22171129 doi:10.3748/wjg.v17.i44.4883... OK (1012 KB) [pmc_pow]
  [2098/5960] PMC3237069 PMID:21911578 doi:10.1074/mcp.M110.007443... OK (4775 KB) [pmc_pow]
  [2099/5960] PMC3238138 PMID:22090490 doi:10.1523/JNEUROSCI.1639-11.2011... OK (6716 KB) [pmc_pow]
  [2100/5960] PMC3242627 PMID:21673740 doi:10.1038/hdy.2011.41... OK (916 KB) [pmc_pow]
  [2101/5960] PMC3242796 PMID:21997366 doi:10.4161/auto.7.11.17785... OK (1790 KB) [pmc_pow]
  [2102/5960] PMC324296 PMID:6906662 doi:10.1093/nar/8.22.5213... OK (1023 KB) [pmc_pow]
  [2103/5960] PMC3242981 PMID:22166995 doi:10.1038/emboj.2011.436... OK (165 KB) [pmc_pow]
  [2104/5960] PMC3243009 PMID:21615775 doi:10.1111/j.1365-2125.2011.04026.x... OK (1761 KB) [pmc_pow]
  [2105/5960] PMC3243591 PMID:21915097 doi:10.1038/emboj.2011.323... OK (1860 KB) [pmc_pow]
  [2106/5960] PMC3243621 PMID:22085932 doi:10.1038/emboj.2011.401... OK (1288 KB) [pmc_pow]
  [2107/5960] PMC324540 PMID:14755340 doi:10.1172/JCI19574... OK (1132 KB) [pmc_pow]
  [2108/5960] PMC3247976 PMID:22072713 doi:10.1074/jbc.M111.279208... OK (2495 KB) [pmc_pow]
  [2109/5960] PMC3248680 PMID:22155925 doi:10.1101/gad.179515.111... OK (760 KB) [pmc_pow]
  [2110/5960] PMC3249412 PMID:22049426 doi:10.1523/JNEUROSCI.1965-11.2011... OK (2800 KB) [pmc_pow]
  [2111/5960] PMC3249685 PMID:22128025 doi:10.1210/en.2011-1442... FAIL [all_failed]
  [2112/5960] PMC3250197 PMID:21949400 doi:10.1073/pnas.1112414108... OK (1251 KB) [pmc_pow]
  [2113/5960] PMC3252494 PMID:22064701 doi:10.1038/cr.2011.177... OK (1538 KB) [pmc_pow]
  [2114/5960] PMC3252972 PMID:21615726 doi:10.1111/j.1476-5381.2011.01505.x... OK (7907 KB) [pmc_pow]
  [2115/5960] PMC3253670 PMID:19597414 doi:10.3791/1366... OK (881 KB) [pmc_pow]
  [2116/5960] PMC3255718 PMID:22037768 doi:10.1128/MCB.06158-11... OK (2596 KB) [pmc_pow]
  [2117/5960] PMC3255912 PMID:22013052 doi:10.1128/JVI.06062-11... OK (2961 KB) [pmc_pow]
  [2118/5960] PMC3258508 PMID:17571083 doi:10.1038/sj.cdd.4402180... OK (4678 KB) [pmc_pow]
  [2119/5960] PMC3258852 PMID:18632665 doi:10.1074/jbc.M803475200... OK (570 KB) [pmc_pow]
  [2120/5960] PMC3258864 PMID:18635542 doi:10.1074/jbc.M803132200... OK (699 KB) [pmc_pow]
  [2121/5960] PMC3258903 PMID:18344566 doi:10.1074/jbc.M800847200... OK (1253 KB) [pmc_pow]
  [2122/5960] PMC3259655 PMID:18400758 doi:10.1074/jbc.M800548200... OK (313 KB) [pmc_pow]
  [2123/5960] PMC3259822 PMID:18603530 doi:10.1074/jbc.M803776200... OK (1020 KB) [pmc_pow]
  [2124/5960] PMC3259849 PMID:18596041 doi:10.1074/jbc.M803037200... OK (439 KB) [pmc_pow]
  [2125/5960] PMC3259879 PMID:18922792 doi:10.1074/jbc.M805682200... OK (841 KB) [pmc_pow]
  [2126/5960] PMC3260354 PMID:21274636 doi:10.1007/s11357-011-9209-5... OK (132 KB) [pmc_pow]
  [2127/5960] PMC3260369 PMID:21384152 doi:10.1007/s11357-011-9223-7... FAIL [all_failed]
  [2128/5960] PMC3261448 PMID:21938469 doi:10.1007/s10616-011-9389-y... OK (361 KB) [pmc_pow]
  [2129/5960] PMC3263781 PMID:22003103 doi:10.1167/iovs.11-8045... OK (841 KB) [pmc_pow]
  [2130/5960] PMC3263939 PMID:22028318 doi:10.1124/dmd.111.041533... OK (777 KB) [pmc_pow]
  [2131/5960] PMC3265863 PMID:22123817 doi:10.1074/jbc.M111.275982... OK (959 KB) [pmc_pow]
  [2132/5960] PMC3265864 PMID:22128146 doi:10.1074/jbc.M111.326272... FAIL [all_failed]
  [2133/5960] PMC3266687 PMID:18455702 doi:10.1016/j.bcp.2008.03.013... OK (1947 KB) [pmc_pow]
  [2134/5960] PMC3266784 PMID:22214851 doi:10.1172/JCI58780... OK (3798 KB) [pmc_pow]
  [2135/5960] PMC326693 PMID:7010313 doi:10.1093/nar/9.2.293... OK (1453 KB) [pmc_pow]
  [2136/5960] PMC3267116 PMID:22312046 doi:10.1098/rstb.2011.0297... OK (195 KB) [pmc_pow]
  [2137/5960] PMC3267120 PMID:22312044 doi:10.1098/rstb.2011.0306... OK (772 KB) [pmc_pow]
  [2138/5960] PMC3267125 PMID:22312048 doi:10.1098/rstb.2011.0319... OK (530 KB) [pmc_pow]
  [2139/5960] PMC326718 PMID:6262719 doi:10.1093/nar/9.4.867... OK (1229 KB) [pmc_pow]
  [2140/5960] PMC3267980 PMID:22232594 doi:10.1093/brain/awr293... OK (506 KB) [pmc_pow]
  [2141/5960] PMC3268439 PMID:22130663 doi:10.1074/jbc.M111.272179... OK (3411 KB) [pmc_pow]
  [2142/5960] PMC326869 PMID:6912441 doi:10.1093/nar/9.11.2535... OK (685 KB) [pmc_pow]
  [2143/5960] PMC3269022 PMID:22250200 doi:10.1242/jcs.085118... FAIL [all_failed]
  [2144/5960] PMC3272287 PMID:22134189 doi:10.4161/cc.10.23.18151... OK (131203 KB) [pmc_pow]
  [2145/5960] PMC3272288 PMID:22129993 doi:10.4161/cc.10.23.18254... OK (9976 KB) [pmc_pow]
  [2146/5960] PMC3272292 PMID:22101277 doi:10.4161/cc.10.23.18287... OK (8021 KB) [pmc_pow]
  [2147/5960] PMC3272585 PMID:22312452 doi:10.4331/wjbc.v3.i1.1... OK (672 KB) [pmc_pow]
  [2148/5960] PMC3272768 PMID:18504425 doi:10.1038/mp.2008.53... OK (2934 KB) [pmc_pow]
  [2149/5960] PMC327318 PMID:6253928 no DOI... OK (1133 KB) [pmc_pow]
  [2150/5960] PMC327352 PMID:7024913 doi:10.1093/nar/9.14.3287... OK (1373 KB) [pmc_pow]
  [2151/5960] PMC327379 PMID:7024918 doi:10.1093/nar/9.15.3621... OK (1436 KB) [pmc_pow]
  [2152/5960] PMC327436 PMID:6170936 doi:10.1093/nar/9.17.4303... OK (1623 KB) [pmc_pow]
  [2153/5960] PMC327529 PMID:7301592 doi:10.1093/nar/9.20.5411... OK (923 KB) [pmc_pow]
  [2154/5960] PMC327560 PMID:6273808 doi:10.1093/nar/9.21.5785... OK (916 KB) [pmc_pow]
  [2155/5960] PMC3275810 PMID:22204278 doi:10.1089/omi.2011.0039... OK (819 KB) [pmc_pow]
  [2156/5960] PMC327592 PMID:7031608 doi:10.1093/nar/9.22.6167... OK (1943 KB) [pmc_pow]
  [2157/5960] PMC3276663 PMID:22284828 doi:10.1016/j.ajhg.2011.12.010... OK (597 KB) [pmc_pow]
  [2158/5960] PMC3277306 PMID:22080835 doi:10.1093/hmg/ddr529... OK (568 KB) [pmc_pow]
  [2159/5960] PMC3278893 PMID:22302938 doi:10.1101/gad.180406.111... OK (1255 KB) [pmc_pow]
  [2160/5960] PMC3280604 PMID:21615273 doi:10.1089/scd.2011.0023... OK (1032 KB) [pmc_pow]
  [2161/5960] PMC3280915 PMID:22108021 doi:10.4161/cbt.12.11.18136... OK (1983 KB) [pmc_pow]
  [2162/5960] PMC3280951 PMID:18084238 doi:10.1038/sj.cdd.4402292... OK (2125 KB) [pmc_pow]
  [2163/5960] PMC3281221 PMID:22363135 doi:10.3748/wjg.v18.i7.646... OK (958 KB) [pmc_pow]
  [2164/5960] PMC3281226 PMID:22363140 doi:10.3748/wjg.v18.i7.679... OK (848 KB) [pmc_pow]
  [2165/5960] PMC3281230 PMID:22363144 doi:10.3748/wjg.v18.i7.704... OK (912 KB) [pmc_pow]
  [2166/5960] PMC3281727 PMID:22117079 doi:10.1074/jbc.M111.314765... OK (3355 KB) [pmc_pow]
  [2167/5960] PMC3283444 PMID:21355820 doi:10.1089/neu.2010.1694... OK (582 KB) [pmc_pow]
  [2168/5960] PMC3284115 PMID:22113996 doi:10.1093/hmg/ddr554... OK (699 KB) [pmc_pow]
  [2169/5960] PMC3287224 PMID:22307324 doi:10.1172/JCI59701... OK (3298 KB) [pmc_pow]
  [2170/5960] PMC3287228 PMID:22307325 doi:10.1172/JCI60256... OK (2599 KB) [pmc_pow]
  [2171/5960] PMC3288031 PMID:22024749 doi:10.4161/auto.7.12.17925... FAIL [all_failed]
  [2172/5960] PMC3288034 PMID:22024746 doi:10.4161/auto.7.12.17991... FAIL [all_failed]
  [2173/5960] PMC3289274 PMID:22080752 doi:10.1152/ajplung.00221.2011... FAIL [all_failed]
  [2174/5960] PMC3289506 PMID:22131268 doi:10.1096/fj.11-197582... FAIL [all_failed]
  [2175/5960] PMC329096 PMID:1840673 doi:10.1093/nar/19.22.6101... OK (1185 KB) [pmc_pow]
  [2176/5960] PMC329198 PMID:14595120 doi:10.1091/mbc.E03-04-0201... OK (899 KB) [pmc_pow]
  [2177/5960] PMC329211 PMID:14617819 doi:10.1091/mbc.E03-03-0179... OK (439 KB) [pmc_pow]
  [2178/5960] PMC3292753 PMID:21554057 doi:10.1089/ars.2011.4033... OK (563 KB) [pmc_pow]
  [2179/5960] PMC3293377 PMID:22234241 doi:10.4161/cc.11.2.19006... OK (5652 KB) [pmc_pow]
  [2180/5960] PMC3293568 PMID:22228767 doi:10.1074/jbc.M111.277103... OK (4092 KB) [pmc_pow]
  [2181/5960] PMC3294311 PMID:22193387 doi:10.1681/ASN.2011070690... OK (1768 KB) [pmc_pow]
  [2182/5960] PMC3294915 PMID:22155823 doi:10.1128/AAC.05729-11... OK (1149 KB) [pmc_pow]
  [2183/5960] PMC3295046 PMID:22396869 no DOI... OK (931 KB) [pmc_pow]
  [2184/5960] PMC329573 PMID:3123517 doi:10.1172/JCI113323... OK (1426 KB) [pmc_pow]
  [2185/5960] PMC329592 PMID:3339128 doi:10.1172/JCI113342... OK (1006 KB) [pmc_pow]
  [2186/5960] PMC329615 PMID:3339136 doi:10.1172/JCI113365... OK (1119 KB) [pmc_pow]
  [2187/5960] PMC3297794 PMID:22261045 doi:10.1016/j.bpj.2011.10.044... OK (639 KB) [pmc_pow]
  [2188/5960] PMC3297988 PMID:22252130 doi:10.1038/emboj.2011.477... OK (2421 KB) [pmc_pow]
  [2189/5960] PMC329848 PMID:1979337 doi:10.1172/JCI114946... OK (1725 KB) [pmc_pow]
  [2190/5960] PMC3298849 PMID:20817635 doi:10.1093/hmg/ddq370... OK (605 KB) [pmc_pow]
  [2191/5960] PMC3298863 PMID:18826960 doi:10.1093/hmg/ddn313... OK (470 KB) [pmc_pow]
  [2192/5960] PMC330329 PMID:1690392 doi:10.1093/nar/18.4.793... OK (2144 KB) [pmc_pow]
  [2193/5960] PMC3304530 PMID:22287136 doi:10.1093/ije/dyr232... OK (357 KB) [pmc_pow]
  [2194/5960] PMC3307973 PMID:21979464 doi:10.1038/cdd.2011.128... OK (867 KB) [pmc_pow]
  [2195/5960] PMC3308748 PMID:22262847 doi:10.1074/jbc.M111.316554... OK (9120 KB) [pmc_pow]
  [2196/5960] PMC3308766 PMID:22194617 doi:10.1074/jbc.M111.306852... OK (795 KB) [pmc_pow]
  [2197/5960] PMC3308798 PMID:22291014 doi:10.1074/jbc.M111.314963... OK (1956 KB) [pmc_pow]
  [2198/5960] PMC3309186 PMID:22405087 doi:10.1016/j.ajhg.2012.01.009... OK (344 KB) [pmc_pow]
  [2199/5960] PMC3310918 PMID:18450457 doi:10.1016/j.bmc.2008.04.029... OK (594 KB) [pmc_pow]
  [2200/5960] PMC3311300 PMID:22159083 doi:10.1152/ajpcell.00379.2011... FAIL [all_failed]
  [2201/5960] PMC3313448 PMID:18363549 doi:10.1042/BJ20080336... OK (290 KB) [pmc_pow]
  [2202/5960] PMC3315045 PMID:21797841 doi:10.1111/j.1476-5381.2011.01603.x... OK (6869 KB) [pmc_pow]
  [2203/5960] PMC3316899 PMID:22202674 doi:10.1096/fj.11-199869... FAIL [all_failed]
  [2204/5960] PMC3318305 PMID:22286093 doi:10.1128/EC.05292-11... OK (2354 KB) [pmc_pow]
  [2205/5960] PMC3318746 PMID:22262851 doi:10.1074/jbc.M111.324855... OK (2180 KB) [pmc_pow]
  [2206/5960] PMC3320136 PMID:22113498 doi:10.2119/molmed.2011.00238... OK (2080 KB) [pmc_pow]
  [2207/5960] PMC3321628 PMID:22139129 doi:10.1038/cdd.2011.172... OK (811 KB) [pmc_pow]
  [2208/5960] PMC3322232 PMID:22482806 doi:10.1016/j.ajhg.2012.03.002... OK (814 KB) [pmc_pow]
  [2209/5960] PMC3322466 PMID:17114345 doi:10.1158/1541-7786.MCR-06-0204... OK (3648 KB) [pmc_pow]
  [2210/5960] PMC3322467 PMID:21636980 doi:10.4161/cc.10.14.16495... OK (2220 KB) [pmc_pow]
  [2211/5960] PMC3323793 PMID:22333581 doi:10.4161/cc.11.5.19210... OK (6736 KB) [pmc_pow]
  [2212/5960] PMC3323963 PMID:22411789 doi:10.1073/pnas.1116792109... OK (685 KB) [pmc_pow]
  [2213/5960] PMC3324770 PMID:22162012 doi:10.1002/pro.2012... OK (758 KB) [pmc_pow]
  [2214/5960] PMC3325036 PMID:22294732 doi:10.1182/blood-2011-09-378158... FAIL [all_failed]
  [2215/5960] PMC332513 PMID:1700855 doi:10.1093/nar/18.21.6377... OK (1709 KB) [pmc_pow]
  [2216/5960] PMC3325524 PMID:22529687 doi:10.3748/wjg.v18.i14.1590... OK (1607 KB) [pmc_pow]
  [2217/5960] PMC3326256 PMID:22418739 doi:10.1093/brain/aws036... OK (665 KB) [pmc_pow]
  [2218/5960] PMC332752 PMID:2263455 doi:10.1093/nar/18.23.6927... OK (2040 KB) [pmc_pow]
  [2219/5960] PMC3328914 PMID:21956163 doi:10.1152/ajpcell.00283.2011... FAIL [all_failed]
  [2220/5960] PMC3329137 PMID:22589663 no DOI... OK (2952 KB) [pmc_pow]
  [2221/5960] PMC3329378 PMID:22345709 doi:10.1194/jlr.D022608... OK (720 KB) [pmc_pow]
  [2222/5960] PMC3329383 PMID:22383684 doi:10.1194/jlr.M019182... OK (1178 KB) [pmc_pow]
  [2223/5960] PMC33297 PMID:11344312 doi:10.1073/pnas.101619098... OK (275 KB) [pmc_pow]
  [2224/5960] PMC332986 PMID:4640947 doi:10.1172/JCI107131... OK (1255 KB) [pmc_pow]
  [2225/5960] PMC3329948 PMID:21942330 doi:10.1089/ars.2011.4277... OK (415 KB) [pmc_pow]
  [2226/5960] PMC3329951 PMID:22220943 doi:10.1089/ars.2011.4265... OK (1994 KB) [pmc_pow]
  [2227/5960] PMC3329953 PMID:22229339 doi:10.1089/ars.2011.4179... OK (1545 KB) [pmc_pow]
  [2228/5960] PMC3330832 PMID:22241057 doi:10.1152/japplphysiol.00766.2011... FAIL [all_failed]
  [2229/5960] PMC3331615 PMID:22411973 doi:10.1093/cvr/cvs119... OK (516 KB) [pmc_pow]
  [2230/5960] PMC3332288 PMID:22553399 doi:10.3748/wjg.v18.i15.1753... OK (1386 KB) [pmc_pow]
  [2231/5960] PMC333342 PMID:187622 doi:10.1172/JCI108613... OK (1951 KB) [pmc_pow]
  [2232/5960] PMC3334238 PMID:22003057 doi:10.1152/ajpheart.00903.2011... FAIL [all_failed]
  [2233/5960] PMC333462 PMID:2308845 doi:10.1093/nar/18.3.561... OK (1481 KB) [pmc_pow]
  [2234/5960] PMC3335917 PMID:22313602 doi:10.4161/cc.11.6.19530... OK (2686 KB) [pmc_pow]
  [2235/5960] PMC3335944 PMID:22236875 doi:10.4161/cbt.12.12.18703... OK (15034 KB) [pmc_pow]
  [2236/5960] PMC3335991 PMID:22170153 doi:10.4161/auto.8.1.18174... OK (1210 KB) [pmc_pow]
  [2237/5960] PMC333638 PMID:2011523 doi:10.1093/nar/19.3.493... OK (773 KB) [pmc_pow]
  [2238/5960] PMC3336787 PMID:22321727 doi:10.1096/fj.11-196543... FAIL [all_failed]
  [2239/5960] PMC3337023 PMID:22354625 doi:10.1007/s13311-012-0103-3... OK (1234 KB) [pmc_pow]
  [2240/5960] PMC333729 PMID:2017371 doi:10.1093/nar/19.4.905... OK (1698 KB) [pmc_pow]
  [2241/5960] PMC3339850 PMID:22234996 doi:10.1152/physiolgenomics.00152.2011... FAIL [all_failed]
  [2242/5960] PMC3339927 PMID:22375014 doi:10.1074/jbc.M111.333963... OK (2566 KB) [pmc_pow]
  [2243/5960] PMC3340051 PMID:22493245 doi:10.1073/pnas.1118710109... OK (715 KB) [pmc_pow]
  [2244/5960] PMC3340208 PMID:22389495 doi:10.1074/jbc.M111.305342... OK (1348 KB) [pmc_pow]
  [2245/5960] PMC3340279 PMID:22403404 doi:10.1074/jbc.M111.312660... OK (3278 KB) [pmc_pow]
  [2246/5960] PMC3340288 PMID:22383523 doi:10.1074/jbc.M111.309468... OK (2602 KB) [pmc_pow]
  [2247/5960] PMC3340713 PMID:22553629 doi:10.3980/j.issn.2222-3959.2011.02.06... OK (3739 KB) [pmc_pow]
  [2248/5960] PMC3340787 PMID:22553724 doi:10.3980/j.issn.2222-3959.2011.06.01... OK (4173 KB) [pmc_pow]
  [2249/5960] PMC3341011 PMID:22451910 doi:10.1073/pnas.1121528109... OK (1225 KB) [pmc_pow]
  [2250/5960] PMC3343469 PMID:22446391 doi:10.1038/emboj.2012.71... OK (2386 KB) [pmc_pow]
  [2251/5960] PMC33450 PMID:11353830 doi:10.1073/pnas.101134898... OK (505 KB) [pmc_pow]
  [2252/5960] PMC3346089 PMID:22427666 doi:10.1074/jbc.M112.339580... OK (3272 KB) [pmc_pow]
  [2253/5960] PMC3346716 PMID:21433223 doi:10.1002/stem.632... FAIL [all_failed]
  [2254/5960] PMC3350666 PMID:22298848 doi:10.1098/rspb.2011.2323... OK (402 KB) [pmc_pow]
  [2255/5960] PMC3351285 PMID:22433848 doi:10.1074/jbc.M112.349183... OK (5234 KB) [pmc_pow]
  [2256/5960] PMC3353785 PMID:22140047 doi:10.1152/ajpheart.00717.2011... FAIL [all_failed]
  [2257/5960] PMC3356643 PMID:22523243 doi:10.1073/pnas.1119577109... OK (2816 KB) [pmc_pow]
  [2258/5960] PMC3356804 PMID:22067472 doi:10.4161/cc.10.22.18329... OK (532 KB) [pmc_pow]
  [2259/5960] PMC3356810 PMID:22234246 doi:10.1038/hdy.2011.131... OK (384 KB) [pmc_pow]
  [2260/5960] PMC3357134 PMID:22476717 doi:10.1093/infdis/jis101... OK (3538 KB) [pmc_pow]
  [2261/5960] PMC3358873 PMID:22532663 doi:10.1073/pnas.1204096109... OK (705 KB) [pmc_pow]
  [2262/5960] PMC3360152 PMID:22362898 doi:10.1096/fj.11-189571... FAIL [all_failed]
  [2263/5960] PMC3362147 PMID:22442197 doi:10.1152/ajpregu.00842.2010... FAIL [all_failed]
  [2264/5960] PMC3362498 PMID:22740885 doi:10.3892/ol.2011.458... OK (341 KB) [pmc_pow]
  [2265/5960] PMC3362891 PMID:22393246 doi:10.1124/jpet.112.191536... OK (2795 KB) [pmc_pow]
  [2266/5960] PMC3363330 PMID:22442204 doi:10.1093/hmg/dds108... OK (248 KB) [pmc_pow]
  [2267/5960] PMC3363336 PMID:22394676 doi:10.1093/hmg/dds095... OK (370 KB) [pmc_pow]
  [2268/5960] PMC3363339 PMID:22437840 doi:10.1093/hmg/dds090... OK (615 KB) [pmc_pow]
  [2269/5960] PMC3363348 PMID:22156599 doi:10.1159/000332821... OK (569 KB) [pmc_pow]
  [2270/5960] PMC3365764 PMID:22493432 doi:10.1074/jbc.M112.362699... OK (2112 KB) [pmc_pow]
  [2271/5960] PMC3365795 PMID:21173384 doi:10.1210/er.2010-0018... FAIL [all_failed]
  [2272/5960] PMC3365799 PMID:21051590 doi:10.1210/er.2010-0013... FAIL [all_failed]
  [2273/5960] PMC3365846 PMID:20156986 doi:10.1210/er.2009-0027... FAIL [all_failed]
  [2274/5960] PMC3366008 PMID:22451658 doi:10.1074/jbc.M111.266270... FAIL [all_failed]
  [2275/5960] PMC336833 PMID:3399380 doi:10.1093/nar/16.13.5841... OK (1959 KB) [pmc_pow]
  [2276/5960] PMC3368816 PMID:22419065 doi:10.4161/epi.19547... OK (3473 KB) [pmc_pow]
  [2277/5960] PMC3369789 PMID:22860182 doi:10.1021/cn200109w... OK (1760 KB) [pmc_pow]
  [2278/5960] PMC3370278 PMID:22608499 doi:10.1016/j.ajhg.2012.04.011... OK (766 KB) [pmc_pow]
  [2279/5960] PMC3370514 PMID:22504823 doi:10.1128/AEM.00324-12... OK (541 KB) [pmc_pow]
  [2280/5960] PMC3370667 PMID:18379348 doi:10.1097/JTO.0b013e31816bce65... FAIL [all_failed]
  [2281/5960] PMC3372610 PMID:22833778 doi:10.1007/s12177-011-9061-y... OK (1356 KB) [pmc_pow]
  [2282/5960] PMC3372822 PMID:21627633 doi:10.1111/j.1476-5381.2011.01510.x... OK (911 KB) [pmc_pow]
  [2283/5960] PMC3373244 PMID:22492996 doi:10.1093/hmg/dds128... FAIL [all_failed]
  [2284/5960] PMC3375510 PMID:22544745 doi:10.1074/jbc.M112.357293... OK (2114 KB) [pmc_pow]
  [2285/5960] PMC3376494 PMID:22560092 doi:10.1016/j.ajhg.2012.04.003... FAIL [all_failed]
  [2286/5960] PMC3378260 PMID:22467309 doi:10.1152/ajpheart.00869.2011... FAIL [all_failed]
  [2287/5960] PMC3378848 PMID:22469844 doi:10.1016/j.ajpath.2012.01.045... FAIL [all_failed]
  [2288/5960] PMC3379153 PMID:22461439 doi:10.1152/japplphysiol.01591.2011... FAIL [all_failed]
  [2289/5960] PMC3379532 PMID:23074495 no DOI... OK (4890 KB) [pmc_pow]
  [2290/5960] PMC3380192 PMID:21984258 doi:10.1007/s12263-011-0252-8... OK (266 KB) [pmc_pow]
  [2291/5960] PMC3380297 PMID:22585829 doi:10.1210/en.2011-2088... FAIL [all_failed]
  [2292/5960] PMC3380307 PMID:22535769 doi:10.1210/en.2012-1048... FAIL [all_failed]
  [2293/5960] PMC3381030 PMID:22559690 doi:10.1117/1.JBO.17.4.046012... OK (6745 KB) [pmc_pow]
  [2294/5960] PMC3381884 PMID:21307267 doi:10.1523/JNEUROSCI.4717-10.2011... OK (854 KB) [pmc_pow]
  [2295/5960] PMC3382340 PMID:23750189 doi:10.1063/1.4726349... OK (2885 KB) [pmc_pow]
  [2296/5960] PMC3382833 PMID:22513406 doi:10.1124/mol.112.078758... OK (1510 KB) [pmc_pow]
  [2297/5960] PMC338306 PMID:3399407 doi:10.1093/nar/16.14.6427... FAIL [all_failed]
  [2298/5960] PMC3384197 PMID:22615405 doi:10.1073/pnas.1203244109... OK (1047 KB) [pmc_pow]
  [2299/5960] PMC3384583 PMID:22336717 doi:10.4161/rna.19025... OK (2257 KB) [pmc_pow]
  [2300/5960] PMC3385868 PMID:16892090 doi:10.1038/sj.onc.1209603... FAIL [all_failed]
  [2301/5960] PMC3385938 PMID:22762023 doi:10.1101/cshperspect.a009290... OK (1465 KB) [pmc_pow]
  [2302/5960] PMC3387072 PMID:22699510 doi:10.1073/pnas.1116067109... OK (719 KB) [pmc_pow]
  [2303/5960] PMC338778 PMID:3186445 doi:10.1093/nar/16.20.9775... OK (1382 KB) [pmc_pow]
  [2304/5960] PMC3389690 PMID:22783408 doi:10.3892/ol.2012.626... OK (2512 KB) [openalex]
  [2305/5960] PMC3390184 PMID:22589437 doi:10.1167/iovs.11-9235... OK (784 KB) [pmc_pow]
  [2306/5960] PMC3390476 PMID:22519587 doi:10.1111/j.1365-2249.2012.04577.x... OK (951 KB) [pmc_pow]
  [2307/5960] PMC3390479 PMID:22519590 doi:10.1111/j.1365-2249.2012.04581.x... OK (532 KB) [pmc_pow]
  [2308/5960] PMC3390616 PMID:22589535 doi:10.1074/jbc.M112.351031... FAIL [all_failed]
  [2309/5960] PMC3391156 PMID:22628546 doi:10.1074/jbc.C112.362871... OK (1301 KB) [pmc_pow]
  [2310/5960] PMC3392009 PMID:22589448 doi:10.1167/iovs.12-9465... OK (516 KB) [pmc_pow]
  [2311/5960] PMC3392617 PMID:22390282 doi:10.1089/hum.2011.177... FAIL [all_failed]
  [2312/5960] PMC3392640 PMID:22343714 doi:10.1038/cdd.2012.9... OK (601 KB) [pmc_pow]
  [2313/5960] PMC3394663 PMID:22570345 doi:10.1167/iovs.11-9130... OK (1656 KB) [pmc_pow]
  [2314/5960] PMC3394935 PMID:22375075 doi:10.1074/mcp.M111.011056... OK (1216 KB) [pmc_pow]
  [2315/5960] PMC3397113 PMID:22274625 doi:10.1007/s10616-011-9419-9... FAIL [all_failed]
  [2316/5960] PMC3397905 PMID:22619174 doi:10.1074/jbc.M111.329318... OK (2742 KB) [pmc_pow]
  [2317/5960] PMC339948 PMID:2827120 doi:10.1093/nar/15.24.10345... OK (1765 KB) [pmc_pow]
  [2318/5960] PMC3402771 PMID:22335600 doi:10.1111/j.1476-5381.2012.01899.x... OK (919 KB) [pmc_pow]
  [2319/5960] PMC3403104 PMID:22764052 doi:10.1242/dev.077511... FAIL [all_failed]
  [2320/5960] PMC3403105 PMID:22764054 doi:10.1242/dev.079632... FAIL [all_failed]
  [2321/5960] PMC3403864 PMID:22219516 doi:10.1093/gerona/glr216... OK (5053 KB) [pmc_pow]
  [2322/5960] PMC340450 PMID:2881260 doi:10.1093/nar/15.2.529... OK (1397 KB) [pmc_pow]
  [2323/5960] PMC3405838 PMID:22302008 doi:10.4161/auto.19012... OK (4172 KB) [pmc_pow]
  [2324/5960] PMC3405841 PMID:22441018 doi:10.4161/auto.19227... OK (4811 KB) [pmc_pow]
  [2325/5960] PMC3406660 PMID:22674578 doi:10.1074/jbc.M111.259119... OK (2832 KB) [pmc_pow]
  [2326/5960] PMC3406663 PMID:22700961 doi:10.1074/jbc.M112.362343... OK (2647 KB) [pmc_pow]
  [2327/5960] PMC3406664 PMID:22689577 doi:10.1074/jbc.M112.355420... OK (2285 KB) [pmc_pow]
  [2328/5960] PMC3406811 PMID:22753467 doi:10.1073/pnas.1209592109... OK (936 KB) [pmc_pow]
  [2329/5960] PMC3406830 PMID:22753483 doi:10.1073/pnas.1206868109... OK (416 KB) [pmc_pow]
  [2330/5960] PMC3408009 PMID:22866154 doi:10.3892/ol.2011.358... OK (611 KB) [pmc_pow]
  [2331/5960] PMC340920 PMID:3562250 doi:10.1093/nar/15.7.3179... OK (125 KB) [pmc_pow]
  [2332/5960] PMC341044 PMID:3839075 doi:10.1093/nar/13.3.943... OK (968 KB) [pmc_pow]
  [2333/5960] PMC341102 PMID:2987834 doi:10.1093/nar/13.5.1649... OK (757 KB) [pmc_pow]
  [2334/5960] PMC3412972 PMID:22535206 doi:10.1074/mcp.M111.015214... FAIL [all_failed]
  [2335/5960] PMC3413253 PMID:22876162 doi:10.3747/co.19.1139... OK (2671 KB) [pmc_pow]
  [2336/5960] PMC3415660 PMID:22053853 doi:10.1111/j.1476-5381.2011.01773.x... OK (1251 KB) [pmc_pow]
  [2337/5960] PMC3415902 PMID:22740643 doi:10.1098/rspb.2012.0869... OK (415 KB) [pmc_pow]
  [2338/5960] PMC3416046 PMID:22786898 doi:10.1167/iovs.12-9785... OK (224 KB) [pmc_pow]
  [2339/5960] PMC3416069 PMID:22707485 doi:10.1128/EC.00128-12... OK (2421 KB) [pmc_pow]
  [2340/5960] PMC3421225 PMID:22847445 doi:10.1073/pnas.1211289109... OK (377 KB) [pmc_pow]
  [2341/5960] PMC3421640 PMID:22623778 doi:10.1128/JVI.00215-12... OK (8340 KB) [pmc_pow]
  [2342/5960] PMC3421730 PMID:22623799 doi:10.1128/JVI.00612-12... FAIL [all_failed]
  [2343/5960] PMC3421961 PMID:22904682 doi:10.1593/neo.12640... OK (4158 KB) [pmc_pow]
  [2344/5960] PMC3422470 PMID:22388352 doi:10.1038/cdd.2012.21... OK (874 KB) [pmc_pow]
  [2345/5960] PMC3422478 PMID:22441669 doi:10.1038/cdd.2012.35... OK (947 KB) [pmc_pow]
  [2346/5960] PMC3423021 PMID:22673614 doi:10.1152/ajpcell.00414.2011... FAIL [all_failed]
  [2347/5960] PMC3423166 PMID:22661511 doi:10.1152/ajpheart.00999.2011... FAIL [all_failed]
  [2348/5960] PMC3425822 PMID:22683847 doi:10.1096/fj.12-208975... FAIL [all_failed]
  [2349/5960] PMC3427745 PMID:22745480 doi:10.1523/JNEUROSCI.1494-11.2012... OK (1881 KB) [pmc_pow]
  [2350/5960] PMC3429555 PMID:22659916 doi:10.4161/auto.20648... OK (635 KB) [pmc_pow]
  [2351/5960] PMC3429558 PMID:22647841 doi:10.4161/auto.20668... OK (485 KB) [pmc_pow]
  [2352/5960] PMC3430774 PMID:22562241 doi:10.1007/s10815-012-9785-z... OK (158 KB) [pmc_pow]
  [2353/5960] PMC3433896 PMID:22240505 doi:10.1074/mcp.M111.014688... OK (1817 KB) [pmc_pow]
  [2354/5960] PMC3433908 PMID:22203690 doi:10.1074/mcp.M111.013417... OK (774 KB) [pmc_pow]
  [2355/5960] PMC3434507 PMID:22645311 doi:10.1128/MCB.06160-11... OK (3329 KB) [pmc_pow]
  [2356/5960] PMC3435195 PMID:22869738 doi:10.1073/pnas.1207912109... OK (670 KB) [pmc_pow]
  [2357/5960] PMC3435197 PMID:22891333 doi:10.1073/pnas.1211502109... OK (255 KB) [pmc_pow]
  [2358/5960] PMC3435222 PMID:22879397 doi:10.1073/pnas.1208916109... OK (1143 KB) [pmc_pow]
  [2359/5960] PMC3436194 PMID:22773829 doi:10.1074/jbc.M112.393256... OK (2286 KB) [pmc_pow]
  [2360/5960] PMC3436217 PMID:22966340 doi:10.3892/ol_00000096... OK (433 KB) [pmc_pow]
  [2361/5960] PMC3436283 PMID:22753410 doi:10.1074/jbc.M112.365890... OK (2543 KB) [pmc_pow_generic]
  [2362/5960] PMC3436308 PMID:22745125 doi:10.1074/jbc.M111.324228... OK (5507 KB) [pmc_pow]
  [2363/5960] PMC3436311 PMID:22761435 doi:10.1074/jbc.M112.339127... OK (2492 KB) [pmc_pow]
  [2364/5960] PMC3436514 PMID:22745130 doi:10.1074/jbc.M112.385351... OK (2828 KB) [pmc_pow]
  [2365/5960] PMC343758 PMID:331255 doi:10.1093/nar/4.5.1315... OK (3282 KB) [pmc_pow]
  [2366/5960] PMC3437896 PMID:22853953 doi:10.1073/pnas.1208715109... OK (846 KB) [pmc_pow]
  [2367/5960] PMC3438615 PMID:22969881 doi:10.3892/etm.2011.390... OK (639 KB) [pmc_pow]
  [2368/5960] PMC3438698 PMID:22969868 doi:10.3892/etm.2011.401... OK (440 KB) [pmc_pow]
  [2369/5960] PMC343981 PMID:14688105 doi:10.1128/IAI.72.1.269-276.2004... OK (801 KB) [pmc_pow]
  [2370/5960] PMC3440201 PMID:22786886 doi:10.1104/pp.112.201855... OK (1994 KB) [pmc_pow]
  [2371/5960] PMC3441123 PMID:22752410 doi:10.1093/hmg/dds247... OK (668 KB) [pmc_pow]
  [2372/5960] PMC3442536 PMID:22761424 doi:10.1074/jbc.M112.371476... OK (2887 KB) [pmc_pow]
  [2373/5960] PMC3442893 PMID:22885468 doi:10.4161/auto.21152... OK (805 KB) [pmc_pow]
  [2374/5960] PMC3443132 PMID:22927428 doi:10.1073/pnas.1206641109... OK (1158 KB) [pmc_pow]
  [2375/5960] PMC3444729 PMID:22925885 doi:10.1101/gad.183061.111... OK (2545 KB) [pmc_pow]
  [2376/5960] PMC344651 PMID:6582480 doi:10.1073/pnas.81.1.258... OK (1049 KB) [pmc_pow]
  [2377/5960] PMC3447267 PMID:23002357 doi:10.3748/wjg.v18.i35.4855... OK (922 KB) [pmc_pow]
  [2378/5960] PMC3448936 PMID:22671972 doi:10.1089/ars.2012.4742... OK (70 KB) [pmc_pow]
  [2379/5960] PMC3448940 PMID:22315971 doi:10.1089/ars.2011.4312... OK (827 KB) [pmc_pow_generic]
  [2380/5960] PMC344897 PMID:6322162 doi:10.1073/pnas.81.3.674... OK (954 KB) [pmc_pow]
  [2381/5960] PMC3449267 PMID:22594945 doi:10.1111/j.1476-5381.2012.02026.x... OK (3091 KB) [pmc_pow]
  [2382/5960] PMC3449794 PMID:19002931 doi:10.1023/B:CYTO.0000009821.82741.8c... OK (184 KB) [pmc_pow]
  [2383/5960] PMC3453022 PMID:23105887 doi:10.1007/s12291-010-0014-1... FAIL [all_failed]
  [2384/5960] PMC345397 PMID:6588384 doi:10.1073/pnas.81.13.4203... OK (1306 KB) [pmc_pow]
  [2385/5960] PMC3453995 PMID:23105635 doi:10.1007/BF02912933... OK (80 KB) [pmc_pow]
  [2386/5960] PMC3454008 PMID:23105629 doi:10.1007/BF02912927... OK (101 KB) [pmc_pow]
  [2387/5960] PMC3455035 PMID:16622803 doi:10.1007/s10815-005-9016-y... OK (531 KB) [pmc_pow]
  [2388/5960] PMC3455240 PMID:23604396 doi:10.1007/s11357-999-0006-3... OK (1277 KB) [pmc_pow]
  [2389/5960] PMC3455645 PMID:23604871 doi:10.1007/s11357-001-0002-8... OK (903 KB) [pmc_pow]
  [2390/5960] PMC3455734 PMID:10079414 doi:10.1023/A:1022525108241... OK (809 KB) [pmc_pow]
  [2391/5960] PMC3455755 PMID:23604901 doi:10.1007/s11357-002-0008-x... OK (710 KB) [pmc_pow]
  [2392/5960] PMC3455789 PMID:12688588 doi:10.1023/A:1021716623305... FAIL [all_failed]
  [2393/5960] PMC345590 PMID:6087321 doi:10.1073/pnas.81.14.4368... OK (979 KB) [pmc_pow]
  [2394/5960] PMC3456092 PMID:23598601 doi:10.1007/s11357-005-4001-z... OK (320 KB) [pmc_pow]
  [2395/5960] PMC3456337 PMID:23345897 doi:10.1007/s10867-005-0174-z... OK (561 KB) [pmc_pow]
  [2396/5960] PMC3456410 PMID:23345845 doi:10.1023/A:1024465414395... OK (248 KB) [pmc_pow]
  [2397/5960] PMC3457586 PMID:22851751 doi:10.1128/IAI.00670-12... OK (2203 KB) [pmc_pow]
  [2398/5960] PMC3458362 PMID:22949673 doi:10.1073/pnas.1210688109... OK (1875 KB) [pmc_pow]
  [2399/5960] PMC3459047 PMID:22586215 doi:10.1113/jphysiol.2012.230185... OK (959 KB) [pmc_pow]
  [2400/5960] PMC34592 PMID:11359930 doi:10.1091/mbc.12.5.1393... FAIL [all_failed]
  [2401/5960] PMC3460336 PMID:23049218 doi:10.3748/wjg.v18.i36.5084... OK (814 KB) [pmc_pow]
  [2402/5960] PMC3460428 PMID:22865860 doi:10.1074/jbc.M112.393231... OK (1577 KB) [pmc_pow]
  [2403/5960] PMC3460681 PMID:22665934 doi:10.1182/blood-2012-01-404004... FAIL [all_failed]
  [2404/5960] PMC3462992 PMID:22885705 doi:10.1124/pr.111.005314... OK (1591 KB) [pmc_pow]
  [2405/5960] PMC3463304 PMID:22851170 doi:10.1074/jbc.M112.366690... OK (2822 KB) [pmc_pow]
  [2406/5960] PMC346392 PMID:6285344 doi:10.1073/pnas.79.10.3246... OK (1134 KB) [pmc_pow_generic]
  [2407/5960] PMC346461 PMID:6285352 doi:10.1073/pnas.79.11.3560... OK (1101 KB) [pmc_pow]
  [2408/5960] PMC3465694 PMID:22186024 doi:10.1093/hmg/ddr606... OK (903 KB) [pmc_pow]
  [2409/5960] PMC3466058 PMID:18028910 doi:10.1016/j.expneurol.2007.09.023... OK (1209 KB) [pmc_pow]
  [2410/5960] PMC3466527 PMID:22894905 doi:10.4161/cc.21643... OK (1966 KB) [pmc_pow]
  [2411/5960] PMC3466726 PMID:19002825 doi:10.1023/A:1008154027997... OK (195 KB) [pmc_pow]
  [2412/5960] PMC3468192 PMID:22688195 doi:10.3791/3586... FAIL [all_failed]
  [2413/5960] PMC3468229 PMID:11958506 doi:10.1023/A:1014439529813... OK (200 KB) [pmc_pow]
  [2414/5960] PMC3468425 PMID:22773697 doi:10.1152/ajplung.00343.2011... FAIL [all_failed]
  [2415/5960] PMC3468559 PMID:22700821 doi:10.1152/ajpgi.00125.2012... FAIL [all_failed]
  [2416/5960] PMC346882 PMID:6752944 doi:10.1073/pnas.79.17.5292... OK (1838 KB) [pmc_pow]
  [2417/5960] PMC3469061 PMID:22705848 doi:10.1038/cdd.2012.53... OK (785 KB) [pmc_pow]
  [2418/5960] PMC3469611 PMID:22829586 doi:10.1152/ajpendo.00202.2012... FAIL [all_failed]
  [2419/5960] PMC3469631 PMID:22923637 doi:10.1152/ajplung.00037.2012... FAIL [all_failed]
  [2420/5960] PMC3471205 PMID:23053549 doi:10.3945/ajcn.112.034629... OK (656 KB) [pmc_pow]
  [2421/5960] PMC3471393 PMID:22833456 doi:10.1093/hmg/dds299... OK (1012 KB) [pmc_pow]
  [2422/5960] PMC3471698 PMID:22927446 doi:10.1074/jbc.M112.370585... OK (3298 KB) [pmc_pow]
  [2423/5960] PMC347305 PMID:6185947 doi:10.1073/pnas.79.23.7195... OK (1526 KB) [pmc_pow]
  [2424/5960] PMC347418 PMID:6218501 doi:10.1073/pnas.79.24.7714... OK (955 KB) [pmc_pow]
  [2425/5960] PMC3474189 PMID:22559215 doi:10.1089/ars.2011.4294... OK (1034 KB) [pmc_pow]
  [2426/5960] PMC3475262 PMID:22835832 doi:10.1096/fj.12-210146... FAIL [all_failed]
  [2427/5960] PMC3476327 PMID:22948162 doi:10.1074/jbc.M112.407130... OK (1258 KB) [pmc_pow]
  [2428/5960] PMC3476419 PMID:22847388 doi:10.3791/3991... OK (315 KB) [pmc_pow]
  [2429/5960] PMC3478117 PMID:23133801 no DOI... OK (552 KB) [pmc_pow]
  [2430/5960] PMC347913 PMID:6185430 doi:10.1128/iai.39.1.122-131.1983... OK (1557 KB) [pmc_pow]
  [2431/5960] PMC3479547 PMID:22991464 doi:10.1073/pnas.1209062109... OK (1206 KB) [pmc_pow]
  [2432/5960] PMC3479559 PMID:22991469 doi:10.1073/pnas.1206480109... OK (632 KB) [pmc_pow]
  [2433/5960] PMC3479596 PMID:22991470 doi:10.1073/pnas.1210096109... OK (877 KB) [pmc_pow]
  [2434/5960] PMC3479925 PMID:22896564 doi:10.1098/rsif.2012.0396... OK (753 KB) [pmc_pow]
  [2435/5960] PMC348317 PMID:6928646 doi:10.1073/pnas.77.1.580... OK (815 KB) [pmc_pow]
  [2436/5960] PMC3484458 PMID:23041622 doi:10.1172/JCI64604... OK (6489 KB) [openalex]
  [2437/5960] PMC3484479 PMID:23022099 doi:10.1016/j.ajhg.2012.08.019... OK (721 KB) [pmc_pow]
  [2438/5960] PMC3484891 PMID:12555074 doi:10.1038/sj.onc.1206134... OK (2360 KB) [pmc_pow]
  [2439/5960] PMC3485924 PMID:22923044 doi:10.1128/EC.00230-12... OK (577 KB) [pmc_pow]
  [2440/5960] PMC3486595 PMID:22908164 doi:10.1128/AAC.00918-12... OK (4342 KB) [pmc_pow]
  [2441/5960] PMC3487136 PMID:23084291 doi:10.1016/j.ajhg.2012.09.001... OK (748 KB) [pmc_pow]
  [2442/5960] PMC3488090 PMID:22977247 doi:10.1074/jbc.M112.392225... OK (2940 KB) [pmc_pow]
  [2443/5960] PMC348856 PMID:6272318 doi:10.1073/pnas.78.9.5768... OK (1142 KB) [pmc_pow]
  [2444/5960] PMC348988 PMID:6273850 doi:10.1073/pnas.78.10.6116... OK (1480 KB) [pmc_pow]
  [2445/5960] PMC349030 PMID:6273863 doi:10.1073/pnas.78.10.6319... OK (981 KB) [pmc_pow]
  [2446/5960] PMC3490311 PMID:23070237 doi:10.3791/4228... FAIL [all_failed]
  [2447/5960] PMC349120 PMID:6947247 doi:10.1073/pnas.78.11.6714... OK (1072 KB) [pmc_pow]
  [2448/5960] PMC3491605 PMID:23139614 doi:10.3748/wjg.v18.i41.5965... OK (940 KB) [pmc_pow]
  [2449/5960] PMC3491962 PMID:22523229 doi:10.1093/toxsci/kfs142... OK (6161 KB) [pmc_pow]
  [2450/5960] PMC3492587 PMID:23080275 doi:10.1007/s10815-012-9879-7... OK (52 KB) [pmc_pow]
  [2451/5960] PMC3492588 PMID:22915342 doi:10.1007/s10815-012-9848-1... OK (244 KB) [pmc_pow]
  [2452/5960] PMC3492854 PMID:22967500 doi:10.1152/ajpendo.00067.2012... FAIL [all_failed]
  [2453/5960] PMC3493916 PMID:23007390 doi:10.1074/jbc.M112.386060... OK (2266 KB) [pmc_pow]
  [2454/5960] PMC3494939 PMID:23091021 doi:10.1073/pnas.1209896109... OK (241 KB) [pmc_pow]
  [2455/5960] PMC3495124 PMID:22676452 doi:10.1089/scd.2011.0691... OK (771 KB) [pmc_pow]
  [2456/5960] PMC349573 PMID:6447871 doi:10.1073/pnas.77.6.3159... OK (1346 KB) [pmc_pow]
  [2457/5960] PMC3496203 PMID:22844111 doi:10.4049/jimmunol.1102965... FAIL [all_failed]
  [2458/5960] PMC349665 PMID:6968072 doi:10.1073/pnas.77.6.3600... OK (1182 KB) [pmc_pow]
  [2459/5960] PMC349666 PMID:6251473 doi:10.1073/pnas.77.6.3605... OK (1376 KB) [pmc_pow]
  [2460/5960] PMC349773 PMID:6254011 doi:10.1073/pnas.77.7.4079... OK (1469 KB) [pmc_pow]
  [2461/5960] PMC3497983 PMID:23027751 doi:10.1107/S174430911203607X... OK (358 KB) [pmc_pow]
  [2462/5960] PMC3499014 PMID:23090985 doi:10.1093/neuonc/nos258... OK (495 KB) [pmc_pow]
  [2463/5960] PMC3499590 PMID:23162613 doi:10.3892/ol.2012.874... OK (244 KB) [pmc_pow]
  [2464/5960] PMC350359 PMID:6256757 doi:10.1073/pnas.77.11.6715... OK (1201 KB) [pmc_pow]
  [2465/5960] PMC350389 PMID:6935688 doi:10.1073/pnas.77.11.6856... OK (1122 KB) [pmc_pow]
  [2466/5960] PMC3504440 PMID:23143808 doi:10.1101/cshperspect.a012971... OK (718 KB) [openalex]
  [2467/5960] PMC3504677 PMID:23097428 doi:10.1261/rna.035600.112... OK (871 KB) [pmc_pow]
  [2468/5960] PMC3504726 PMID:23035118 doi:10.1074/jbc.M112.418889... OK (3508 KB) [pmc_pow]
  [2469/5960] PMC350517 PMID:6938983 doi:10.1073/pnas.77.12.7430... OK (1220 KB) [pmc_pow]
  [2470/5960] PMC3507491 PMID:23082721 doi:10.4161/cc.22136... OK (2578 KB) [pmc_pow]
  [2471/5960] PMC3507492 PMID:23082722 doi:10.4161/cc.22137... OK (1681 KB) [pmc_pow]
  [2472/5960] PMC3507495 PMID:22992618 doi:10.4161/cc.22222... OK (3159 KB) [pmc_pow]
  [2473/5960] PMC3509842 PMID:23430856 doi:10.1007/8904_2011_50... OK (248 KB) [pmc_pow]
  [2474/5960] PMC3509876 PMID:23430898 doi:10.1007/8904_2011_73... OK (215 KB) [pmc_pow]
  [2475/5960] PMC3510370 PMID:22956335 doi:10.1007/s10815-012-9851-6... OK (215 KB) [pmc_pow]
  [2476/5960] PMC3513981 PMID:22563824 doi:10.1089/ars.2012.4684... FAIL [all_failed]
  [2477/5960] PMC3513987 PMID:22746225 doi:10.1089/ars.2011.4253... OK (672 KB) [pmc_pow]
  [2478/5960] PMC3515832 PMID:22907058 doi:10.1113/jphysiol.2012.234682... OK (977 KB) [pmc_pow]
  [2479/5960] PMC3516323 PMID:22826489 doi:10.4269/ajtmh.2012.12-0235... OK (940 KB) [pmc_pow]
  [2480/5960] PMC3516599 PMID:23141293 doi:10.1016/j.ajhg.2012.10.006... OK (495 KB) [pmc_pow]
  [2481/5960] PMC3516610 PMID:23176821 doi:10.1016/j.ajhg.2012.11.001... OK (1234 KB) [pmc_pow]
  [2482/5960] PMC3516734 PMID:23074217 doi:10.1074/jbc.M112.404699... OK (3234 KB) [pmc_pow]
  [2483/5960] PMC3517713 PMID:23077346 doi:10.1210/me.2012-1123... FAIL [all_failed]
  [2484/5960] PMC3518123 PMID:22915825 doi:10.1074/mcp.M112.021162... OK (1912 KB) [pmc_pow]
  [2485/5960] PMC3522276 PMID:23095756 doi:10.1074/jbc.M112.422444... OK (4655 KB) [pmc_pow]
  [2486/5960] PMC3522414 PMID:23077236 doi:10.1093/humrep/des317... OK (458 KB) [pmc_pow]
  [2487/5960] PMC3523872 PMID:23151513 doi:10.1073/pnas.1206345109... OK (1588 KB) [pmc_pow]
  [2488/5960] PMC3523873 PMID:23129651 doi:10.1073/pnas.1217113109... OK (977 KB) [pmc_pow]
  [2489/5960] PMC3524212 PMID:23047605 doi:10.4161/cc.22316... OK (1490 KB) [pmc_pow]
  [2490/5960] PMC3524213 PMID:23070475 doi:10.4161/cc.22376... OK (1914 KB) [pmc_pow]
  [2491/5960] PMC3525010 PMID:23086957 doi:10.1074/jbc.M112.419424... OK (1562 KB) [pmc_pow]
  [2492/5960] PMC3525025 PMID:23086749 doi:10.1182/blood-2012-04-420661... FAIL [all_failed]
  [2493/5960] PMC3525416 PMID:23255929 doi:10.3892/ol.2012.982... OK (894 KB) [pmc_pow]
  [2494/5960] PMC3525461 PMID:23255955 doi:10.3892/ol.2012.985... OK (511 KB) [pmc_pow]
  [2495/5960] PMC3525992 PMID:23319908 doi:10.5664/jcsm.2346... OK (529 KB) [pmc_pow]
  [2496/5960] PMC3526895 PMID:22861165 doi:10.1089/ars.2012.4615... OK (913 KB) [pmc_pow]
  [2497/5960] PMC3526898 PMID:22897788 doi:10.1089/ars.2011.4234... OK (1507 KB) [pmc_pow]
  [2498/5960] PMC3527969 PMID:23118229 doi:10.1074/jbc.M112.407650... OK (2269 KB) [pmc_pow]
  [2499/5960] PMC3528313 PMID:22972918 doi:10.1096/fj.12-217620... FAIL [all_failed]
  [2500/5960] PMC3528880 PMID:23192195 doi:10.1007/s10815-012-9894-8... OK (209 KB) [pmc_pow]
  [2501/5960] PMC3529014 PMID:23185012 doi:10.1073/pnas.1214893109... OK (699 KB) [pmc_pow]
  [2502/5960] PMC3529058 PMID:23213219 doi:10.1073/pnas.1217094110... OK (827 KB) [pmc_pow]
  [2503/5960] PMC352997 PMID:6263181 doi:10.1128/aac.18.6.957... OK (770 KB) [pmc_pow]
  [2504/5960] PMC3531769 PMID:23144459 doi:10.1074/jbc.M112.407411... OK (1581 KB) [pmc_pow]
  [2505/5960] PMC3532473 PMID:23019230 doi:10.1152/ajprenal.00246.2012... FAIL [all_failed]
  [2506/5960] PMC3533552 PMID:23114600 doi:10.1172/JCI64526... OK (696 KB) [pmc_pow]
  [2507/5960] PMC353432 PMID:228052 doi:10.1128/jvi.31.1.172-177.1979... OK (819 KB) [pmc_pow]
  [2508/5960] PMC3536111 PMID:23064337 doi:10.1128/AEM.02184-12... OK (720 KB) [pmc_pow]
  [2509/5960] PMC3536544 PMID:22219513 doi:10.1093/gerona/glr228... OK (2102 KB) [pmc_pow]
  [2510/5960] PMC3537047 PMID:23161549 doi:10.1074/jbc.M112.412502... OK (2936 KB) [pmc_pow]
  [2511/5960] PMC3537066 PMID:23135267 doi:10.1074/jbc.M112.422667... OK (2438 KB) [pmc_pow]
  [2512/5960] PMC3537085 PMID:23150693 doi:10.1210/jc.2012-2967... FAIL [all_failed]
  [2513/5960] PMC3537196 PMID:23207798 doi:10.3791/4060... OK (169 KB) [pmc_pow]
  [2514/5960] PMC3540245 PMID:23332078 doi:10.1016/j.bpj.2012.11.3809... OK (1138 KB) [openalex]
  [2515/5960] PMC3540860 PMID:22619218 doi:10.1194/jlr.M025312... OK (959 KB) [pmc_pow]
  [2516/5960] PMC3543026 PMID:23204521 doi:10.1074/jbc.M112.431973... OK (1646 KB) [pmc_pow]
  [2517/5960] PMC3544493 PMID:23085957 doi:10.1152/japplphysiol.01515.2011... FAIL [all_failed]
  [2518/5960] PMC3545297 PMID:23149385 doi:10.1038/emboj.2012.300... OK (1699 KB) [pmc_pow]
  [2519/5960] PMC3545351 PMID:22897592 doi:10.1089/scd.2012.0220... OK (1027 KB) [pmc_pow]
  [2520/5960] PMC3545522 PMID:23150520 doi:10.1096/fj.12-209361... FAIL [all_failed]
  [2521/5960] PMC3545794 PMID:23267094 doi:10.1073/pnas.1211199110... OK (871 KB) [pmc_pow]
  [2522/5960] PMC354695 PMID:169387 doi:10.1128/jvi.16.3.486-497.1975... OK (1473 KB) [pmc_pow]
  [2523/5960] PMC3548478 PMID:23223238 doi:10.1074/jbc.C112.436766... OK (1719 KB) [pmc_pow]
  [2524/5960] PMC3548480 PMID:23192348 doi:10.1074/jbc.M112.428938... FAIL [all_failed]
  [2525/5960] PMC3549598 PMID:23204164 doi:10.1093/infdis/jis720... OK (136 KB) [pmc_pow]
  [2526/5960] PMC3552922 PMID:23172368 doi:10.4161/cc.22777... OK (4457 KB) [pmc_pow]
  [2527/5960] PMC3552923 PMID:23172369 doi:10.4161/cc.22776... OK (3059 KB) [pmc_pow]
  [2528/5960] PMC3554338 PMID:22976834 doi:10.1038/cdd.2012.117... OK (3234 KB) [pmc_pow]
  [2529/5960] PMC3554895 PMID:23212910 doi:10.1074/jbc.M112.391680... OK (4018 KB) [pmc_pow]
  [2530/5960] PMC3555272 PMID:23358391 doi:10.1007/s11670-012-0109-8... OK (700 KB) [pmc_pow]
  [2531/5960] PMC3558300 PMID:23287794 doi:10.1167/iovs.12-10627... OK (587 KB) [pmc_pow]
  [2532/5960] PMC3560875 PMID:22828753 doi:10.1007/s10616-012-9486-6... FAIL [all_failed]
  [2533/5960] PMC3561540 PMID:23212919 doi:10.1074/jbc.M112.436378... OK (1702 KB) [pmc_pow]
  [2534/5960] PMC3561569 PMID:23239881 doi:10.1074/jbc.M112.394510... OK (2110 KB) [pmc_pow]
  [2535/5960] PMC3561797 PMID:23321669 doi:10.1172/JCI64535... OK (2909 KB) [pmc_pow]
  [2536/5960] PMC3564238 PMID:18344542 doi:10.1093/jb/mvn037... OK (2964 KB) [pmc_pow]
  [2537/5960] PMC3564451 PMID:23307965 doi:10.1167/iovs.12-10536... OK (614 KB) [pmc_pow]
  [2538/5960] PMC3565683 PMID:23430944 doi:10.1007/8904_2011_121... OK (202 KB) [pmc_pow]
  [2539/5960] PMC3566051 PMID:23114644 doi:10.4161/cbt.22627... OK (4220 KB) [pmc_pow]
  [2540/5960] PMC3566782 PMID:22219285 doi:10.1523/JNEUROSCI.1233-11.2012... OK (1924 KB) [pmc_pow]
  [2541/5960] PMC3567272 PMID:23352259 doi:10.1016/j.ajhg.2012.12.014... OK (883 KB) [pmc_pow]
  [2542/5960] PMC3567273 PMID:23332919 doi:10.1016/j.ajhg.2012.12.010... OK (401 KB) [pmc_pow]
  [2543/5960] PMC3567662 PMID:23269675 doi:10.1074/jbc.M112.435263... OK (2228 KB) [pmc_pow]
  [2544/5960] PMC3567693 PMID:23258538 doi:10.1074/jbc.M112.402123... OK (5564 KB) [pmc_pow]
  [2545/5960] PMC3567857 PMID:23161514 doi:10.1074/mcp.M112.020552... OK (323 KB) [pmc_pow]
  [2546/5960] PMC3568306 PMID:23341637 doi:10.1073/pnas.1221359110... OK (399 KB) [pmc_pow]
  [2547/5960] PMC3568984 PMID:12445679 doi:10.1016/s0304-3835(02)00503-7... FAIL [all_failed]
  [2548/5960] PMC3570003 PMID:22946678 doi:10.1111/j.1476-5381.2012.02203.x... OK (156 KB) [pmc_pow]
  [2549/5960] PMC3570026 PMID:17185404 doi:10.1152/ajpregu.00717.2006... OK (819 KB) [pmc_pow]
  [2550/5960] PMC3570509 PMID:23257779 doi:10.4161/cc.23058... OK (2769 KB) [pmc_pow]
  [2551/5960] PMC3570520 PMID:23255119 doi:10.4161/cc.22963... OK (2752 KB) [pmc_pow]
  [2552/5960] PMC3575038 PMID:23430487 doi:10.1007/8904_2012_128... OK (120 KB) [pmc_pow]
  [2553/5960] PMC3575450 PMID:23287468 doi:10.4161/cc.23352... OK (2664 KB) [pmc_pow]
  [2554/5960] PMC3575458 PMID:23257780 doi:10.4161/cc.23109... OK (4566 KB) [pmc_pow]
  [2555/5960] PMC3576006 PMID:23152189 doi:10.1093/toxsci/kfs325... OK (6623 KB) [pmc_pow]
  [2556/5960] PMC3578408 PMID:23208208 doi:10.1093/hmg/dds509... OK (394 KB) [pmc_pow]
  [2557/5960] PMC3578411 PMID:23223017 doi:10.1093/hmg/dds516... FAIL [all_failed]
  [2558/5960] PMC3579386 PMID:22978553 doi:10.1089/ars.2011.4498... OK (1921 KB) [pmc_pow]
  [2559/5960] PMC3579397 PMID:23284046 doi:10.1101/cshperspect.a011437... OK (515 KB) [pmc_pow]
  [2560/5960] PMC3581419 PMID:23306206 doi:10.1074/jbc.M112.438945... OK (1840 KB) [pmc_pow]
  [2561/5960] PMC358179 PMID:2004348 doi:10.1128/cmr.4.1.61... OK (8498 KB) [pmc_pow]
  [2562/5960] PMC3582128 PMID:23426180 doi:10.1172/JCI64264... OK (5310 KB) [pmc_pow]
  [2563/5960] PMC3582144 PMID:23434591 doi:10.1172/JCI66700... OK (5461 KB) [pmc_pow]
  [2564/5960] PMC3582156 PMID:23454756 doi:10.1172/JCI68833... OK (868 KB) [pmc_pow]
  [2565/5960] PMC3584504 PMID:23146029 doi:10.1089/ars.2012.5009... OK (125 KB) [pmc_pow]
  [2566/5960] PMC358636 PMID:8139569 doi:10.1128/mcb.14.4.2699-2712.1994... OK (4148 KB) [pmc_pow]
  [2567/5960] PMC3587194 PMID:23319606 doi:10.1073/pnas.1214912110... OK (783 KB) [pmc_pow]
  [2568/5960] PMC3587199 PMID:23150584 doi:10.1073/pnas.1213897109... OK (1677 KB) [pmc_pow]
  [2569/5960] PMC3587449 PMID:23292149 doi:10.4161/cc.23370... OK (2903 KB) [pmc_pow]
  [2570/5960] PMC3587706 PMID:23208423 doi:10.1038/cr.2012.166... OK (1597 KB) [pmc_pow]
  [2571/5960] PMC3588877 PMID:23175776 doi:10.1194/jlr.P028910... OK (1768 KB) [pmc_pow]
  [2572/5960] PMC3589073 PMID:23369575 doi:10.1016/j.ajpath.2012.12.017... OK (940 KB) [pmc_pow]
  [2573/5960] PMC3589878 PMID:23131111 doi:10.1089/neu.2012.2339... OK (1938 KB) [pmc_pow]
  [2574/5960] PMC3590072 PMID:23221071 doi:10.1167/iovs.12-10854... OK (414 KB) [pmc_pow]
  [2575/5960] PMC3590254 PMID:23298947 doi:10.4161/auto.22971... OK (4428 KB) [pmc_pow]
  [2576/5960] PMC3590264 PMID:23242108 doi:10.4161/auto.22920... OK (538 KB) [pmc_pow]
  [2577/5960] PMC359079 PMID:8035833 doi:10.1128/mcb.14.8.5603-5616.1994... OK (3511 KB) [pmc_pow]
  [2578/5960] PMC359313 PMID:7969115 doi:10.1128/mcb.14.12.7717-7730.1994... OK (4286 KB) [pmc_pow]
  [2579/5960] PMC3593247 PMID:17988971 doi:10.1016/j.bone.2007.09.046... OK (4143 KB) [pmc_pow]
  [2580/5960] PMC359509 PMID:8441424 doi:10.1128/mcb.13.3.1951-1961.1993... OK (3126 KB) [pmc_pow]
  [2581/5960] PMC3596851 PMID:23297365 doi:10.1093/hmg/dds557... OK (458 KB) [pmc_pow]
  [2582/5960] PMC359920 PMID:1848674 doi:10.1128/mcb.11.4.2236-2244.1991... FAIL [all_failed]
  [2583/5960] PMC3600884 PMID:23519321 doi:10.14797/mdcj-9-1-44... OK (314 KB) [pmc_pow]
  [2584/5960] PMC3602722 PMID:23255590 doi:10.1152/ajpregu.00409.2012... FAIL [all_failed]
  [2585/5960] PMC3603177 PMID:23531985 no DOI... OK (2070 KB) [pmc_pow]
  [2586/5960] PMC3603314 PMID:23300254 doi:10.1093/molbev/mss328... OK (1281 KB) [pmc_pow]
  [2587/5960] PMC3605650 PMID:23362268 doi:10.1074/jbc.M112.422220... OK (3029 KB) [pmc_pow]
  [2588/5960] PMC360567 PMID:2325651 doi:10.1128/mcb.10.5.2191-2201.1990... OK (2727 KB) [pmc_pow]
  [2589/5960] PMC3606534 PMID:23254340 doi:10.1096/fj.12-220160... FAIL [all_failed]
  [2590/5960] PMC3607141 PMID:23441585 doi:10.1111/iep.12015... OK (266 KB) [pmc_pow]
  [2591/5960] PMC3607172 PMID:23297307 doi:10.1113/jphysiol.2012.245944... OK (1094 KB) [pmc_pow]
  [2592/5960] PMC3607752 PMID:23555164 doi:10.3748/wjg.v19.i11.1760... OK (1454 KB) [pmc_pow]
  [2593/5960] PMC3609180 PMID:23569735 doi:10.1016/S2221-1691(11)60003-8... FAIL [all_failed]
  [2594/5960] PMC3610729 PMID:23388463 doi:10.4161/cc.23722... OK (2975 KB) [pmc_pow]
  [2595/5960] PMC3614258 PMID:22562030 doi:10.6091/IBJ.1033.2012... OK (714 KB) [pmc_pow]
  [2596/5960] PMC3615196 PMID:23509102 doi:10.1210/jc.2012-3671... FAIL [all_failed]
  [2597/5960] PMC3615212 PMID:23463654 doi:10.1210/jc.2012-4203... FAIL [all_failed]
  [2598/5960] PMC361579 PMID:1717826 doi:10.1128/mcb.11.10.5266-5274.1991... OK (2138 KB) [pmc_pow]
  [2599/5960] PMC3617377 PMID:23541342 doi:10.1016/j.ajhg.2013.03.007... OK (1132 KB) [pmc_pow]
  [2600/5960] PMC361908 PMID:1801926 doi:10.1091/mbc.2.12.1097... OK (5851 KB) [pmc_pow]
  [2601/5960] PMC3619368 PMID:23513224 doi:10.1073/pnas.1303360110... OK (1629 KB) [pmc_pow]
  [2602/5960] PMC362109 PMID:15007097 doi:10.1128/MMBR.68.1.1-108.2004... OK (6610 KB) [pmc_pow]
  [2603/5960] PMC3622334 PMID:23479405 doi:10.1194/jlr.M035790... OK (797 KB) [pmc_pow]
  [2604/5960] PMC3622731 PMID:14677633 doi:10.1046/j.1474-9728.2003.00069.x... OK (2000 KB) [pmc_pow]
  [2605/5960] PMC3624453 PMID:23086948 doi:10.1074/jbc.R112.410530... OK (198 KB) [pmc_pow]
  [2606/5960] PMC3624766 PMID:22946823 doi:10.1089/ars.2012.4850... OK (664 KB) [pmc_pow]
  [2607/5960] PMC3625258 PMID:23530187 doi:10.1073/pnas.1303444110... OK (1103 KB) [pmc_pow]
  [2608/5960] PMC3625387 PMID:23224691 doi:10.1007/s13311-012-0167-0... OK (309 KB) [pmc_pow]
  [2609/5960] PMC3625930 PMID:12855657 no DOI... OK (2354 KB) [pmc_pow]
  [2610/5960] PMC3625967 PMID:17822919 doi:10.1016/j.mcn.2007.06.009... OK (2796 KB) [pmc_pow]
  [2611/5960] PMC3625975 PMID:19096106 doi:10.1002/biof.5520320113... OK (628 KB) [pmc_pow]
  [2612/5960] PMC3626980 PMID:23592899 doi:10.3978/j.issn.1000-9604.2013.02.06... OK (3520 KB) [pmc_pow]
  [2613/5960] PMC362711 PMID:2725494 doi:10.1128/mcb.9.3.1200-1211.1989... OK (2825 KB) [pmc_pow]
  [2614/5960] PMC3629773 PMID:23314964 doi:10.1128/EC.00285-12... OK (1512 KB) [pmc_pow]
  [2615/5960] PMC363030 PMID:2568584 doi:10.1128/mcb.9.5.2279-2283.1989... OK (1242 KB) [pmc_pow]
  [2616/5960] PMC363075 PMID:14699060 doi:10.1091/mbc.E03-08-0629... OK (968 KB) [pmc_pow]
  [2617/5960] PMC363133 PMID:2892128 doi:10.1128/mcb.8.1.371-380.1988... OK (3048 KB) [pmc_pow]
  [2618/5960] PMC3632244 PMID:23323755 doi:10.1111/bph.12104... OK (2103 KB) [pmc_pow]
  [2619/5960] PMC3632896 PMID:23439633 doi:10.1128/AAC.02248-12... FAIL [all_failed]
  [2620/5960] PMC3633441 PMID:23412895 doi:10.1152/japplphysiol.01474.2012... FAIL [all_failed]
  [2621/5960] PMC3633818 PMID:23392351 doi:10.1096/fj.12-224444... FAIL [all_failed]
  [2622/5960] PMC3634113 PMID:23518922 doi:10.1210/me.2012-1292... FAIL [all_failed]
  [2623/5960] PMC363587 PMID:3211148 doi:10.1128/mcb.8.8.3496-3509.1988... OK (4164 KB) [pmc_pow]
  [2624/5960] PMC3636879 PMID:23471966 doi:10.1074/jbc.M112.433847... OK (2513 KB) [pmc_pow]
  [2625/5960] PMC3637760 PMID:23569255 doi:10.1073/pnas.1305201110... OK (803 KB) [pmc_pow]
  [2626/5960] PMC3637790 PMID:23564345 doi:10.1073/pnas.1220659110... OK (1455 KB) [pmc_pow]
  [2627/5960] PMC3638359 PMID:23633928 doi:10.1593/neo.13230... OK (7281 KB) [pmc_pow]
  [2628/5960] PMC3640312 PMID:18562218 doi:10.1016/j.joca.2008.05.009... OK (2467 KB) [pmc_pow]
  [2629/5960] PMC3641903 PMID:16920626 doi:10.1016/j.cub.2006.06.072... FAIL [all_failed]
  [2630/5960] PMC364194 PMID:1732728 doi:10.1128/mcb.12.2.480-490.1992... OK (2832 KB) [pmc_pow]
  [2631/5960] PMC3642310 PMID:23471973 doi:10.1074/jbc.M113.452367... OK (4583 KB) [pmc_pow]
  [2632/5960] PMC3642345 PMID:23508955 doi:10.1074/jbc.M112.440214... OK (3379 KB) [pmc_pow]
  [2633/5960] PMC364274 PMID:1732740 doi:10.1128/mcb.12.2.716-723.1992... OK (1769 KB) [pmc_pow]
  [2634/5960] PMC3644121 PMID:23359247 doi:10.1007/s10815-013-9938-8... OK (688 KB) [pmc_pow]
  [2635/5960] PMC364449 PMID:1588958 doi:10.1128/mcb.12.6.2561-2569.1992... OK (2674 KB) [pmc_pow]
  [2636/5960] PMC3644634 PMID:23643385 doi:10.1016/j.ajhg.2013.04.005... OK (504 KB) [pmc_pow]
  [2637/5960] PMC3647236 PMID:23429263 doi:10.1038/cdd.2013.10... OK (3521 KB) [pmc_pow]
  [2638/5960] PMC3648137 PMID:23487455 doi:10.1128/JVI.00145-13... OK (2026 KB) [pmc_pow]
  [2639/5960] PMC3650227 PMID:23599344 doi:10.1101/gad.203984.112... OK (4614 KB) [pmc_pow]
  [2640/5960] PMC3650321 PMID:23297347 doi:10.1074/mcp.M112.023127... OK (648 KB) [pmc_pow]
  [2641/5960] PMC3650371 PMID:23519467 doi:10.1074/jbc.M112.428359... OK (4229 KB) [pmc_pow]
  [2642/5960] PMC3651434 PMID:23610393 doi:10.1073/pnas.1218599110... OK (1004 KB) [pmc_pow]
  [2643/5960] PMC3651455 PMID:23620518 doi:10.1073/pnas.1300677110... OK (992 KB) [pmc_pow]
  [2644/5960] PMC3651471 PMID:23610429 doi:10.1073/pnas.1304049110... OK (814 KB) [pmc_pow]
  [2645/5960] PMC365152 PMID:3029571 doi:10.1128/mcb.7.2.925-931.1987... OK (1558 KB) [pmc_pow]
  [2646/5960] PMC3652068 PMID:23494124 doi:10.1152/ajpgi.00327.2012... FAIL [all_failed]
  [2647/5960] PMC3652418 PMID:23418307 doi:10.1093/hmg/ddt067... OK (292 KB) [pmc_pow]
  [2648/5960] PMC3653390 PMID:25310348 doi:10.1089/cbr.2012.1327... OK (357 KB) [pmc_pow]
  [2649/5960] PMC365525 PMID:3185559 doi:10.1128/mcb.8.10.4502-4509.1988... OK (1958 KB) [pmc_pow]
  [2650/5960] PMC3655465 PMID:23503589 doi:10.1038/emboj.2013.59... OK (2007 KB) [pmc_pow]
  [2651/5960] PMC365617 PMID:3244350 doi:10.1128/mcb.8.12.5150-5158.1988... OK (2191 KB) [pmc_pow]
  [2652/5960] PMC3656281 PMID:23543747 doi:10.1074/jbc.M113.458802... OK (1274 KB) [pmc_pow]
  [2653/5960] PMC3656319 PMID:23618872 doi:10.1101/gad.211326.112... FAIL [all_failed]
  [2654/5960] PMC3656610 PMID:23243068 doi:10.1093/jmcb/mjs062... OK (375 KB) [pmc_pow]
  [2655/5960] PMC3656999 PMID:23299422 doi:10.4161/psb.23012... OK (3736 KB) [pmc_pow]
  [2656/5960] PMC3657477 PMID:23314018 doi:10.1093/hmg/ddt009... OK (7633 KB) [pmc_pow]
  [2657/5960] PMC3657747 PMID:18304254 doi:10.1111/j.1528-1167.2008.01508.x... OK (3444 KB) [pmc_pow]
  [2658/5960] PMC3657773 PMID:23637341 doi:10.1073/pnas.1306004110... OK (565 KB) [pmc_pow]
  [2659/5960] PMC3659724 PMID:23197857 doi:10.5966/sctm.2012-0024... OK (3256 KB) [pmc_pow]
  [2660/5960] PMC3660087 PMID:18574077 doi:10.1161/HYPERTENSIONAHA.108.110031... OK (512 KB) [pmc_pow]
  [2661/5960] PMC3663532 PMID:23592772 doi:10.1074/jbc.M113.470047... FAIL [all_failed]
  [2662/5960] PMC3666252 PMID:23447675 doi:10.1242/jcs.117184... FAIL [all_failed]
  [2663/5960] PMC3666477 PMID:23738253 no DOI... OK (90 KB) [pmc_pow]
  [2664/5960] PMC366652 PMID:7560067 doi:10.1172/JCI118221... OK (2146 KB) [pmc_pow]
  [2665/5960] PMC3666633 PMID:23481326 doi:10.1038/mt.2013.35... OK (878 KB) [pmc_pow]
  [2666/5960] PMC3670330 PMID:23676277 doi:10.1073/pnas.1301820110... OK (1020 KB) [pmc_pow]
  [2667/5960] PMC3672297 PMID:23508006 doi:10.4161/auto.24172... OK (6298 KB) [pmc_pow]
  [2668/5960] PMC3672644 PMID:23666923 doi:10.1101/gad.215533.113... OK (1894 KB) [pmc_pow]
  [2669/5960] PMC3673655 PMID:23741248 doi:10.3892/ol.2012.748... OK (609 KB) [pmc_pow]
  [2670/5960] PMC3674067 PMID:23574722 doi:10.4161/cc.24478... OK (1903 KB) [pmc_pow]
  [2671/5960] PMC3674384 PMID:23478297 doi:10.1038/cr.2013.37... OK (1769 KB) [pmc_pow]
  [2672/5960] PMC3674799 PMID:23459931 doi:10.1093/hmg/ddt106... OK (1211 KB) [pmc_pow]
  [2673/5960] PMC367510 PMID:3785149 doi:10.1128/mcb.6.1.294-301.1986... OK (2419 KB) [pmc_pow]
  [2674/5960] PMC3675564 PMID:23612963 doi:10.1074/jbc.M112.435545... OK (5746 KB) [pmc_pow]
  [2675/5960] PMC3675918 PMID:23524678 doi:10.1128/AEM.00201-13... OK (2699 KB) [pmc_pow]
  [2676/5960] PMC367638 PMID:3785163 doi:10.1128/mcb.6.4.1261-1267.1986... OK (1854 KB) [pmc_pow]
  [2677/5960] PMC367669 PMID:3785171 doi:10.1128/mcb.6.5.1446-1453.1986... FAIL [all_failed]
  [2678/5960] PMC367809 PMID:3023938 doi:10.1128/mcb.6.7.2543-2550.1986... OK (1816 KB) [pmc_pow]
  [2679/5960] PMC3680678 PMID:23512805 doi:10.1152/ajpendo.00630.2012... FAIL [all_failed]
  [2680/5960] PMC3682546 PMID:23629662 doi:10.1074/jbc.M113.468405... OK (3731 KB) [pmc_pow]
  [2681/5960] PMC3683770 PMID:23716676 doi:10.1073/pnas.1217042110... OK (1256 KB) [pmc_pow]
  [2682/5960] PMC3685333 PMID:23585561 doi:10.1093/humrep/det064... OK (1145 KB) [pmc_pow]
  [2683/5960] PMC3685456 PMID:23754807 doi:10.1098/rstb.2012.0253... OK (250 KB) [pmc_pow]
  [2684/5960] PMC368954 PMID:6092922 doi:10.1128/mcb.4.8.1605-1617.1984... OK (3700 KB) [pmc_pow]
  [2685/5960] PMC3689984 PMID:23629660 doi:10.1074/jbc.M113.468090... OK (1118 KB) [pmc_pow]
  [2686/5960] PMC3690852 PMID:23733953 doi:10.1073/pnas.1222404110... OK (1133 KB) [pmc_pow]
  [2687/5960] PMC3690968 PMID:23525905 doi:10.1093/hmg/ddt132... OK (889 KB) [pmc_pow]
  [2688/5960] PMC3691914 PMID:22901241 doi:10.1089/ars.2012.4883... OK (975 KB) [pmc_pow]
  [2689/5960] PMC369291 PMID:6396506 doi:10.1128/mcb.4.12.2802-2810.1984... FAIL [all_failed]
  [2690/5960] PMC369350 PMID:9279383 doi:10.1128/mcb.1.8.697-710.1981... OK (2905 KB) [pmc_pow]
  [2691/5960] PMC369459 PMID:1996112 doi:10.1128/mcb.11.3.1631-1637.1991... OK (2413 KB) [pmc_pow]
  [2692/5960] PMC3696330 PMID:23758163 doi:10.1111/bph.12186... OK (3405 KB) [pmc_pow]
  [2693/5960] PMC3696604 PMID:23349299 doi:10.3324/haematol.2012.079244... OK (1226 KB) [pmc_pow]
  [2694/5960] PMC369680 PMID:6965101 doi:10.1128/mcb.1.4.321-329.1981... OK (1290 KB) [pmc_pow]
  [2695/5960] PMC369750 PMID:6955589 doi:10.1128/mcb.2.1.30-41.1982... OK (2580 KB) [pmc_pow]
  [2696/5960] PMC3697600 PMID:23630955 doi:10.1128/IAI.00194-13... OK (1844 KB) [pmc_pow]
  [2697/5960] PMC369774 PMID:6180301 doi:10.1128/mcb.2.2.207-209.1982... OK (450 KB) [pmc_pow]
  [2698/5960] PMC369845 PMID:14582164 doi:10.1128/mcb.2.6.694-700.1982... OK (1078 KB) [pmc_pow]
  [2699/5960] PMC3700017 PMID:23373855 doi:10.1089/ars.2013.5185... OK (335 KB) [pmc_pow]
  [2700/5960] PMC3700126 PMID:23671186 doi:10.1128/MCB.00220-13... FAIL [all_failed]
  [2701/5960] PMC370029 PMID:6227806 doi:10.1128/mcb.3.10.1694-1702.1983... OK (1580 KB) [pmc_pow]
  [2702/5960] PMC3701192 PMID:23788623 doi:10.1101/gad.215871.113... OK (2101 KB) [pmc_pow]
  [2703/5960] PMC3701239 PMID:23722655 doi:10.1038/embor.2013.72... OK (968 KB) [pmc_pow]
  [2704/5960] PMC3702325 PMID:23832208 doi:10.1107/S1744309113015200... OK (927 KB) [pmc_pow]
  [2705/5960] PMC3704028 PMID:23781103 doi:10.1073/pnas.1222641110... OK (573 KB) [pmc_pow]
  [2706/5960] PMC3707374 PMID:23449689 doi:10.1164/rccm.201209-1687OC... OK (3881 KB) [pmc_pow]
  [2707/5960] PMC3707376 PMID:23371060 doi:10.1165/rcmb.2011-0273OC... OK (1201 KB) [pmc_pow]
  [2708/5960] PMC370795 PMID:6265499 doi:10.1172/JCI110244... OK (1194 KB) [openalex]
  [2709/5960] PMC3708860 PMID:19393779 doi:10.1016/j.jprot.2009.04.003... OK (955 KB) [pmc_pow]
  [2710/5960] PMC3708863 PMID:21174057 doi:10.3892/ijo.2010.881... OK (1198 KB) [pmc_pow]
  [2711/5960] PMC3711290 PMID:23703616 doi:10.1074/jbc.M113.474916... OK (2284 KB) [pmc_pow]
  [2712/5960] PMC3711996 PMID:23628962 doi:10.4161/cam.24804... OK (1433 KB) [pmc_pow]
  [2713/5960] PMC3713209 PMID:23748360 doi:10.1210/en.2013-1076... FAIL [all_failed]
  [2714/5960] PMC3713542 PMID:23012313 doi:10.1177/1933719112459241... OK (435 KB) [pmc_pow]
  [2715/5960] PMC371480 PMID:7410549 doi:10.1172/JCI109806... OK (1626 KB) [pmc_pow]
  [2716/5960] PMC3715144 PMID:18381429 doi:10.1158/0008-5472.CAN-07-5278... OK (1386 KB) [pmc_pow]
  [2717/5960] PMC371641 PMID:6252248 doi:10.1172/JCI109904... OK (1220 KB) [pmc_pow]
  [2718/5960] PMC371797 PMID:690184 doi:10.1172/JCI109158... OK (1009 KB) [pmc_pow]
  [2719/5960] PMC3718318 PMID:23311665 doi:10.1089/ars.2012.4785... OK (1777 KB) [pmc_pow]
  [2720/5960] PMC3720167 PMID:22504871 doi:10.1038/aja.2012.18... OK (1480 KB) [pmc_pow]
  [2721/5960] PMC3721271 PMID:23906881 doi:10.1101/cshperspect.a014217... OK (809 KB) [pmc_pow]
  [2722/5960] PMC372160 PMID:156736 doi:10.1172/JCI109503... OK (3103 KB) [pmc_pow]
  [2723/5960] PMC3722316 PMID:23633667 doi:10.4161/auto.24639... OK (2468 KB) [pmc_pow]
  [2724/5960] PMC3722929 PMID:23607690 doi:10.1111/cei.12109... OK (722 KB) [pmc_pow]
  [2725/5960] PMC372418 PMID:893676 doi:10.1172/JCI108825... OK (6072 KB) [pmc_pow]
  [2726/5960] PMC37250 PMID:11328868 doi:10.1093/nar/29.9.1852... OK (1074 KB) [pmc_pow]
  [2727/5960] PMC3725060 PMID:23836652 doi:10.1073/pnas.1306241110... OK (832 KB) [pmc_pow]
  [2728/5960] PMC3725076 PMID:23836663 doi:10.1073/pnas.1302140110... OK (837 KB) [pmc_pow]
  [2729/5960] PMC372559 PMID:202614 doi:10.1172/JCI108959... OK (1458 KB) [pmc_pow]
  [2730/5960] PMC3725795 PMID:23627869 doi:10.1089/ten.tea.2012.0515... OK (991 KB) [pmc_pow]
  [2731/5960] PMC3726172 PMID:23867626 doi:10.1172/JCI68993... OK (1185 KB) [pmc_pow]
  [2732/5960] PMC3726942 PMID:23624786 doi:10.1152/ajplung.00001.2013... FAIL [all_failed]
  [2733/5960] PMC3726962 PMID:23923065 no DOI... OK (3053 KB) [pmc_pow]
  [2734/5960] PMC3727015 PMID:23695887 doi:10.1152/physiolgenomics.00014.2013... FAIL [all_failed]
  [2735/5960] PMC3727647 PMID:23052217 doi:10.1007/s00018-012-1177-0... OK (382 KB) [pmc_pow]
  [2736/5960] PMC372862 PMID:1579111 doi:10.1128/mr.56.1.229-264.1992... OK (7338 KB) [pmc_pow]
  [2737/5960] PMC3730707 PMID:23961055 doi:10.1016/j.sjbs.2009.12.005... OK (893 KB) [pmc_pow]
  [2738/5960] PMC3730725 PMID:23961065 doi:10.1016/j.sjbs.2010.02.003... OK (1816 KB) [pmc_pow]
  [2739/5960] PMC373300 PMID:14729924 doi:10.1093/nar/gkh213... OK (245 KB) [pmc_pow]
  [2740/5960] PMC373379 PMID:14960712 doi:10.1093/nar/gkh226... OK (426 KB) [pmc_pow]
  [2741/5960] PMC3734782 PMID:23715059 doi:10.1038/jcbfm.2013.84... OK (1357 KB) [pmc_pow]
  [2742/5960] PMC3738302 PMID:18222423 doi:10.1016/j.yexcr.2007.12.012... OK (4744 KB) [pmc_pow]
  [2743/5960] PMC3738821 PMID:23849775 doi:10.1016/j.ajhg.2013.06.006... OK (3077 KB) [pmc_pow]
  [2744/5960] PMC3739090 PMID:20098441 doi:10.1038/aja.2009.76... OK (2100 KB) [pmc_pow]
  [2745/5960] PMC3739263 PMID:20418891 doi:10.1038/aja.2010.11... OK (1551 KB) [pmc_pow]
  [2746/5960] PMC3739364 PMID:20473320 doi:10.1038/aja.2010.21... FAIL [all_failed]
  [2747/5960] PMC3739394 PMID:20802502 doi:10.1038/aja.2010.68... OK (510 KB) [pmc_pow]
  [2748/5960] PMC3739951 PMID:23259530 doi:10.1089/ars.2012.4859... OK (1199 KB) [pmc_pow]
  [2749/5960] PMC3741499 PMID:23744295 doi:10.1038/cdd.2013.59... OK (3008 KB) [pmc_pow]
  [2750/5960] PMC3742491 PMID:23792645 doi:10.4161/cbt.24594... OK (1399 KB) [pmc_pow]
  [2751/5960] PMC3743495 PMID:23818520 doi:10.1074/jbc.M113.484832... OK (2795 KB) [pmc_pow]
  [2752/5960] PMC3746573 PMID:24146449 doi:10.4314/ajtcam.v10i2.10... OK (1170 KB) [pmc_pow]
  [2753/5960] PMC375163 PMID:15039304 doi:10.1128/IAI.72.4.1856-1865.2004... OK (1797 KB) [pmc_pow]
  [2754/5960] PMC3752513 PMID:23607319 doi:10.1089/thy.2012.0579... OK (265 KB) [pmc_pow]
  [2755/5960] PMC3752535 PMID:23759445 doi:10.1096/fj.13-228858... FAIL [all_failed]
  [2756/5960] PMC375254 PMID:15047526 doi:10.1128/AAC.48.4.1242-1248.2004... OK (127 KB) [pmc_pow]
  [2757/5960] PMC3752820 PMID:23610158 doi:10.4269/ajtmh.12-0766... OK (3092 KB) [pmc_pow]
  [2758/5960] PMC375312 PMID:15047533 doi:10.1128/AAC.48.4.1300-1306.2004... OK (132 KB) [pmc_pow]
  [2759/5960] PMC3754227 PMID:23774597 doi:10.1128/IAI.00554-13... OK (1357 KB) [pmc_pow]
  [2760/5960] PMC3754249 PMID:23999440 doi:10.1172/JCI67230... OK (3306 KB) [pmc_pow]
  [2761/5960] PMC3756761 PMID:23986251 doi:10.1523/JNEUROSCI.4646-10.2013... FAIL [all_failed]
  [2762/5960] PMC3757219 PMID:23873934 doi:10.1074/jbc.M113.493692... OK (2462 KB) [pmc_pow]
  [2763/5960] PMC3761568 PMID:23918355 doi:10.1073/pnas.1303669110... OK (1823 KB) [pmc_pow]
  [2764/5960] PMC3761611 PMID:23940335 doi:10.1073/pnas.1306290110... OK (474 KB) [pmc_pow]
  [2765/5960] PMC3762358 PMID:24010670 doi:10.1016/j.bpj.2013.06.048... OK (583 KB) [pmc_pow]
  [2766/5960] PMC3763072 PMID:23823150 doi:10.1152/japplphysiol.00252.2013... FAIL [all_failed]
  [2767/5960] PMC3763223 PMID:23581681 doi:10.1089/ars.2012.5074... OK (478 KB) [pmc_pow]
  [2768/5960] PMC3764801 PMID:23902766 doi:10.1074/jbc.M113.459784... OK (2578 KB) [pmc_pow]
  [2769/5960] PMC3767515 PMID:23959866 doi:10.1073/pnas.1216844110... FAIL [all_failed]
  [2770/5960] PMC3767537 PMID:23959881 doi:10.1073/pnas.1313198110... OK (987 KB) [pmc_pow]
  [2771/5960] PMC3767566 PMID:23959897 doi:10.1073/pnas.1305404110... OK (904 KB) [pmc_pow]
  [2772/5960] PMC3770331 PMID:23832115 doi:10.1038/cdd.2013.78... OK (3893 KB) [pmc_pow]
  [2773/5960] PMC3771285 PMID:23918216 doi:10.4269/ajtmh.13-0102... OK (725 KB) [pmc_pow]
  [2774/5960] PMC3771343 PMID:23921550 doi:10.1038/emboj.2013.178... OK (2679 KB) [pmc_pow]
  [2775/5960] PMC3772234 PMID:23873935 doi:10.1074/jbc.M112.440453... OK (2714 KB) [pmc_pow]
  [2776/5960] PMC3772241 PMID:23893410 doi:10.1074/jbc.M113.495119... OK (2150 KB) [pmc_pow]
  [2777/5960] PMC3774083 PMID:23074238 doi:10.1152/ajpendo.00234.2012... FAIL [all_failed]
  [2778/5960] PMC377455 PMID:10727444 doi:10.1172/JCI6816... OK (642 KB) [pmc_pow]
  [2779/5960] PMC3776090 PMID:22843416 doi:10.1007/s11357-012-9457-z... OK (915 KB) [pmc_pow]
  [2780/5960] PMC3778740 PMID:23822766 doi:10.1164/rccm.201304-0700OC... OK (1773 KB) [pmc_pow]
  [2781/5960] PMC3779036 PMID:24057885 doi:10.1093/neuonc/not077... OK (1126 KB) [pmc_pow]
  [2782/5960] PMC3779039 PMID:23911596 doi:10.1093/neuonc/not086... OK (866 KB) [pmc_pow]
  [2783/5960] PMC3780431 PMID:22956852 doi:10.1523/JNEUROSCI.0277-12.2012... OK (1374 KB) [pmc_pow]
  [2784/5960] PMC3780874 PMID:24003133 doi:10.1073/pnas.1311660110... OK (2000 KB) [pmc_pow]
  [2785/5960] PMC3781780 PMID:24020406 doi:10.1111/iep.12044... OK (431 KB) [pmc_pow]
  [2786/5960] PMC3784204 PMID:23798494 doi:10.1113/jphysiol.2013.255695... OK (928 KB) [pmc_pow]
  [2787/5960] PMC3784521 PMID:24091324 doi:10.1172/JCI64216... OK (5200 KB) [pmc_pow]
  [2788/5960] PMC3785797 PMID:23944767 doi:10.1089/aid.2013.0079... OK (224 KB) [pmc_pow]
  [2789/5960] PMC3785802 PMID:23641925 doi:10.1089/ars.2012.4928... OK (650 KB) [pmc_pow]
  [2790/5960] PMC378614 PMID:12474143 doi:10.1086/345489... OK (589 KB) [pmc_pow]
  [2791/5960] PMC378623 PMID:12478481 doi:10.1086/345487... FAIL [all_failed]
  [2792/5960] PMC3789880 PMID:23595218 doi:10.1007/s12192-013-0423-1... OK (916 KB) [pmc_pow]
  [2793/5960] PMC3790616 PMID:23956348 doi:10.1210/jc.2013-1943... FAIL [all_failed]
  [2794/5960] PMC379094 PMID:11845409 doi:10.1086/339524... OK (160 KB) [pmc_pow]
  [2795/5960] PMC379199 PMID:12145744 doi:10.1086/342208... OK (550 KB) [pmc_pow]
  [2796/5960] PMC379223 PMID:12532283 doi:10.1086/346065... OK (696 KB) [pmc_pow]
  [2797/5960] PMC3792427 PMID:23933817 doi:10.1038/cdd.2013.105... OK (6159 KB) [pmc_pow]
  [2798/5960] PMC3792701 PMID:24294115 doi:10.7171/jbt.13-2404-001... OK (425 KB) [pmc_pow]
  [2799/5960] PMC3795229 PMID:23970548 doi:10.1074/jbc.M113.498832... OK (2937 KB) [pmc_pow]
  [2800/5960] PMC3795269 PMID:24003226 doi:10.1074/jbc.M113.473470... OK (2780 KB) [pmc_pow]
  [2801/5960] PMC3795294 PMID:23983127 doi:10.1074/jbc.M113.450106... FAIL [all_failed]
  [2802/5960] PMC3798722 PMID:23926186 doi:10.1152/ajprenal.00143.2013... FAIL [all_failed]
  [2803/5960] PMC3798790 PMID:23955717 doi:10.1152/ajpheart.00063.2013... FAIL [all_failed]
  [2804/5960] PMC3799075 PMID:23942359 doi:10.1038/npp.2013.160... OK (804 KB) [pmc_pow]
  [2805/5960] PMC38000 PMID:8901590 doi:10.1073/pnas.93.22.12382... OK (1647 KB) [pmc_pow]
  [2806/5960] PMC3800532 PMID:23912752 doi:10.1007/s10815-013-0058-2... OK (241 KB) [pmc_pow]
  [2807/5960] PMC3800739 PMID:15978749 doi:10.1016/j.gene.2005.03.028... OK (2635 KB) [pmc_pow]
  [2808/5960] PMC3800769 PMID:24002033 doi:10.1210/en.2013-1389... FAIL [all_failed]
  [2809/5960] PMC3801077 PMID:24082129 doi:10.1073/pnas.1315558110... OK (1149 KB) [pmc_pow]
  [2810/5960] PMC3805862 PMID:23900692 doi:10.1007/s13311-013-0205-6... OK (342 KB) [pmc_pow]
  [2811/5960] PMC3806020 PMID:23820581 doi:10.1038/hdy.2013.60... OK (3568 KB) [pmc_pow]
  [2812/5960] PMC38080 PMID:8876158 doi:10.1073/pnas.93.21.11466... OK (1622 KB) [pmc_pow]
  [2813/5960] PMC3809782 PMID:24084737 doi:10.1172/JCI67615... OK (3760 KB) [pmc_pow]
  [2814/5960] PMC3810086 PMID:23949796 doi:10.1681/ASN.2013020126... OK (1026 KB) [pmc_pow]
  [2815/5960] PMC3810839 PMID:23803692 doi:10.1093/carcin/bgt230... OK (385 KB) [pmc_pow]
  [2816/5960] PMC3811468 PMID:23856776 doi:10.1128/AAC.00825-13... OK (1274 KB) [pmc_pow]
  [2817/5960] PMC3811568 PMID:23851337 doi:10.1128/EC.00138-13... OK (2771 KB) [pmc_pow]
  [2818/5960] PMC3811608 PMID:24006472 doi:10.1128/MMBR.00007-13... OK (3198 KB) [pmc_pow]
  [2819/5960] PMC38148 PMID:8876227 doi:10.1073/pnas.93.21.11853... OK (1996 KB) [pmc_pow]
  [2820/5960] PMC3815615 PMID:18385287 doi:10.1152/ajpcell.00384.2007... OK (6041 KB) [pmc_pow]
  [2821/5960] PMC381681 PMID:15060142 doi:10.1128/MCB.24.8.3180-3187.2004... OK (347 KB) [pmc_pow]
  [2822/5960] PMC3816814 PMID:24228107 no DOI... OK (712 KB) [pmc_pow]
  [2823/5960] PMC3820337 PMID:24080634 doi:10.4269/ajtmh.13-0081... OK (292 KB) [pmc_pow]
  [2824/5960] PMC3826185 PMID:23924319 doi:10.1164/rccm.201302-0342OC... OK (3321 KB) [pmc_pow]
  [2825/5960] PMC3826303 PMID:23981074 doi:10.1111/cei.12193... OK (1132 KB) [pmc_pow]
  [2826/5960] PMC3828468 PMID:24227726 doi:10.1523/JNEUROSCI.4933-12.2013... OK (4582 KB) [pmc_pow]
  [2827/5960] PMC3829176 PMID:24100035 doi:10.1074/jbc.M113.507129... OK (2274 KB) [pmc_pow]
  [2828/5960] PMC3829452 PMID:24036117 doi:10.1074/jbc.M113.515692... OK (2943 KB) [pmc_pow]
  [2829/5960] PMC3831468 PMID:24145455 doi:10.1073/pnas.1303760110... OK (1594 KB) [pmc_pow]
  [2830/5960] PMC3833997 PMID:19622784 doi:10.1152/ajpendo.00370.2009... FAIL [all_failed]
  [2831/5960] PMC383512 PMID:36611 doi:10.1073/pnas.76.4.1957... OK (1315 KB) [pmc_pow]
  [2832/5960] PMC383514 PMID:109836 doi:10.1073/pnas.76.4.1967... OK (1182 KB) [pmc_pow]
  [2833/5960] PMC3835270 PMID:24204043 doi:10.1167/iovs.13-13188... OK (749 KB) [pmc_pow]
  [2834/5960] PMC3835340 PMID:17512057 doi:10.1016/j.jneumeth.2007.03.022... OK (862 KB) [pmc_pow]
  [2835/5960] PMC3836503 PMID:17541740 doi:10.1007/s10549-007-9613-9... OK (971 KB) [pmc_pow]
  [2836/5960] PMC3836591 PMID:17911086 doi:10.1074/mcp.M700304-MCP200... OK (1975 KB) [pmc_pow]
  [2837/5960] PMC3837272 PMID:24282361 doi:10.3748/wjg.v19.i43.7726... OK (1394 KB) [pmc_pow]
  [2838/5960] PMC3837843 PMID:24080659 doi:10.1128/AAC.01206-13... OK (561 KB) [pmc_pow]
  [2839/5960] PMC3837848 PMID:24060870 doi:10.1128/AAC.01543-13... FAIL [all_failed]
  [2840/5960] PMC3838790 PMID:18416522 doi:10.1021/tx7004458... OK (743 KB) [pmc_pow]
  [2841/5960] PMC3839705 PMID:24191001 doi:10.1073/pnas.1319247110... OK (807 KB) [pmc_pow]
  [2842/5960] PMC384181 PMID:6308668 doi:10.1073/pnas.80.16.5027... OK (949 KB) [pmc_pow]
  [2843/5960] PMC3842456 PMID:20357106 doi:10.1523/JNEUROSCI.5865-09.2010... OK (1104 KB) [pmc_pow]
  [2844/5960] PMC384292 PMID:6225122 doi:10.1073/pnas.80.18.5535... OK (1340 KB) [pmc_pow]
  [2845/5960] PMC3843054 PMID:24133204 doi:10.1074/jbc.M113.514372... OK (1887 KB) [pmc_pow]
  [2846/5960] PMC384318 PMID:6577449 doi:10.1073/pnas.80.18.5660... OK (1084 KB) [pmc_pow]
  [2847/5960] PMC3843827 PMID:24225453 doi:10.1098/rspb.2013.2072... OK (488 KB) [pmc_pow]
  [2848/5960] PMC3845095 PMID:24218554 doi:10.1073/pnas.1303046110... FAIL [all_failed]
  [2849/5960] PMC384706 PMID:15024130 doi:10.1073/pnas.0306948101... OK (550 KB) [pmc_pow]
  [2850/5960] PMC384751 PMID:15070722 doi:10.1073/pnas.0306235101... OK (354 KB) [pmc_pow]
  [2851/5960] PMC38525 PMID:8790427 doi:10.1073/pnas.93.18.9893... OK (1482 KB) [pmc_pow]
  [2852/5960] PMC3854060 PMID:24013621 doi:10.1038/aja.2013.93... OK (1833 KB) [pmc_pow]
  [2853/5960] PMC3854989 PMID:24327963 doi:10.1016/j.molmet.2013.09.004... OK (640 KB) [pmc_pow]
  [2854/5960] PMC3855373 PMID:24078461 doi:10.1007/s12307-013-0136-0... OK (648 KB) [pmc_pow]
  [2855/5960] PMC3857942 PMID:23943793 doi:10.1093/hmg/ddt393... OK (2920 KB) [pmc_pow]
  [2856/5960] PMC3859425 PMID:24270420 doi:10.1172/JCI69000... OK (2970 KB) [pmc_pow]
  [2857/5960] PMC3861634 PMID:24158446 doi:10.1074/jbc.M113.503680... OK (1594 KB) [pmc_pow]
  [2858/5960] PMC3861652 PMID:24155240 doi:10.1074/jbc.M113.491324... FAIL [all_failed]
  [2859/5960] PMC3861700 PMID:24023390 doi:10.1074/mcp.M113.030114... OK (401 KB) [pmc_pow]
  [2860/5960] PMC3861715 PMID:24019145 doi:10.1074/mcp.M113.030692... OK (883 KB) [pmc_pow]
  [2861/5960] PMC3861725 PMID:24043426 doi:10.1074/mcp.M113.029595... OK (1130 KB) [pmc_pow]
  [2862/5960] PMC3861736 PMID:24045696 doi:10.1074/mcp.M113.029272... OK (1595 KB) [pmc_pow]
  [2863/5960] PMC3864459 PMID:22138546 doi:10.1177/1933719111419248... OK (515 KB) [pmc_pow]
  [2864/5960] PMC386486 PMID:3018722 doi:10.1073/pnas.83.17.6277... OK (1493 KB) [pmc_pow]
  [2865/5960] PMC386540 PMID:3462713 doi:10.1073/pnas.83.17.6543... OK (1282 KB) [pmc_pow]
  [2866/5960] PMC3866487 PMID:24381286 doi:10.1523/JNEUROSCI.2507-13.2014... OK (4055 KB) [pmc_pow]
  [2867/5960] PMC38665 PMID:8710865 doi:10.1073/pnas.93.16.8300... OK (2052 KB) [pmc_pow]
  [2868/5960] PMC3866502 PMID:23516302 doi:10.1523/JNEUROSCI.2641-12.2013... OK (2083 KB) [pmc_pow]
  [2869/5960] PMC3868739 PMID:24196960 doi:10.1074/jbc.M113.509935... OK (3726 KB) [pmc_pow]
  [2870/5960] PMC3868834 PMID:24081905 doi:10.1096/fj.13-235382... FAIL [all_failed]
  [2871/5960] PMC3869355 PMID:24009312 doi:10.1093/hmg/ddt427... OK (1084 KB) [pmc_pow]
  [2872/5960] PMC386988 PMID:16578796 doi:10.1073/pnas.83.22.8649... OK (1095 KB) [pmc_pow]
  [2873/5960] PMC3870539 PMID:24379611 doi:10.3748/wjg.v19.i47.8880... OK (1092 KB) [pmc_pow]
  [2874/5960] PMC387062 PMID:3466173 doi:10.1073/pnas.83.23.9001... OK (1355 KB) [pmc_pow]
  [2875/5960] PMC3870662 PMID:24297923 doi:10.1073/pnas.1309820110... FAIL [all_failed]
  [2876/5960] PMC3871244 PMID:24316975 doi:10.1172/JCI71180... OK (2479 KB) [pmc_pow]
  [2877/5960] PMC3871309 PMID:24335981 doi:10.1098/rspb.2013.2167... OK (1669 KB) [pmc_pow]
  [2878/5960] PMC387190 PMID:2432597 doi:10.1073/pnas.83.24.9611... OK (1151 KB) [pmc_pow]
  [2879/5960] PMC387214 PMID:3467335 doi:10.1073/pnas.83.24.9729... OK (1365 KB) [pmc_pow]
  [2880/5960] PMC3873806 PMID:24152995 doi:10.1369/0022155413508409... OK (2218 KB) [pmc_pow]
  [2881/5960] PMC3873824 PMID:18418047 doi:10.4161/cc.7.9.5756... OK (2748 KB) [pmc_pow]
  [2882/5960] PMC387870 PMID:15102767 doi:10.1128/IAI.72.5.2590-2597.2004... OK (758 KB) [pmc_pow]
  [2883/5960] PMC3879559 PMID:24235139 doi:10.1074/jbc.M113.506733... OK (3935 KB) [pmc_pow]
  [2884/5960] PMC3879571 PMID:24220031 doi:10.1074/jbc.M113.493270... OK (8149 KB) [pmc_pow]
  [2885/5960] PMC3880110 PMID:23883111 doi:10.1089/neu.2013.2855... FAIL [all_failed]
  [2886/5960] PMC3880585 PMID:24247928 doi:10.1038/mt.2013.230... OK (1280 KB) [pmc_pow]
  [2887/5960] PMC3882398 PMID:24409052 doi:10.3748/wjg.v19.i48.9240... OK (1526 KB) [pmc_pow]
  [2888/5960] PMC388317 PMID:4134759 doi:10.1073/pnas.71.5.1753... OK (1345 KB) [pmc_pow]
  [2889/5960] PMC3883170 PMID:23990566 doi:10.1093/infdis/jit464... OK (1440 KB) [pmc_pow]
  [2890/5960] PMC388335 PMID:4365762 doi:10.1073/pnas.71.5.1828... OK (1003 KB) [pmc_pow]
  [2891/5960] PMC388394 PMID:4525474 doi:10.1073/pnas.71.5.2098... OK (940 KB) [pmc_pow]
  [2892/5960] PMC388554 PMID:4212385 doi:10.1073/pnas.71.7.2777... OK (1028 KB) [pmc_pow]
  [2893/5960] PMC3886179 PMID:24475422 doi:10.5812/nephropathol.9093... OK (679 KB) [pmc_pow]
  [2894/5960] PMC3886542 PMID:23397442 doi:10.1007/s10616-013-9534-x... FAIL [all_failed]
  [2895/5960] PMC3887202 PMID:24280213 doi:10.1074/jbc.M113.534172... OK (3107 KB) [pmc_pow]
  [2896/5960] PMC3887457 PMID:23641861 doi:10.1089/ars.2012.5051... OK (1790 KB) [pmc_pow]
  [2897/5960] PMC3887459 PMID:24053613 doi:10.1089/ars.2012.4918... OK (1303 KB) [pmc_pow]
  [2898/5960] PMC3887465 PMID:23845067 doi:10.1089/ars.2012.4953... OK (1460 KB) [pmc_pow]
  [2899/5960] PMC388749 PMID:1060130 doi:10.1073/pnas.72.11.4496... OK (1370 KB) [pmc_pow]
  [2900/5960] PMC3887718 PMID:22358509 doi:10.1007/s10059-012-2284-3... OK (277 KB) [pmc_pow]
  [2901/5960] PMC3887732 PMID:22526391 doi:10.1007/s10059-012-0022-5... OK (767 KB) [pmc_pow]
  [2902/5960] PMC3887880 PMID:23677377 doi:10.1007/s10059-013-2343-4... OK (6388 KB) [pmc_pow]
  [2903/5960] PMC3887981 PMID:24008365 doi:10.1007/s10059-013-0050-9... OK (28304 KB) [pmc_pow]
  [2904/5960] PMC3888257 PMID:24101601 doi:10.1093/hmg/ddt450... OK (1012 KB) [pmc_pow]
  [2905/5960] PMC3889556 PMID:24126054 doi:10.1128/MCB.01041-13... OK (930 KB) [pmc_pow]
  [2906/5960] PMC3890765 PMID:24202052 doi:10.1038/eye.2013.239... OK (907 KB) [pmc_pow]
  [2907/5960] PMC3890954 PMID:24162659 doi:10.1038/cdd.2013.153... OK (1550 KB) [pmc_pow]
  [2908/5960] PMC389156 PMID:5288368 doi:10.1073/pnas.68.6.1212... OK (1310 KB) [pmc_pow]
  [2909/5960] PMC3892410 PMID:24128311 doi:10.1111/cei.12224... FAIL [all_failed]
  [2910/5960] PMC389415 PMID:5289867 doi:10.1073/pnas.68.10.2332... OK (718 KB) [pmc_pow]
  [2911/5960] PMC3894710 PMID:23879400 doi:10.1089/ars.2013.5373... OK (785 KB) [pmc_pow]
  [2912/5960] PMC3895641 PMID:23756438 doi:10.1038/ejhg.2013.122... FAIL [all_failed]
  [2913/5960] PMC38970 PMID:8692979 doi:10.1073/pnas.93.14.7258... OK (1531 KB) [pmc_pow]
  [2914/5960] PMC3900111 PMID:24129406 doi:10.1093/hmg/ddt500... OK (1347 KB) [pmc_pow]
  [2915/5960] PMC3900989 PMID:24318879 doi:10.1074/jbc.M113.450163... OK (2729 KB) [pmc_pow]
  [2916/5960] PMC3903233 PMID:24395786 doi:10.1073/pnas.1317400111... OK (835 KB) [pmc_pow]
  [2917/5960] PMC3903990 PMID:24368787 doi:10.1105/tpc.113.119370... OK (1026 KB) [pmc_pow_generic]
  [2918/5960] PMC39045 PMID:8692837 doi:10.1073/pnas.93.13.6458... OK (2471 KB) [pmc_pow]
  [2919/5960] PMC390471 PMID:3895227 doi:10.1073/pnas.82.15.4930... OK (951 KB) [pmc_pow]
  [2920/5960] PMC3909035 PMID:23518583 doi:10.4161/psb.24274... OK (1183 KB) [pmc_pow]
  [2921/5960] PMC3911282 PMID:24190966 doi:10.1128/MCB.00839-13... OK (2118 KB) [pmc_pow]
  [2922/5960] PMC391133 PMID:2989828 doi:10.1073/pnas.82.13.4517... OK (1089 KB) [pmc_pow]
  [2923/5960] PMC3911566 PMID:24335306 doi:10.1128/JVI.03024-13... OK (1745 KB) [pmc_pow]
  [2924/5960] PMC3913808 PMID:24276464 doi:10.1210/jc.2013-3042... FAIL [all_failed]
  [2925/5960] PMC3916279 PMID:24516756 doi:10.12816/0003338... OK (1473 KB) [pmc_pow]
  [2926/5960] PMC3916573 PMID:24362107 doi:10.1074/jbc.M113.526210... OK (4066 KB) [pmc_pow]
  [2927/5960] PMC3916749 PMID:23975679 doi:10.1093/hmg/ddt412... OK (1800 KB) [pmc_pow]
  [2928/5960] PMC3916879 PMID:24352880 doi:10.1182/blood-2013-04-499079... FAIL [all_failed]
  [2929/5960] PMC3917723 PMID:24648961 doi:10.3892/br.2013.79... OK (681 KB) [pmc_pow]
  [2930/5960] PMC3917731 PMID:24648943 doi:10.3892/br.2013.61... OK (565 KB) [pmc_pow]
  [2931/5960] PMC3918255 PMID:23564282 doi:10.1007/s10616-013-9559-1... OK (903 KB) [pmc_pow]
  [2932/5960] PMC3918265 PMID:24065619 doi:10.1007/s10616-013-9565-3... OK (9484 KB) [pmc_pow]
  [2933/5960] PMC3919008 PMID:24122441 doi:10.1093/hmg/ddt510... FAIL [all_failed]
  [2934/5960] PMC3920013 PMID:24326419 doi:10.1152/ajpendo.00431.2013... FAIL [all_failed]
  [2935/5960] PMC392156 PMID:6095294 doi:10.1073/pnas.81.23.7412... OK (1145 KB) [pmc_pow]
  [2936/5960] PMC3921589 PMID:24185622 doi:10.1038/cdd.2013.155... OK (3039 KB) [pmc_pow]
  [2937/5960] PMC3924279 PMID:24368766 doi:10.1074/jbc.M113.525949... OK (1155 KB) [pmc_pow]
  [2938/5960] PMC3924293 PMID:24403080 doi:10.1074/jbc.M113.542050... OK (560 KB) [pmc_pow]
  [2939/5960] PMC3924305 PMID:24356970 doi:10.1074/jbc.M113.533885... OK (2932 KB) [pmc_pow]
  [2940/5960] PMC3925276 PMID:23838601 doi:10.1038/ejhg.2013.148... OK (288 KB) [pmc_pow]
  [2941/5960] PMC3926038 PMID:24469802 doi:10.1073/pnas.1318934111... OK (1392 KB) [pmc_pow]
  [2942/5960] PMC3926886 PMID:23917726 doi:10.4161/cbt.25937... OK (3621 KB) [pmc_pow]
  [2943/5960] PMC39270 PMID:8643599 doi:10.1073/pnas.93.11.5472... OK (2150 KB) [pmc_pow]
  [2944/5960] PMC3928664 PMID:24507776 doi:10.1016/j.ajhg.2014.01.007... OK (2900 KB) [pmc_pow]
  [2945/5960] PMC392888 PMID:80800 doi:10.1073/pnas.75.8.3863... OK (1764 KB) [pmc_pow]
  [2946/5960] PMC3929114 PMID:24382882 doi:10.1152/physrev.00017.2013... FAIL [all_failed]
  [2947/5960] PMC3931115 PMID:23885834 doi:10.1165/rcmb.2013-0053OC... OK (1672 KB) [pmc_pow]
  [2948/5960] PMC3931586 PMID:24600487 no DOI... OK (1440 KB) [pmc_pow]
  [2949/5960] PMC3933089 PMID:17125599 doi:10.1111/j.1582-4934.2006.tb00539.x... OK (6164 KB) [pmc_pow]
  [2950/5960] PMC3933115 PMID:16563235 doi:10.1111/j.1582-4934.2006.tb00304.x... OK (248 KB) [pmc_pow]
  [2951/5960] PMC3933117 PMID:16563237 doi:10.1111/j.1582-4934.2006.tb00306.x... OK (18181 KB) [pmc_pow]
  [2952/5960] PMC3933132 PMID:16796810 doi:10.1111/j.1582-4934.2006.tb00410.x... OK (4543 KB) [pmc_pow]
  [2953/5960] PMC3933578 PMID:24442753 doi:10.1208/s12248-013-9559-2... OK (689 KB) [pmc_pow]
  [2954/5960] PMC3933962 PMID:21448585 doi:10.1007/s10059-011-0041-7... FAIL [all_failed]
  [2955/5960] PMC3934742 PMID:24334219 doi:10.1194/jlr.D044727... OK (1626 KB) [pmc_pow]
  [2956/5960] PMC3937665 PMID:24398692 doi:10.1074/jbc.M113.526418... OK (3646 KB) [pmc_pow]
  [2957/5960] PMC3937682 PMID:24429287 doi:10.1074/jbc.M113.515130... OK (1704 KB) [pmc_pow]
  [2958/5960] PMC3938628 PMID:24424325 doi:10.1104/pp.113.230383... OK (823 KB) [pmc_pow]
  [2959/5960] PMC3940184 PMID:25755470 doi:10.1016/j.jceh.2012.12.001... OK (679 KB) [pmc_pow]
  [2960/5960] PMC394243 PMID:15057273 doi:10.1038/sj.emboj.7600189... OK (708 KB) [pmc_pow]
  [2961/5960] PMC3942694 PMID:23641945 doi:10.1089/ars.2013.5293... OK (576 KB) [pmc_pow]
  [2962/5960] PMC3943092 PMID:24419633 doi:10.1107/S2053230X13033955... OK (165 KB) [pmc_pow]
  [2963/5960] PMC3943107 PMID:24419621 doi:10.1107/S2053230X1303241X... OK (212 KB) [pmc_pow]
  [2964/5960] PMC394504 PMID:7556062 doi:10.1002/j.1460-2075.1995.tb00095.x... OK (2442 KB) [crossref]
  [2965/5960] PMC394521 PMID:7556078 doi:10.1002/j.1460-2075.1995.tb00111.x... OK (2076 KB) [pmc_pow]
  [2966/5960] PMC3949212 PMID:24408999 doi:10.1152/japplphysiol.01100.2013... FAIL [all_failed]
  [2967/5960] PMC3949456 PMID:24634861 doi:10.3980/j.issn.2222-3959.2014.01.07... OK (1605 KB) [pmc_pow]
  [2968/5960] PMC3951641 PMID:23963694 doi:10.1007/s13181-013-0325-8... OK (406 KB) [pmc_pow]
  [2969/5960] PMC3951936 PMID:24607387 doi:10.1016/j.ajhg.2014.02.003... OK (9919 KB) [pmc_pow]
  [2970/5960] PMC3951940 PMID:24560518 doi:10.1016/j.ajhg.2014.01.015... OK (1821 KB) [pmc_pow]
  [2971/5960] PMC3953706 PMID:24634817 doi:10.1016/j.molmet.2013.11.005... OK (4764 KB) [pmc_pow]
  [2972/5960] PMC3954124 PMID:24163128 doi:10.1093/hmg/ddt515... OK (867 KB) [pmc_pow]
  [2973/5960] PMC39542 PMID:8633071 doi:10.1073/pnas.93.9.4360... OK (989 KB) [pmc_pow]
  [2974/5960] PMC3956149 PMID:24556985 doi:10.1073/pnas.1400705111... OK (986 KB) [pmc_pow]
  [2975/5960] PMC3957236 PMID:24653548 no DOI... OK (649 KB) [pmc_pow]
  [2976/5960] PMC3957534 PMID:17625226 doi:10.1369/jhc.7A7273.2007... FAIL [all_failed]
  [2977/5960] PMC3957605 PMID:24389926 doi:10.1128/AEM.03281-13... OK (1277 KB) [pmc_pow]
  [2978/5960] PMC3957936 PMID:24403586 doi:10.1128/JVI.03286-13... OK (2012 KB) [pmc_pow]
  [2979/5960] PMC3958086 PMID:24371054 doi:10.1128/JVI.03129-13... OK (1340 KB) [pmc_pow]
  [2980/5960] PMC3958119 PMID:16957167 doi:10.1369/jhc.6A6967.2006... OK (485 KB) [pmc_pow]
  [2981/5960] PMC3958155 PMID:24345202 doi:10.1111/cei.12256... OK (348 KB) [pmc_pow]
  [2982/5960] PMC395903 PMID:15073332 doi:10.1073/pnas.0308191101... OK (369 KB) [pmc_pow]
  [2983/5960] PMC3959814 PMID:24271013 doi:10.1093/hmg/ddt596... OK (3019 KB) [pmc_pow]
  [2984/5960] PMC3961091 PMID:24396061 doi:10.1113/jphysiol.2013.267336... OK (450 KB) [pmc_pow]
  [2985/5960] PMC3961646 PMID:24469450 doi:10.1074/jbc.M113.504159... OK (2842 KB) [pmc_pow]
  [2986/5960] PMC3961660 PMID:24519941 doi:10.1074/jbc.M113.507152... OK (2942 KB) [pmc_pow]
  [2987/5960] PMC3962604 PMID:24500690 doi:10.1152/ajprenal.00643.2013... FAIL [all_failed]
  [2988/5960] PMC3963016 PMID:24398293 doi:10.1096/fj.13-236331... FAIL [all_failed]
  [2989/5960] PMC3966698 PMID:24395925 doi:10.1194/jlr.M043448... OK (733 KB) [pmc_pow]
  [2990/5960] PMC3966701 PMID:24565757 doi:10.1194/jlr.M043851... OK (1967 KB) [pmc_pow]
  [2991/5960] PMC3967602 PMID:23695831 doi:10.1007/s10616-013-9554-6... OK (101 KB) [pmc_pow]
  [2992/5960] PMC3967655 PMID:24473084 doi:10.1093/abbs/gmt155... OK (762 KB) [pmc_pow]
  [2993/5960] PMC3968823 PMID:23873965 doi:10.1093/gerona/glt107... OK (335 KB) [pmc_pow]
  [2994/5960] PMC3969622 PMID:24688157 doi:10.1016/S0011-393X(10)80004-9... OK (421 KB) [pmc_pow]
  [2995/5960] PMC3969907 PMID:24692810 doi:10.1016/j.curtheres.2008.07.001... OK (1303 KB) [pmc_pow]
  [2996/5960] PMC397036 PMID:2982153 doi:10.1073/pnas.82.2.351... OK (1121 KB) [pmc_pow]
  [2997/5960] PMC3970494 PMID:24623855 doi:10.1073/pnas.1319738111... OK (1458 KB) [pmc_pow]
  [2998/5960] PMC3970564 PMID:24300235 doi:10.3791/50818... OK (445 KB) [pmc_pow]
  [2999/5960] PMC3971298 PMID:24695490 no DOI... OK (1256 KB) [pmc_pow]
  [3000/5960] PMC3971321 PMID:24696732 no DOI... OK (789 KB) [pmc_pow]
  [3001/5960] PMC3971485 PMID:23360234 doi:10.1089/scd.2012.0658... FAIL [all_failed]
  [3002/5960] PMC3973111 PMID:24614109 doi:10.1172/JCI73787... OK (2097 KB) [pmc_pow]
  [3003/5960] PMC397442 PMID:3856868 doi:10.1073/pnas.82.7.1906... OK (1083 KB) [pmc_pow]
  [3004/5960] PMC3974832 PMID:24351423 doi:10.4161/cbt.27309... OK (2764 KB) [pmc_pow]
  [3005/5960] PMC3975038 PMID:24497629 doi:10.1074/jbc.M113.525659... OK (4353 KB) [pmc_pow]
  [3006/5960] PMC397624 PMID:3857608 doi:10.1073/pnas.82.9.2660... OK (1296 KB) [pmc_pow]
  [3007/5960] PMC3976331 PMID:24334609 doi:10.1093/hmg/ddt624... OK (782 KB) [pmc_pow]
  [3008/5960] PMC397673 PMID:2986144 doi:10.1073/pnas.82.9.2895... FAIL [all_failed]
  [3009/5960] PMC3977136 PMID:24357508 doi:10.1093/eurheartj/eht544... OK (477 KB) [pmc_pow]
  [3010/5960] PMC3977215 PMID:24623132 doi:10.4049/jimmunol.1103516... OK (1480 KB) [pmc_pow]
  [3011/5960] PMC3977255 PMID:24639531 doi:10.1073/pnas.1314972111... OK (1068 KB) [pmc_pow]
  [3012/5960] PMC3977275 PMID:24639505 doi:10.1073/pnas.1320412111... FAIL [all_failed]
  [3013/5960] PMC397771 PMID:2987921 doi:10.1073/pnas.82.10.3340... OK (1488 KB) [pmc_pow]
  [3014/5960] PMC3978306 PMID:24464226 doi:10.1038/cdd.2013.203... OK (1812 KB) [pmc_pow]
  [3015/5960] PMC3978308 PMID:24583639 doi:10.1038/cdd.2014.24... OK (1974 KB) [pmc_pow]
  [3016/5960] PMC397869 PMID:2987944 doi:10.1073/pnas.82.11.3771... OK (1199 KB) [pmc_pow]
  [3017/5960] PMC3979419 PMID:24523405 doi:10.1074/jbc.M113.522342... OK (2701 KB) [pmc_pow]
  [3018/5960] PMC3980854 PMID:16382172 doi:10.1385/ct:5:4:345... OK (108 KB) [pmc_pow]
  [3019/5960] PMC398112 PMID:7859743 doi:10.1002/j.1460-2075.1995.tb07030.x... OK (1980 KB) [pmc_pow]
  [3020/5960] PMC3982031 PMID:24078384 doi:10.1007/s12192-013-0466-3... OK (3364 KB) [pmc_pow]
  [3021/5960] PMC3983951 PMID:16781454 doi:10.1016/j.freeradbiomed.2006.03.002... FAIL [all_failed]
  [3022/5960] PMC3983955 PMID:17549417 no DOI... OK (898 KB) [pmc_pow]
  [3023/5960] PMC3984548 PMID:24366912 doi:10.1093/neuonc/not243... OK (1058 KB) [pmc_pow]
  [3024/5960] PMC3989653 PMID:24514027 doi:10.1002/embj.201386523... OK (2090 KB) [crossref]
  [3025/5960] PMC3989805 PMID:24623800 doi:10.1124/jpet.113.212019... OK (1974 KB) [pmc_pow]
  [3026/5960] PMC3993019 PMID:24251413 doi:10.1089/ars.2013.5737... OK (364 KB) [pmc_pow]
  [3027/5960] PMC3993723 PMID:24501408 doi:10.1128/JVI.03134-13... OK (1696 KB) [pmc_pow]
  [3028/5960] PMC3997275 PMID:24428821 doi:10.1111/bph.12585... OK (1188 KB) [pmc_pow]
  [3029/5960] PMC3997282 PMID:24471788 doi:10.1111/bph.12611... OK (2647 KB) [pmc_pow_generic]
  [3030/5960] PMC3999381 PMID:24591154 doi:10.1093/toxsci/kfu034... OK (2293 KB) [pmc_pow]
  [3031/5960] PMC3999724 PMID:24727567 doi:10.1093/brain/awu068... OK (1140 KB) [pmc_pow]
  [3032/5960] PMC4000092 PMID:24521670 doi:10.1002/embj.201386392... OK (3075 KB) [pmc_pow]
  [3033/5960] PMC4000095 PMID:24562907 doi:10.1128/EC.00017-14... OK (2230 KB) [pmc_pow]
  [3034/5960] PMC4001558 PMID:24743151 doi:10.1172/JCI74668... OK (1861 KB) [openalex]
  [3035/5960] PMC4001758 PMID:24514907 doi:10.1113/jphysiol.2013.270256... OK (762 KB) [pmc_pow]
  [3036/5960] PMC4002400 PMID:19262558 doi:10.1038/aps.2009.3... OK (1581 KB) [pmc_pow]
  [3037/5960] PMC4002547 PMID:19254477 doi:10.1038/cmi.2009.4... OK (2667 KB) [pmc_pow]
  [3038/5960] PMC4002608 PMID:23645009 doi:10.1038/aps.2013.19... OK (13824 KB) [pmc_pow]
  [3039/5960] PMC4003024 PMID:23708552 doi:10.1038/aps.2013.44... OK (4128 KB) [pmc_pow]
  [3040/5960] PMC4003158 PMID:23811723 doi:10.1038/aps.2013.58... OK (10084 KB) [pmc_pow]
  [3041/5960] PMC4003163 PMID:23892275 doi:10.1038/aps.2013.68... OK (3192 KB) [pmc_pow]
  [3042/5960] PMC4003311 PMID:21132000 doi:10.1038/aps.2010.173... OK (4040 KB) [pmc_pow]
  [3043/5960] PMC4003318 PMID:21151158 doi:10.1038/aps.2010.185... OK (1447 KB) [pmc_pow]
  [3044/5960] PMC4004206 PMID:24442641 doi:10.1093/carcin/bgu012... OK (753 KB) [pmc_pow]
  [3045/5960] PMC4005487 PMID:24635018 doi:10.1089/ars.2013.5204... OK (615 KB) [pmc_pow]
  [3046/5960] PMC400579 PMID:15105115 doi:10.1128/AAC.48.5.1640-1646.2004... OK (183 KB) [pmc_pow]
  [3047/5960] PMC4007108 PMID:24496640 doi:10.1093/toxsci/kfu018... OK (3358 KB) [pmc_pow]
  [3048/5960] PMC4007612 PMID:24677541 doi:10.1182/blood-2013-09-529420... FAIL [all_failed]
  [3049/5960] PMC40077 PMID:8577761 doi:10.1073/pnas.93.3.1314... OK (3597 KB) [pmc_pow]
  [3050/5960] PMC4007726 PMID:20581850 doi:10.1038/aps.2010.76... OK (546 KB) [pmc_pow]
  [3051/5960] PMC4010075 PMID:21892202 doi:10.1038/aps.2011.92... OK (3476 KB) [pmc_pow]
  [3052/5960] PMC401029 PMID:2527746 doi:10.1002/j.1460-2075.1989.tb03577.x... OK (961 KB) [pmc_pow]
  [3053/5960] PMC4010342 PMID:22301863 doi:10.1038/aps.2011.158... OK (2674 KB) [pmc_pow]
  [3054/5960] PMC4010358 PMID:22447225 doi:10.1038/aps.2012.3... FAIL [all_failed]
  [3055/5960] PMC4010712 PMID:24606093 doi:10.1210/jc.2013-4021... FAIL [all_failed]
  [3056/5960] PMC4010806 PMID:24598360 doi:10.1152/ajpcell.00002.2014... FAIL [all_failed]
  [3057/5960] PMC4010999 PMID:24563037 doi:10.1128/JB.00005-14... OK (733 KB) [pmc_pow]
  [3058/5960] PMC4013165 PMID:24553119 doi:10.4161/cc.28010... OK (2018 KB) [pmc_pow]
  [3059/5960] PMC4013761 PMID:24517980 doi:10.1038/jcbfm.2014.22... OK (697 KB) [pmc_pow]
  [3060/5960] PMC4014192 PMID:24403053 doi:10.1093/hmg/ddu003... OK (1083 KB) [pmc_pow]
  [3061/5960] PMC4015233 PMID:24448160 doi:10.1038/mt.2014.6... OK (1003 KB) [pmc_pow]
  [3062/5960] PMC4020419 PMID:9973403 no DOI... OK (2151 KB) [pmc_pow]
  [3063/5960] PMC4022851 PMID:24692541 doi:10.1074/jbc.M114.549634... OK (1620 KB) [pmc_pow]
  [3064/5960] PMC4022873 PMID:24706755 doi:10.1074/jbc.M114.563528... OK (3209 KB) [pmc_pow]
  [3065/5960] PMC4023825 PMID:24344204 doi:10.1128/MCB.01551-13... FAIL [all_failed]
  [3066/5960] PMC4026213 PMID:24094038 doi:10.1089/ars.2012.4869... OK (2045 KB) [pmc_pow]
  [3067/5960] PMC4027489 PMID:24900628 doi:10.1021/ml400300q... OK (1117 KB) [pmc_pow]
  [3068/5960] PMC4028332 PMID:23787782 doi:10.4161/auto.24135... OK (1446 KB) [pmc_pow]
  [3069/5960] PMC4028340 PMID:24165322 doi:10.4161/auto.26168... OK (832 KB) [pmc_pow]
  [3070/5960] PMC4031501 PMID:24706763 doi:10.1074/jbc.M113.515023... OK (1135 KB) [pmc_pow]
  [3071/5960] PMC4031502 PMID:24719325 doi:10.1074/jbc.M114.548156... OK (3463 KB) [pmc_pow]
  [3072/5960] PMC4032397 PMID:24926387 doi:10.1063/1.4876639... OK (1098 KB) [pmc_pow]
  [3073/5960] PMC4032517 PMID:24864311 doi:10.1098/rstb.2013.0440... OK (293 KB) [pmc_pow]
  [3074/5960] PMC4032519 PMID:24864313 doi:10.1098/rstb.2013.0443... OK (347 KB) [pmc_pow]
  [3075/5960] PMC4032523 PMID:24864317 doi:10.1098/rstb.2013.0451... OK (279 KB) [pmc_pow_generic]
  [3076/5960] PMC4033377 PMID:24511141 doi:10.1681/ASN.2013080836... OK (2572 KB) [pmc_pow]
  [3077/5960] PMC4034140 PMID:15356113 doi:10.4049/jimmunol.173.6.3676... OK (2923 KB) [pmc_pow]
  [3078/5960] PMC4035983 PMID:24733926 doi:10.1073/pnas.1400102111... OK (1223 KB) [pmc_pow]
  [3079/5960] PMC4035994 PMID:24753608 doi:10.1073/pnas.1308939110... OK (757 KB) [pmc_pow]
  [3080/5960] PMC4036158 PMID:24500710 doi:10.1074/jbc.M114.555177... OK (3172 KB) [pmc_pow]
  [3081/5960] PMC4036159 PMID:24573684 doi:10.1074/jbc.M113.526665... FAIL [all_failed]
  [3082/5960] PMC4036193 PMID:24515116 doi:10.1074/jbc.M113.515940... OK (3598 KB) [pmc_pow]
  [3083/5960] PMC4036341 PMID:24692550 doi:10.1074/jbc.M113.528968... OK (2279 KB) [pmc_pow]
  [3084/5960] PMC4036342 PMID:24675076 doi:10.1074/jbc.M113.521666... OK (4337 KB) [pmc_pow]
  [3085/5960] PMC4036346 PMID:24652292 doi:10.1074/jbc.M114.547448... OK (2821 KB) [pmc_pow]
  [3086/5960] PMC4036348 PMID:24668813 doi:10.1074/jbc.M113.524173... OK (3052 KB) [pmc_pow]
  [3087/5960] PMC4036448 PMID:24591516 doi:10.1074/jbc.M113.540260... OK (3027 KB) [pmc_pow]
  [3088/5960] PMC4040592 PMID:24821780 doi:10.1073/pnas.1403813111... FAIL [all_failed]
  [3089/5960] PMC4040624 PMID:24821782 doi:10.1073/pnas.1400139111... OK (1441 KB) [pmc_pow]
  [3090/5960] PMC4040894 PMID:24881043 doi:10.3324/haematol.2013.091991... OK (814 KB) [pmc_pow]
  [3091/5960] PMC404096 PMID:15100416 doi:10.1073/pnas.0305502101... OK (608 KB) [pmc_pow]
  [3092/5960] PMC404120 PMID:15096609 doi:10.1073/pnas.0401604101... OK (364 KB) [pmc_pow]
  [3093/5960] PMC4042102 PMID:24598802 doi:10.1152/ajprenal.00608.2013... FAIL [all_failed]
  [3094/5960] PMC4043180 PMID:18492772 doi:10.1152/ajpendo.00581.2007... FAIL [all_failed]
  [3095/5960] PMC4047465 PMID:24643968 doi:10.1074/mcp.M113.034322... OK (3341 KB) [pmc_pow]
  [3096/5960] PMC4048575 PMID:24483238 doi:10.1089/ars.2014.5837... OK (2110 KB) [pmc_pow]
  [3097/5960] PMC4049305 PMID:24501276 doi:10.1093/hmg/ddu054... OK (1195 KB) [pmc_pow]
  [3098/5960] PMC4049308 PMID:24584571 doi:10.1093/hmg/ddu065... OK (557 KB) [pmc_pow]
  [3099/5960] PMC4049311 PMID:24549041 doi:10.1093/hmg/ddu069... OK (769 KB) [pmc_pow]
  [3100/5960] PMC4049788 PMID:24618813 doi:10.4161/cbt.28409... OK (3454 KB) [pmc_pow]
  [3101/5960] PMC4050367 PMID:22859372 doi:10.1096/fj.12-215798... FAIL [all_failed]
  [3102/5960] PMC4051522 PMID:24915078 doi:10.1107/S2053230X14009480... OK (737 KB) [pmc_pow]
  [3103/5960] PMC4055200 PMID:24611611 doi:10.1111/bph.12650... OK (1463 KB) [pmc_pow]
  [3104/5960] PMC4059105 PMID:24798336 doi:10.1074/jbc.R114.563148... OK (2411 KB) [pmc_pow]
  [3105/5960] PMC4059142 PMID:24808185 doi:10.1074/jbc.M114.554790... OK (3220 KB) [pmc_pow]
  [3106/5960] PMC4059159 PMID:24784139 doi:10.1074/jbc.M114.550806... OK (1948 KB) [pmc_pow]
  [3107/5960] PMC4059368 PMID:18052188 doi:10.1021/bp070120b... OK (1078 KB) [pmc_pow]
  [3108/5960] PMC4059985 PMID:24760988 doi:10.1152/ajpendo.00656.2013... FAIL [all_failed]
  [3109/5960] PMC4061418 PMID:24955007 doi:10.1016/j.sjbs.2014.03.003... OK (5106 KB) [pmc_pow]
  [3110/5960] PMC40638 PMID:7479827 doi:10.1073/pnas.92.23.10496... OK (1460 KB) [pmc_pow]
  [3111/5960] PMC4064376 PMID:24790014 doi:10.1152/japplphysiol.01362.2013... FAIL [all_failed]
  [3112/5960] PMC4064688 PMID:24867579 doi:10.1167/iovs.13-13407... FAIL [all_failed]
  [3113/5960] PMC4065148 PMID:24556215 doi:10.1093/hmg/ddu080... OK (1334 KB) [pmc_pow]
  [3114/5960] PMC4065919 PMID:17352013 doi:10.3748/wjg.v13.i6.851... OK (1153 KB) [pmc_pow]
  [3115/5960] PMC4066498 PMID:24889638 doi:10.1073/pnas.1400514111... OK (1171 KB) [pmc_pow]
  [3116/5960] PMC4067553 PMID:24726474 doi:10.1016/j.ajhg.2014.03.014... OK (1073 KB) [pmc_pow]
  [3117/5960] PMC4069925 PMID:24966935 no DOI... OK (1355 KB) [pmc_pow]
  [3118/5960] PMC4071386 PMID:24865431 doi:10.1172/JCI75157... OK (1993 KB) [pmc_pow]
  [3119/5960] PMC4071401 PMID:24865426 doi:10.1172/JCI70982... OK (6380 KB) [pmc_pow]
  [3120/5960] PMC4073978 PMID:24014679 doi:10.1152/ajpheart.00007.2013... FAIL [all_failed]
  [3121/5960] PMC4075157 PMID:24850413 doi:10.1210/me.2014-1028... FAIL [all_failed]
  [3122/5960] PMC4075736 PMID:24335836 doi:10.1038/aps.2013.162... OK (6144 KB) [pmc_pow]
  [3123/5960] PMC4076365 PMID:23863407 doi:10.1095/biolreprod.113.109058... OK (507 KB) [pmc_pow]
  [3124/5960] PMC4076992 PMID:24702237 doi:10.1089/ars.2014.5851... OK (828 KB) [pmc_pow]
  [3125/5960] PMC4077487 PMID:16440412 doi:10.3748/wjg.v12.i1.21... OK (811 KB) [pmc_pow]
  [3126/5960] PMC407812 PMID:15096574 doi:10.1093/nar/gkh525... OK (401 KB) [pmc_pow]
  [3127/5960] PMC407814 PMID:15087485 doi:10.1093/nar/gkh528... OK (423 KB) [pmc_pow]
  [3128/5960] PMC407819 PMID:15107486 doi:10.1093/nar/gkh533... OK (392 KB) [pmc_pow]
  [3129/5960] PMC407822 PMID:15096576 doi:10.1093/nar/gkh539... OK (318 KB) [pmc_pow]
  [3130/5960] PMC4078644 PMID:14607919 doi:10.4049/jimmunol.171.10.5188... OK (4348 KB) [pmc_pow]
  [3131/5960] PMC4080157 PMID:24808540 doi:10.1152/ajprenal.00134.2014... FAIL [all_failed]
  [3132/5960] PMC4080161 PMID:24763554 doi:10.1152/ajpgi.00335.2013... FAIL [all_failed]
  [3133/5960] PMC4080178 PMID:24778174 doi:10.1152/ajpheart.00845.2013... FAIL [all_failed]
  [3134/5960] PMC4080973 PMID:24571452 doi:10.1111/bph.12659... OK (1992 KB) [pmc_pow]
  [3135/5960] PMC4081636 PMID:24752504 doi:10.1093/toxsci/kfu073... OK (1917 KB) [pmc_pow]
  [3136/5960] PMC4084661 PMID:21396252 doi:10.1179/136485911X12899838683241... OK (238 KB) [pmc_pow]
  [3137/5960] PMC408551 PMID:10510329 doi:10.1172/JCI6671... OK (297 KB) [pmc_pow]
  [3138/5960] PMC4086305 PMID:11590433 doi:10.1038/nm1001-1111... OK (947 KB) [pmc_pow]
  [3139/5960] PMC4086386 PMID:24747163 doi:10.1038/aps.2014.17... OK (6842 KB) [pmc_pow]
  [3140/5960] PMC4086511 PMID:23991914 doi:10.1089/ars.2013.5248... OK (1089 KB) [pmc_pow]
  [3141/5960] PMC4087574 PMID:16773715 doi:10.3748/wjg.v12.i22.3581... OK (748 KB) [pmc_pow]
  [3142/5960] PMC4091285 PMID:22875256 doi:10.1099/vir.0.044784-0... OK (926 KB) [pmc_pow]
  [3143/5960] PMC4093958 PMID:24687350 doi:10.1002/pro.2466... OK (468 KB) [pmc_pow]
  [3144/5960] PMC4098011 PMID:24877627 doi:10.1210/en.2013-2174... FAIL [all_failed]
  [3145/5960] PMC4098083 PMID:24779708 doi:10.1164/rccm.201310-1917OC... OK (3070 KB) [pmc_pow]
  [3146/5960] PMC4100633 PMID:17072976 doi:10.3748/wjg.v12.i40.6446... OK (940 KB) [pmc_pow]
  [3147/5960] PMC4100996 PMID:24759597 doi:10.4161/cbt.28931... OK (5975 KB) [pmc_pow]
  [3148/5960] PMC4101649 PMID:24776744 doi:10.1096/fj.14-253823... FAIL [all_failed]
  [3149/5960] PMC4101680 PMID:24875102 doi:10.1152/ajpgi.00369.2013... FAIL [all_failed]
  [3150/5960] PMC41036 PMID:7568002 doi:10.1073/pnas.92.19.8710... OK (2656 KB) [pmc_pow]
  [3151/5960] PMC4104063 PMID:25028891 doi:10.1016/j.bpj.2014.05.029... OK (1166 KB) [pmc_pow]
  [3152/5960] PMC4105300 PMID:17538545 doi:10.1038/sj.ejcn.1602793... OK (200 KB) [pmc_pow]
  [3153/5960] PMC4106645 PMID:25057335 no DOI... OK (1677 KB) [pmc_pow]
  [3154/5960] PMC4106651 PMID:25057436 no DOI... OK (1235 KB) [pmc_pow]
  [3155/5960] PMC41093 PMID:7568058 doi:10.1073/pnas.92.19.8990... OK (874 KB) [pmc_pow]
  [3156/5960] PMC4110270 PMID:24898254 doi:10.1074/jbc.M114.565457... OK (2739 KB) [pmc_pow]
  [3157/5960] PMC4110340 PMID:24142280 doi:10.1007/8904_2013_268... OK (415 KB) [pmc_pow]
  [3158/5960] PMC4112524 PMID:25126049 doi:10.1159/000360494... OK (162 KB) [pmc_pow]
  [3159/5960] PMC4112525 PMID:25126052 doi:10.1159/000360101... OK (126 KB) [pmc_pow]
  [3160/5960] PMC4112526 PMID:25126047 doi:10.1159/000362390... OK (244 KB) [pmc_pow]
  [3161/5960] PMC4112529 PMID:25126050 doi:10.1159/000362751... OK (145 KB) [pmc_pow]
  [3162/5960] PMC411319 PMID:273230 doi:10.1073/pnas.75.2.677... FAIL [all_failed]
  [3163/5960] PMC411331 PMID:273237 doi:10.1073/pnas.75.2.735... OK (1666 KB) [pmc_pow]
  [3164/5960] PMC4115537 PMID:25002485 doi:10.1073/pnas.1403521111... OK (988 KB) [pmc_pow]
  [3165/5960] PMC4115829 PMID:25207011 doi:10.5152/balkanmedj.2012.072... OK (197 KB) [pmc_pow]
  [3166/5960] PMC4116089 PMID:24738702 doi:10.1089/ars.2013.5661... OK (1798 KB) [pmc_pow]
  [3167/5960] PMC4116095 PMID:24800979 doi:10.1089/ars.2013.5394... OK (1712 KB) [pmc_pow]
  [3168/5960] PMC411615 PMID:291986 doi:10.1073/pnas.76.9.4549... OK (1075 KB) [pmc_pow]
  [3169/5960] PMC4116419 PMID:24610934 doi:10.1152/ajplung.00155.2013... FAIL [all_failed]
  [3170/5960] PMC4118105 PMID:24962578 doi:10.1074/jbc.M114.581124... OK (2819 KB) [pmc_pow]
  [3171/5960] PMC4118111 PMID:24942732 doi:10.1074/jbc.M113.545749... OK (3298 KB) [pmc_pow]
  [3172/5960] PMC411900 PMID:230513 doi:10.1073/pnas.76.12.6534... OK (1280 KB) [pmc_pow]
  [3173/5960] PMC4119404 PMID:24728187 doi:10.1093/hmg/ddu165... OK (2252 KB) [pmc_pow]
  [3174/5960] PMC4121638 PMID:24924744 doi:10.1152/ajpgi.00303.2013... FAIL [all_failed]
  [3175/5960] PMC4121645 PMID:24906913 doi:10.1152/ajpheart.00227.2014... FAIL [all_failed]
  [3176/5960] PMC4122691 PMID:24947026 doi:10.1152/japplphysiol.01064.2013... FAIL [all_failed]
  [3177/5960] PMC4125713 PMID:24976157 doi:10.1038/aps.2014.43... OK (11257 KB) [pmc_pow]
  [3178/5960] PMC4125716 PMID:25066322 doi:10.1038/aps.2014.47... OK (5873 KB) [pmc_pow]
  [3179/5960] PMC4127583 PMID:25126394 doi:10.4239/wjd.v5.i4.482... OK (948 KB) [pmc_pow]
  [3180/5960] PMC4130933 PMID:24859171 doi:10.1007/s10815-014-0260-x... OK (349 KB) [pmc_pow]
  [3181/5960] PMC4133514 PMID:25133017 doi:10.4291/wjgp.v5.i3.147... OK (1056 KB) [pmc_pow]
  [3182/5960] PMC4135407 PMID:24398800 doi:10.1038/ejhg.2013.293... OK (1685 KB) [pmc_pow]
  [3183/5960] PMC4135411 PMID:24518833 doi:10.1038/ejhg.2013.299... OK (295 KB) [pmc_pow]
  [3184/5960] PMC4135570 PMID:24865966 doi:10.1128/MCB.00068-14... OK (775 KB) [pmc_pow]
  [3185/5960] PMC413569 PMID:8344246 doi:10.1002/j.1460-2075.1993.tb05973.x... OK (1412 KB) [crossref]
  [3186/5960] PMC4136056 PMID:24841266 doi:10.1128/AAC.02554-14... OK (1452 KB) [pmc_pow]
  [3187/5960] PMC4136238 PMID:24899201 doi:10.1128/JVI.00929-14... OK (1925 KB) [pmc_pow]
  [3188/5960] PMC4136610 PMID:25071194 doi:10.1073/pnas.1403145111... OK (1041 KB) [pmc_pow]
  [3189/5960] PMC4139107 PMID:15517870 no DOI... OK (2114 KB) [pmc_pow]
  [3190/5960] PMC4142835 PMID:24597798 doi:10.1089/ars.2014.5888... OK (440 KB) [pmc_pow]
  [3191/5960] PMC41436 PMID:7624338 doi:10.1073/pnas.92.15.6892... OK (959 KB) [pmc_pow]
  [3192/5960] PMC414756 PMID:4271721 doi:10.1128/iai.9.1.8-14.1974... OK (969 KB) [pmc_pow]
  [3193/5960] PMC41502 PMID:7603983 doi:10.1073/pnas.92.14.6284... OK (1232 KB) [pmc_pow]
  [3194/5960] PMC4151208 PMID:25083993 doi:10.1172/JCI75051... OK (3606 KB) [pmc_pow]
  [3195/5960] PMC4151233 PMID:25083992 doi:10.1172/JCI74985... OK (7121 KB) [pmc_pow]
  [3196/5960] PMC4152036 PMID:25197346 no DOI... OK (1057 KB) [pmc_pow]
  [3197/5960] PMC4152785 PMID:25045784 doi:10.1089/jmf.2013.2967... OK (919 KB) [pmc_pow]
  [3198/5960] PMC4154072 PMID:25028397 doi:10.1152/ajpendo.00025.2014... FAIL [all_failed]
  [3199/5960] PMC4155653 PMID:25012652 doi:10.1074/jbc.M114.565929... OK (3574 KB) [pmc_pow]
  [3200/5960] PMC4155661 PMID:25074936 doi:10.1074/jbc.C114.581868... OK (501 KB) [pmc_pow]
  [3201/5960] PMC41558 PMID:7604033 doi:10.1073/pnas.92.14.6562... OK (1099 KB) [pmc_pow]
  [3202/5960] PMC4156725 PMID:25136135 doi:10.1073/pnas.1402449111... OK (2522 KB) [pmc_pow]
  [3203/5960] PMC4158015 PMID:24061554 doi:10.1007/s10616-013-9634-7... OK (2739 KB) [pmc_pow]
  [3204/5960] PMC4158024 PMID:23989939 doi:10.1007/s10616-013-9636-5... OK (385 KB) [pmc_pow]
  [3205/5960] PMC4159157 PMID:24838397 doi:10.1093/hmg/ddu239... OK (852 KB) [pmc_pow]
  [3206/5960] PMC4160094 PMID:24894401 doi:10.1167/iovs.14-14383... OK (475 KB) [pmc_pow]
  [3207/5960] PMC4160924 PMID:24747783 doi:10.3791/50981... OK (1030 KB) [pmc_pow]
  [3208/5960] PMC4161604 PMID:25232444 no DOI... FAIL [all_failed]
  [3209/5960] PMC4163554 PMID:25246831 no DOI... OK (6500 KB) [pmc_pow]
  [3210/5960] PMC416415 PMID:15143178 doi:10.1128/MCB.24.11.4848-4857.2004... OK (405 KB) [pmc_pow]
  [3211/5960] PMC416516 PMID:15163724 doi:10.1128/JVI.78.12.6304-6312.2004... OK (178 KB) [pmc_pow]
  [3212/5960] PMC4166159 PMID:25232110 doi:10.1523/JNEUROSCI.0985-14.2014... OK (3836 KB) [pmc_pow]
  [3213/5960] PMC4169931 PMID:25187565 doi:10.1073/pnas.1414748111... OK (1519 KB) [pmc_pow]
  [3214/5960] PMC4169934 PMID:25136123 doi:10.1073/pnas.1414135111... OK (1251 KB) [pmc_pow]
  [3215/5960] PMC4170117 PMID:23160941 doi:10.1124/mol.112.081315... OK (803 KB) [pmc_pow]
  [3216/5960] PMC4174621 PMID:24710659 doi:10.1369/0022155414532655... OK (563 KB) [pmc_pow]
  [3217/5960] PMC4175330 PMID:25122772 doi:10.1074/jbc.M114.591354... OK (1840 KB) [pmc_pow]
  [3218/5960] PMC4176207 PMID:25096574 doi:10.1074/jbc.M114.569632... OK (2461 KB) [pmc_pow]
  [3219/5960] PMC4176253 PMID:25104357 doi:10.1074/jbc.M114.593970... OK (1727 KB) [pmc_pow_generic]
  [3220/5960] PMC4178262 PMID:25426259 doi:10.4252/wjsc.v6.i5.620... OK (2133 KB) [pmc_pow]
  [3221/5960] PMC41790 PMID:7761400 doi:10.1073/pnas.92.11.4778... OK (1711 KB) [pmc_pow]
  [3222/5960] PMC4179923 PMID:24927175 doi:10.1089/dna.2014.2366... OK (1110 KB) [pmc_pow]
  [3223/5960] PMC4183784 PMID:24936060 doi:10.1074/jbc.M114.578286... OK (3226 KB) [pmc_pow]
  [3224/5960] PMC4183811 PMID:25107911 doi:10.1074/jbc.M114.571810... OK (1193 KB) [pmc_pow]
  [3225/5960] PMC4183825 PMID:25122757 doi:10.1074/jbc.M114.590505... OK (5336 KB) [pmc_pow]
  [3226/5960] PMC4184079 PMID:25029423 doi:10.1210/jc.2014-1770... FAIL [all_failed]
  [3227/5960] PMC4188172 PMID:25034594 doi:10.1016/j.ajpath.2014.05.019... OK (2089 KB) [pmc_pow]
  [3228/5960] PMC4188867 PMID:25108226 doi:10.1016/j.ajpath.2014.06.021... OK (2382 KB) [pmc_pow]
  [3229/5960] PMC4188869 PMID:25239563 doi:10.1016/j.ajpath.2014.06.017... OK (2826 KB) [pmc_pow]
  [3230/5960] PMC4189900 PMID:24908668 doi:10.1093/hmg/ddu280... OK (15490 KB) [pmc_pow]
  [3231/5960] PMC4191757 PMID:25225364 doi:10.1073/pnas.1409653111... OK (1712 KB) [pmc_pow]
  [3232/5960] PMC4193933 PMID:24431222 doi:10.1002/embj.201386030... OK (3231 KB) [pmc_pow]
  [3233/5960] PMC419671 PMID:15128933 doi:10.1073/pnas.0402490101... OK (358 KB) [pmc_pow]
  [3234/5960] PMC419684 PMID:15096599 doi:10.1073/pnas.0401809101... OK (421 KB) [pmc_pow]
  [3235/5960] PMC4198051 PMID:24843043 doi:10.15252/embj.201487943... OK (3261 KB) [pmc_pow]
  [3236/5960] PMC41997 PMID:7753853 doi:10.1073/pnas.92.10.4626... OK (1277 KB) [pmc_pow]
  [3237/5960] PMC4200051 PMID:24776598 doi:10.1093/cvr/cvu114... OK (1279 KB) [pmc_pow]
  [3238/5960] PMC420011 PMID:12489041 doi:10.1086/345378... OK (417 KB) [pmc_pow]
  [3239/5960] PMC420012 PMID:12489042 doi:10.1086/345379... OK (187 KB) [pmc_pow]
  [3240/5960] PMC4200240 PMID:25170082 doi:10.1074/jbc.M114.593509... OK (3189 KB) [pmc_pow]
  [3241/5960] PMC4200287 PMID:25164808 doi:10.1074/jbc.M114.593244... OK (3326 KB) [pmc_pow]
  [3242/5960] PMC4200335 PMID:25128175 doi:10.1152/ajpheart.00437.2014... FAIL [all_failed]
  [3243/5960] PMC4201278 PMID:25161171 doi:10.1124/jpet.114.217869... OK (1570 KB) [pmc_pow]
  [3244/5960] PMC4202098 PMID:25002123 doi:10.1096/fj.14-252411... FAIL [all_failed]
  [3245/5960] PMC4202101 PMID:25002117 doi:10.1096/fj.14-252890... FAIL [all_failed]
  [3246/5960] PMC4203164 PMID:25337193 no DOI... OK (1527 KB) [pmc_pow]
  [3247/5960] PMC42034 PMID:7731973 doi:10.1073/pnas.92.9.3726... OK (1174 KB) [pmc_pow]
  [3248/5960] PMC420372 PMID:12566407 doi:10.1101/gr.396203... OK (346 KB) [pmc_pow]
  [3249/5960] PMC4205671 PMID:25267636 doi:10.1073/pnas.1416660111... OK (1161 KB) [pmc_pow]
  [3250/5960] PMC4205874 PMID:25405166 doi:10.3978/j.issn.2305-5839.2014.05.08... OK (318 KB) [pmc_pow]
  [3251/5960] PMC4206532 PMID:24988326 doi:10.4161/auto.29197... OK (5116 KB) [pmc_pow]
  [3252/5960] PMC4207484 PMID:24769731 doi:10.1038/cdd.2014.42... FAIL [all_failed]
  [3253/5960] PMC4207934 PMID:24796928 doi:10.1210/jc.2014-1026... FAIL [all_failed]
  [3254/5960] PMC4207977 PMID:25160618 doi:10.1074/jbc.M114.583062... OK (3992 KB) [pmc_pow]
  [3255/5960] PMC4207997 PMID:25210035 doi:10.1074/jbc.M114.591073... OK (2216 KB) [pmc_pow]
  [3256/5960] PMC4208006 PMID:25193669 doi:10.1074/jbc.M114.567073... OK (4720 KB) [pmc_pow]
  [3257/5960] PMC4209435 PMID:25349653 doi:10.4330/wjc.v6.i10.1091... OK (1511 KB) [pmc_pow]
  [3258/5960] PMC4209548 PMID:25356045 doi:10.3748/wjg.v20.i40.14855... OK (1568 KB) [pmc_pow]
  [3259/5960] PMC4210348 PMID:25288763 doi:10.1073/pnas.1412754111... OK (1164 KB) [pmc_pow]
  [3260/5960] PMC4213337 PMID:24515575 doi:10.1007/8904_2013_287... FAIL [all_failed]
  [3261/5960] PMC421336 PMID:832896 doi:10.1128/iai.15.1.115-123.1977... OK (1508 KB) [pmc_pow]
  [3262/5960] PMC4214130 PMID:25054455 doi:10.1164/rccm.201404-0624OC... OK (1523 KB) [pmc_pow]
  [3263/5960] PMC4215243 PMID:25237193 doi:10.1074/jbc.M114.575779... OK (2916 KB) [pmc_pow]
  [3264/5960] PMC4215316 PMID:25224412 doi:10.1182/blood-2014-04-570440... FAIL [all_failed]
  [3265/5960] PMC421641 PMID:15194796 doi:10.1128/JVI.78.13.7199-7207.2004... OK (1807 KB) [pmc_pow]
  [3266/5960] PMC421673 PMID:15194786 doi:10.1128/JVI.78.13.7097-7111.2004... OK (2431 KB) [pmc_pow]
  [3267/5960] PMC4216753 PMID:25253041 doi:10.1179/2047773214Y.0000000153... OK (424 KB) [pmc_pow]
  [3268/5960] PMC4217019 PMID:25163917 doi:10.1152/ajpregu.00083.2014... FAIL [all_failed]
  [3269/5960] PMC4217165 PMID:14998492 doi:10.1016/s1535-6108(04)00020-0... OK (1290 KB) [pmc_pow]
  [3270/5960] PMC4217403 PMID:25313081 doi:10.1073/pnas.1412759111... OK (791 KB) [pmc_pow]
  [3271/5960] PMC4217420 PMID:25313049 doi:10.1073/pnas.1409328111... OK (753 KB) [pmc_pow]
  [3272/5960] PMC4217439 PMID:25319266 doi:10.1073/pnas.1413478111... OK (614 KB) [pmc_pow]
  [3273/5960] PMC4223261 PMID:25386076 doi:10.3748/wjg.v20.i41.15275... OK (3895 KB) [pmc_pow]
  [3274/5960] PMC4223297 PMID:25225291 doi:10.1074/jbc.M114.602664... OK (1487 KB) [pmc_pow]
  [3275/5960] PMC4223302 PMID:25231977 doi:10.1074/jbc.M114.591461... FAIL [all_failed]
  [3276/5960] PMC4224167 PMID:25233988 doi:10.1534/genetics.114.169284... OK (1942 KB) [pmc_pow]
  [3277/5960] PMC4230123 PMID:25400730 no DOI... OK (1340 KB) [pmc_pow]
  [3278/5960] PMC4231407 PMID:24619143 doi:10.1038/ejhg.2014.38... FAIL [all_failed]
  [3279/5960] PMC423536 PMID:3919061 doi:10.1172/JCI111737... OK (641 KB) [pmc_pow]
  [3280/5960] PMC423615 PMID:3980729 doi:10.1172/JCI111783... OK (683 KB) [pmc_pow]
  [3281/5960] PMC423662 PMID:3745434 doi:10.1172/JCI112633... OK (1228 KB) [pmc_pow]
  [3282/5960] PMC423742 PMID:3760196 doi:10.1172/JCI112691... OK (1554 KB) [pmc_pow]
  [3283/5960] PMC4238477 PMID:25419417 no DOI... OK (800 KB) [pmc_pow]
  [3284/5960] PMC4239616 PMID:25296756 doi:10.1074/jbc.M114.567792... FAIL [all_failed]
  [3285/5960] PMC4239624 PMID:25288793 doi:10.1074/jbc.M114.610626... OK (2882 KB) [pmc_pow]
  [3286/5960] PMC42407 PMID:7892212 doi:10.1073/pnas.92.6.1984... OK (1349 KB) [pmc_pow]
  [3287/5960] PMC424389 PMID:15103330 doi:10.1038/sj.emboj.7600216... OK (302 KB) [pmc_pow]
  [3288/5960] PMC4246075 PMID:25320081 doi:10.1074/jbc.M114.610808... OK (2110 KB) [pmc_pow]
  [3289/5960] PMC4246098 PMID:25305013 doi:10.1074/jbc.M114.564567... OK (5211 KB) [pmc_pow]
  [3290/5960] PMC4246259 PMID:25368190 doi:10.1073/pnas.1411077111... OK (1525 KB) [pmc_pow]
  [3291/5960] PMC4249064 PMID:25187537 doi:10.1128/JVI.01813-14... OK (2133 KB) [pmc_pow]
  [3292/5960] PMC4249950 PMID:25342621 doi:10.1167/iovs.14-15388... OK (1817 KB) [pmc_pow]
  [3293/5960] PMC4250171 PMID:25385631 doi:10.1073/pnas.1419576111... OK (792 KB) [pmc_pow]
  [3294/5960] PMC4250627 PMID:17696257 doi:10.3748/wjg.v13.i31.4255... OK (794 KB) [pmc_pow]
  [3295/5960] PMC4250782 PMID:15742393 doi:10.3748/wjg.v11.i7.943... FAIL [all_failed]
  [3296/5960] PMC4252387 PMID:25737927 doi:10.1016/j.jobcr.2014.08.004... OK (677 KB) [pmc_pow]
  [3297/5960] PMC4253461 PMID:24990093 doi:10.1111/bph.12831... OK (1385 KB) [pmc_pow]
  [3298/5960] PMC425350 PMID:6542110 doi:10.1172/JCI111589... OK (1559 KB) [pmc_pow]
  [3299/5960] PMC4255007 PMID:25260615 doi:10.1152/ajpheart.00557.2014... FAIL [all_failed]
  [3300/5960] PMC4259240 PMID:25484226 doi:10.1107/S2053230X14024959... OK (240 KB) [pmc_pow]
  [3301/5960] PMC4263862 PMID:25336638 doi:10.1074/jbc.M114.605733... OK (2309 KB) [pmc_pow]
  [3302/5960] PMC4263882 PMID:25352601 doi:10.1074/jbc.M114.615831... OK (1799 KB) [pmc_pow]
  [3303/5960] PMC426578 PMID:4502936 doi:10.1073/pnas.69.4.847... OK (1638 KB) [pmc_pow]
  [3304/5960] PMC42693 PMID:7846043 doi:10.1073/pnas.92.3.729... OK (1512 KB) [pmc_pow]
  [3305/5960] PMC4269680 PMID:25359536 doi:10.1152/ajpgi.00165.2014... FAIL [all_failed]
  [3306/5960] PMC4269761 PMID:25204393 doi:10.1038/jcbfm.2014.153... OK (705 KB) [pmc_pow]
  [3307/5960] PMC4269776 PMID:25517164 doi:10.1016/j.bpj.2014.09.025... OK (2851 KB) [pmc_pow]
  [3308/5960] PMC4270160 PMID:24949841 doi:10.1089/ars.2014.5929... OK (746 KB) [pmc_pow]
  [3309/5960] PMC4270163 PMID:25506803 doi:10.1089/adt.2014.592... OK (2133 KB) [pmc_pow]
  [3310/5960] PMC42716 PMID:7846063 doi:10.1073/pnas.92.3.841... OK (1504 KB) [pmc_pow]
  [3311/5960] PMC4272430 PMID:25384972 doi:10.1128/MCB.01204-14... OK (5576 KB) [pmc_pow]
  [3312/5960] PMC4273118 PMID:25568858 doi:10.3978/j.issn.2304-3881.2014.11.01... OK (1911 KB) [pmc_pow]
  [3313/5960] PMC4273202 PMID:25121827 doi:10.1089/scd.2014.0135... OK (1284 KB) [pmc_pow]
  [3314/5960] PMC427370 PMID:15212121 no DOI... OK (129 KB) [pmc_pow]
  [3315/5960] PMC427442 PMID:15213149 doi:10.1128/IAI.72.7.4040-4051.2004... OK (4579 KB) [pmc_pow]
  [3316/5960] PMC427560 PMID:4500544 doi:10.1073/pnas.69.1.129... OK (1164 KB) [pmc_pow]
  [3317/5960] PMC4275882 PMID:25487326 doi:10.1098/rstb.2013.0374... OK (565 KB) [pmc_pow]
  [3318/5960] PMC4275891 PMID:25487335 doi:10.1098/rstb.2013.0384... OK (545 KB) [pmc_pow]
  [3319/5960] PMC4275895 PMID:25487339 doi:10.1098/rstb.2013.0388... OK (511 KB) [pmc_pow]
  [3320/5960] PMC4276889 PMID:25391657 doi:10.1074/jbc.M114.620922... OK (7545 KB) [pmc_pow]
  [3321/5960] PMC42775 PMID:7530363 doi:10.1073/pnas.92.2.532... FAIL [all_failed]
  [3322/5960] PMC4278247 PMID:25529796 doi:10.1016/j.ajpath.2014.09.014... OK (4979 KB) [pmc_pow]
  [3323/5960] PMC4278598 PMID:25621152 doi:10.1086/677353... OK (2835 KB) [pmc_pow]
  [3324/5960] PMC4280597 PMID:25489073 doi:10.1073/pnas.1414665111... OK (1735 KB) [pmc_pow]
  [3325/5960] PMC4280980 PMID:25220617 doi:10.1111/bph.12939... OK (1134 KB) [pmc_pow]
  [3326/5960] PMC4281696 PMID:25344067 doi:10.1152/ajplung.00217.2014... FAIL [all_failed]
  [3327/5960] PMC4281742 PMID:25404738 doi:10.1074/jbc.M114.566349... OK (3038 KB) [pmc_pow]
  [3328/5960] PMC4281744 PMID:25416781 doi:10.1074/jbc.M114.614115... OK (2931 KB) [pmc_pow]
  [3329/5960] PMC4282503 PMID:25107473 doi:10.15252/embj.201488104... OK (1951 KB) [pmc_pow]
  [3330/5960] PMC428480 PMID:15181200 doi:10.1073/pnas.0402959101... OK (581 KB) [pmc_pow]
  [3331/5960] PMC4285541 PMID:25342132 doi:10.1096/fj.14-255901... FAIL [all_failed]
  [3332/5960] PMC4287640 PMID:25398939 doi:10.1182/blood-2014-05-577940... FAIL [all_failed]
  [3333/5960] PMC4288281 PMID:25593144 doi:10.3945/an.114.007500... OK (616 KB) [pmc_pow]
  [3334/5960] PMC4288902 PMID:25312950 doi:10.1128/IAI.02269-14... OK (1575 KB) [pmc_pow]
  [3335/5960] PMC4290712 PMID:25091578 doi:10.1111/bph.12871... OK (1910 KB) [pmc_pow]
  [3336/5960] PMC4291481 PMID:25378477 doi:10.15252/embj.201488806... OK (2629 KB) [pmc_pow]
  [3337/5960] PMC42976 PMID:7507248 doi:10.1073/pnas.91.2.499... OK (1515 KB) [pmc_pow]
  [3338/5960] PMC4298148 PMID:25549301 doi:10.1089/zeb.2014.1010... OK (1225 KB) [pmc_pow]
  [3339/5960] PMC4298154 PMID:25268638 doi:10.1089/ars.2014.6138... OK (426 KB) [pmc_pow]
  [3340/5960] PMC4300331 PMID:25609609 doi:10.1523/JNEUROSCI.0089-14.2015... OK (5933 KB) [pmc_pow]
  [3341/5960] PMC430224 PMID:1063399 doi:10.1073/pnas.73.4.1179... OK (1509 KB) [pmc_pow]
  [3342/5960] PMC4305024 PMID:25458053 doi:10.1016/j.molonc.2014.10.002... OK (3757 KB) [pmc_pow]
  [3343/5960] PMC430530 PMID:15258 doi:10.1073/pnas.74.3.916... OK (1085 KB) [pmc_pow]
  [3344/5960] PMC4306719 PMID:25628402 doi:10.1093/toxsci/kfu233... OK (490 KB) [pmc_pow]
  [3345/5960] PMC4306724 PMID:25416158 doi:10.1093/toxsci/kfu247... OK (1846 KB) [pmc_pow]
  [3346/5960] PMC4307430 PMID:25663983 no DOI... OK (1940 KB) [pmc_pow]
  [3347/5960] PMC4308607 PMID:25632141 doi:10.1523/JNEUROSCI.2925-14.2015... OK (6326 KB) [pmc_pow]
  [3348/5960] PMC4309288 PMID:15204919 doi:10.1080/13550280490441103... OK (3229 KB) [pmc_pow]
  [3349/5960] PMC4311675 PMID:25646032 no DOI... FAIL [all_failed]
  [3350/5960] PMC4311890 PMID:20191247 doi:10.1100/tsw.2010.27... OK (409 KB) [pmc_pow]
  [3351/5960] PMC4313844 PMID:25583481 doi:10.1073/pnas.1413165112... OK (1353 KB) [pmc_pow]
  [3352/5960] PMC43147 PMID:8108407 doi:10.1073/pnas.91.4.1309... OK (1456 KB) [pmc_pow]
  [3353/5960] PMC4317012 PMID:25477509 doi:10.1074/jbc.M114.605980... OK (4769 KB) [pmc_pow]
  [3354/5960] PMC4318910 PMID:25375982 doi:10.1210/jc.2014-2711... FAIL [all_failed]
  [3355/5960] PMC4319434 PMID:25607838 doi:10.1172/JCI77632... OK (5215 KB) [pmc_pow]
  [3356/5960] PMC4319439 PMID:25607834 doi:10.1172/JCI79188... OK (317 KB) [pmc_pow]
  [3357/5960] PMC4319445 PMID:25574840 doi:10.1172/JCI78253... FAIL [all_failed]
  [3358/5960] PMC4320349 PMID:16222732 doi:10.3748/wjg.v11.i35.5433... OK (733 KB) [pmc_pow]
  [3359/5960] PMC4320385 PMID:16127742 doi:10.3748/wjg.v11.i33.5136... OK (939 KB) [pmc_pow]
  [3360/5960] PMC432169 PMID:196288 doi:10.1073/pnas.74.6.2352... OK (1118 KB) [pmc_pow]
  [3361/5960] PMC432199 PMID:196291 doi:10.1073/pnas.74.6.2495... OK (1670 KB) [pmc_pow]
  [3362/5960] PMC4323127 PMID:25517620 doi:10.1089/cbr.2014.1704... OK (600 KB) [pmc_pow]
  [3363/5960] PMC432326 PMID:1054827 doi:10.1073/pnas.72.2.437... OK (1974 KB) [pmc_pow]
  [3364/5960] PMC432333 PMID:164654 doi:10.1073/pnas.72.2.469... OK (1110 KB) [pmc_pow]
  [3365/5960] PMC4325302 PMID:25717353 doi:10.4330/wjc.v7.i2.52... OK (938 KB) [pmc_pow]
  [3366/5960] PMC4325705 PMID:25552708 doi:10.1128/JVI.03349-14... OK (1209 KB) [pmc_pow]
  [3367/5960] PMC4326715 PMID:24986829 doi:10.1038/ejhg.2014.128... OK (1255 KB) [pmc_pow]
  [3368/5960] PMC43281 PMID:8127912 doi:10.1073/pnas.91.5.1946... OK (1339 KB) [pmc_pow]
  [3369/5960] PMC4329467 PMID:25519729 doi:10.1152/ajpregu.00281.2014... FAIL [all_failed]
  [3370/5960] PMC4329480 PMID:25398984 doi:10.1152/ajpheart.00711.2014... FAIL [all_failed]
  [3371/5960] PMC4330731 PMID:25624506 doi:10.1073/pnas.1424954112... OK (1243 KB) [pmc_pow]
  [3372/5960] PMC4333048 PMID:25569702 doi:10.1210/jc.2014-4092... FAIL [all_failed]
  [3373/5960] PMC4333320 PMID:25437179 doi:10.1089/scd.2014.0349... OK (849 KB) [pmc_pow]
  [3374/5960] PMC4334101 PMID:25328978 doi:10.1089/ars.2014.5966... OK (1233 KB) [pmc_pow]
  [3375/5960] PMC43347 PMID:8134382 doi:10.1073/pnas.91.6.2245... OK (1794 KB) [pmc_pow]
  [3376/5960] PMC4335195 PMID:25550160 doi:10.1074/jbc.C114.629766... OK (861 KB) [pmc_pow]
  [3377/5960] PMC4335875 PMID:25487805 doi:10.1128/AAC.04003-14... OK (663 KB) [pmc_pow]
  [3378/5960] PMC433903 PMID:4612520 doi:10.1073/pnas.71.11.4447... OK (1250 KB) [pmc_pow]
  [3379/5960] PMC433939 PMID:4216020 doi:10.1073/pnas.71.11.4617... OK (839 KB) [pmc_pow_generic]
  [3380/5960] PMC434110 PMID:15220430 doi:10.1128/JVI.78.14.7553-7564.2004... OK (835 KB) [pmc_pow]
  [3381/5960] PMC4342454 PMID:25568320 doi:10.1074/jbc.M114.603738... OK (3970 KB) [pmc_pow]
  [3382/5960] PMC4345104 PMID:18474229 doi:10.1016/j.bbrc.2008.04.172... OK (357 KB) [pmc_pow]
  [3383/5960] PMC4345105 PMID:17374725 doi:10.1093/hmg/ddm058... OK (904 KB) [pmc_pow]
  [3384/5960] PMC4345623 PMID:25675502 doi:10.1073/pnas.1419651112... OK (1367 KB) [pmc_pow]
  [3385/5960] PMC4346526 PMID:25755831 no DOI... OK (1351 KB) [pmc_pow]
  [3386/5960] PMC4346568 PMID:25616281 doi:10.1128/EC.00238-14... OK (1649 KB) [pmc_pow]
  [3387/5960] PMC4348880 PMID:25755702 no DOI... OK (1111 KB) [pmc_pow]
  [3388/5960] PMC4348927 PMID:25755693 no DOI... OK (1244 KB) [pmc_pow]
  [3389/5960] PMC4350005 PMID:23952622 doi:10.1089/ten.tea.2013.0321... OK (1666 KB) [pmc_pow]
  [3390/5960] PMC4350006 PMID:25546574 doi:10.1089/ars.2014.5952... OK (1794 KB) [pmc_pow]
  [3391/5960] PMC4350532 PMID:25404078 doi:10.4269/ajtmh.14-0484... OK (490 KB) [pmc_pow]
  [3392/5960] PMC4350555 PMID:25535316 doi:10.4269/ajtmh.14-0585... OK (716 KB) [pmc_pow]
  [3393/5960] PMC4352772 PMID:25730862 doi:10.1073/pnas.1417921112... OK (1037 KB) [pmc_pow]
  [3394/5960] PMC43536 PMID:8159720 doi:10.1073/pnas.91.8.3166... OK (1232 KB) [pmc_pow]
  [3395/5960] PMC4354183 PMID:25515532 doi:10.1007/s10815-014-0400-3... OK (267 KB) [pmc_pow]
  [3396/5960] PMC4355537 PMID:25605331 doi:10.1128/MCB.01047-14... OK (3710 KB) [pmc_pow]
  [3397/5960] PMC4358112 PMID:25605735 doi:10.1074/jbc.M114.631564... FAIL [all_failed]
  [3398/5960] PMC4358143 PMID:25627690 doi:10.1074/jbc.M114.620039... OK (2269 KB) [pmc_pow]
  [3399/5960] PMC4358145 PMID:25631043 doi:10.1074/jbc.M114.627679... OK (3778 KB) [pmc_pow]
  [3400/5960] PMC4358249 PMID:25548282 doi:10.1074/jbc.M114.605345... OK (4148 KB) [pmc_pow]
  [3401/5960] PMC4358270 PMID:25605724 doi:10.1074/jbc.M114.631788... OK (2178 KB) [pmc_pow]
  [3402/5960] PMC4358287 PMID:25577493 doi:10.1074/jbc.M114.610121... OK (3095 KB) [pmc_pow]
  [3403/5960] PMC4358473 PMID:25785018 no DOI... OK (921 KB) [pmc_pow]
  [3404/5960] PMC4358565 PMID:25785110 no DOI... OK (434 KB) [pmc_pow]
  [3405/5960] PMC4360022 PMID:25635001 doi:10.1152/japplphysiol.00628.2014... FAIL [all_failed]
  [3406/5960] PMC4361010 PMID:22686477 doi:10.1089/cell.2011.0106... FAIL [all_failed]
  [3407/5960] PMC4362253 PMID:25689255 doi:10.1172/JCI80280... OK (366 KB) [pmc_pow]
  [3408/5960] PMC4362257 PMID:25689250 doi:10.1172/JCI77084... OK (7666 KB) [pmc_pow]
  [3409/5960] PMC4362429 PMID:22938547 doi:10.17305/bjbms.2012.2480... OK (388 KB) [pmc_pow]
  [3410/5960] PMC4365068 PMID:25286450 doi:10.2119/molmed.2014.00049... OK (5091 KB) [pmc_pow]
  [3411/5960] PMC4365673 PMID:25725141 doi:10.17305/bjbms.2015.1.226... OK (540 KB) [pmc_pow]
  [3412/5960] PMC4366798 PMID:25634671 doi:10.1124/mol.114.096602... OK (2585 KB) [pmc_pow]
  [3413/5960] PMC4367286 PMID:25623066 doi:10.1074/jbc.M114.605386... OK (4190 KB) [pmc_pow]
  [3414/5960] PMC4369256 PMID:24601995 doi:10.1111/bph.12675... OK (979 KB) [pmc_pow]
  [3415/5960] PMC4369497 PMID:25815125 doi:10.4252/wjsc.v7.i2.418... OK (1113 KB) [pmc_pow]
  [3416/5960] PMC4370251 PMID:24988374 doi:10.1165/rcmb.2013-0519OC... OK (1918 KB) [pmc_pow]
  [3417/5960] PMC4370253 PMID:24918270 doi:10.1165/rcmb.2014-0038OC... OK (2031 KB) [pmc_pow]
  [3418/5960] PMC4372663 PMID:25577196 doi:10.1093/toxsci/kfu318... OK (261 KB) [pmc_pow]
  [3419/5960] PMC4373747 PMID:25681964 doi:10.1194/jlr.M057919... OK (1520 KB) [pmc_pow]
  [3420/5960] PMC4375308 PMID:25681192 doi:10.1128/AEM.03430-14... FAIL [all_failed]
  [3421/5960] PMC4376451 PMID:25411110 doi:10.1111/bph.13018... OK (2416 KB) [pmc_pow]
  [3422/5960] PMC4376453 PMID:25409768 doi:10.1111/bph.13020... OK (948 KB) [pmc_pow]
  [3423/5960] PMC4377828 PMID:25395303 doi:10.1189/jlb.4A0314-153R... FAIL [all_failed]
  [3424/5960] PMC4378444 PMID:25762074 doi:10.1073/pnas.1502960112... OK (1362 KB) [pmc_pow]
  [3425/5960] PMC4384778 PMID:25629436 doi:10.1164/rccm.201408-1565OC... OK (1717 KB) [pmc_pow]
  [3426/5960] PMC4385808 PMID:25527523 doi:10.1128/EC.00241-14... OK (2619 KB) [pmc_pow]
  [3427/5960] PMC4387302 PMID:25832431 doi:10.1038/aps.2014.157... OK (3837 KB) [pmc_pow]
  [3428/5960] PMC4390087 PMID:25557302 doi:10.1089/ars.2014.6206... OK (604 KB) [pmc_pow]
  [3429/5960] PMC4390190 PMID:25546710 doi:10.1089/ars.2014.6199... OK (929 KB) [pmc_pow]
  [3430/5960] PMC4390248 PMID:25680958 doi:10.1074/mcp.M114.041384... OK (4247 KB) [pmc_pow]
  [3431/5960] PMC4392271 PMID:25713072 doi:10.1074/jbc.M114.620294... OK (2465 KB) [pmc_pow]
  [3432/5960] PMC43940 PMID:8197193 doi:10.1073/pnas.91.11.5104... OK (1778 KB) [pmc_pow]
  [3433/5960] PMC4394340 PMID:25893042 doi:10.1021/ml500474d... OK (1427 KB) [pmc_pow]
  [3434/5960] PMC4396027 PMID:25973307 no DOI... OK (1169 KB) [pmc_pow]
  [3435/5960] PMC4396043 PMID:25973318 no DOI... OK (621 KB) [pmc_pow]
  [3436/5960] PMC4396221 PMID:25972998 no DOI... OK (1816 KB) [pmc_pow]
  [3437/5960] PMC4397576 PMID:18344451 doi:10.1167/iovs.07-1352... OK (1040 KB) [pmc_pow]
  [3438/5960] PMC4398281 PMID:25658244 doi:10.1080/19382014.2014.995997... OK (1228 KB) [pmc_pow]
  [3439/5960] PMC43996 PMID:7515499 doi:10.1073/pnas.91.12.5368... OK (737 KB) [pmc_pow]
  [3440/5960] PMC4400291 PMID:25740828 doi:10.1182/blood-2014-09-599258... FAIL [all_failed]
  [3441/5960] PMC4400328 PMID:25713076 doi:10.1074/jbc.M115.640052... OK (2701 KB) [pmc_pow]
  [3442/5960] PMC4402797 PMID:25932150 no DOI... OK (832 KB) [pmc_pow]
  [3443/5960] PMC4405421 PMID:26005677 doi:10.3978/j.issn.2304-3881.2014.11.05... OK (158 KB) [pmc_pow]
  [3444/5960] PMC4405759 PMID:25640469 doi:10.1113/jphysiol.2014.283267... OK (1205 KB) [pmc_pow]
  [3445/5960] PMC4406032 PMID:25758815 doi:10.1167/iovs.14-15838... OK (3307 KB) [pmc_pow]
  [3446/5960] PMC4406655 PMID:25755250 doi:10.15252/embj.201591041... OK (1442 KB) [pmc_pow]
  [3447/5960] PMC4408963 PMID:25666834 doi:10.1093/toxsci/kfv038... OK (755 KB) [pmc_pow]
  [3448/5960] PMC4409240 PMID:25745108 doi:10.1074/jbc.M115.640375... OK (615 KB) [pmc_pow]
  [3449/5960] PMC4409267 PMID:25762724 doi:10.1074/jbc.M114.628420... OK (513 KB) [pmc_pow]
  [3450/5960] PMC4409907 PMID:25586174 doi:10.1111/bph.13079... FAIL [all_failed]
  [3451/5960] PMC4413752 PMID:25406339 doi:10.1681/ASN.2013111202... OK (3065 KB) [pmc_pow]
  [3452/5960] PMC441479 PMID:7533791 doi:10.1172/JCI117790... OK (1355 KB) [pmc_pow]
  [3453/5960] PMC4415066 PMID:24569163 doi:10.1093/hmg/ddu090... FAIL [all_failed]
  [3454/5960] PMC4416427 PMID:25941554 doi:10.1021/acsmedchemlett.5b00041... OK (1169 KB) [pmc_pow]
  [3455/5960] PMC4420790 PMID:25948278 doi:10.1523/JNEUROSCI.0190-15.2015... OK (1918 KB) [pmc_pow]
  [3456/5960] PMC4420852 PMID:25605294 doi:10.1038/jcbfm.2014.251... OK (521 KB) [pmc_pow]
  [3457/5960] PMC442208 PMID:2439542 doi:10.1172/JCI113035... OK (2573 KB) [pmc_pow]
  [3458/5960] PMC4422353 PMID:25404709 doi:10.1096/fj.14-259903... FAIL [all_failed]
  [3459/5960] PMC4422360 PMID:25404713 doi:10.1096/fj.14-257501... FAIL [all_failed]
  [3460/5960] PMC442287 PMID:2957389 doi:10.1172/JCI113118... OK (1847 KB) [pmc_pow]
  [3461/5960] PMC4423712 PMID:25688091 doi:10.1074/jbc.M115.641878... OK (1898 KB) [pmc_pow]
  [3462/5960] PMC4424024 PMID:25755253 doi:10.1104/pp.15.00110... OK (901 KB) [pmc_pow]
  [3463/5960] PMC4424371 PMID:25814668 doi:10.1074/jbc.M114.625962... OK (1742 KB) [pmc_pow]
  [3464/5960] PMC4424951 PMID:25678555 doi:10.1093/hmg/ddv057... OK (540 KB) [pmc_pow]
  [3465/5960] PMC442613 PMID:3384946 doi:10.1172/JCI113508... OK (1444 KB) [pmc_pow]
  [3466/5960] PMC4426301 PMID:25661745 doi:10.1089/ten.tea.2014.0314... OK (1454 KB) [pmc_pow]
  [3467/5960] PMC442632 PMID:3290255 doi:10.1172/JCI113527... OK (1261 KB) [openalex]
  [3468/5960] PMC4426432 PMID:25902503 doi:10.1073/pnas.1424353112... OK (995 KB) [pmc_pow]
  [3469/5960] PMC44284 PMID:8041698 doi:10.1073/pnas.91.15.6787... OK (1786 KB) [pmc_pow]
  [3470/5960] PMC4429452 PMID:25808020 doi:10.1007/s10815-015-0462-x... OK (344 KB) [pmc_pow]
  [3471/5960] PMC443162 PMID:1401059 doi:10.1172/JCI115983... OK (1484 KB) [pmc_pow]
  [3472/5960] PMC4432119 PMID:25801568 doi:10.1128/AAC.00238-15... OK (1420 KB) [pmc_pow]
  [3473/5960] PMC4432218 PMID:25801563 doi:10.1128/AAC.05012-14... FAIL [all_failed]
  [3474/5960] PMC443329 PMID:8514873 doi:10.1172/JCI116504... OK (4852 KB) [pmc_pow]
  [3475/5960] PMC4434751 PMID:25918392 doi:10.1073/pnas.1411718112... OK (1392 KB) [pmc_pow]
  [3476/5960] PMC4435033 PMID:25210128 doi:10.1095/biolreprod.114.121434... OK (1483 KB) [pmc_pow]
  [3477/5960] PMC4438216 PMID:25868647 doi:10.1128/JB.02557-14... OK (787 KB) [pmc_pow]
  [3478/5960] PMC4440079 PMID:26045770 no DOI... OK (955 KB) [pmc_pow]
  [3479/5960] PMC4440094 PMID:26045785 no DOI... OK (1079 KB) [pmc_pow]
  [3480/5960] PMC4442455 PMID:25787281 doi:10.1128/JVI.03137-14... OK (2809 KB) [pmc_pow]
  [3481/5960] PMC4445096 PMID:26034354 doi:10.3748/wjg.v21.i20.6194... OK (1752 KB) [pmc_pow]
  [3482/5960] PMC4447074 PMID:26064790 no DOI... OK (594 KB) [pmc_pow]
  [3483/5960] PMC4447231 PMID:25713058 doi:10.1096/fj.14-260281... FAIL [all_failed]
  [3484/5960] PMC4447960 PMID:25861990 doi:10.1074/jbc.M114.608083... OK (3841 KB) [pmc_pow]
  [3485/5960] PMC4447967 PMID:25882843 doi:10.1074/jbc.M114.617431... OK (3624 KB) [pmc_pow]
  [3486/5960] PMC4447979 PMID:25878246 doi:10.1074/jbc.M115.649640... OK (1897 KB) [pmc_pow]
  [3487/5960] PMC444865 PMID:15254240 doi:10.1128/MCB.24.15.6728-6741.2004... OK (1558 KB) [pmc_pow]
  [3488/5960] PMC4449448 PMID:26045999 no DOI... OK (865 KB) [pmc_pow]
  [3489/5960] PMC4449630 PMID:25674814 doi:10.1089/ars.2014.6123... OK (1173 KB) [pmc_pow]
  [3490/5960] PMC4451352 PMID:25810260 doi:10.1152/ajpcell.00322.2014... FAIL [all_failed]
  [3491/5960] PMC4453787 PMID:25862457 doi:10.1104/pp.15.00300... OK (1106 KB) [pmc_pow]
  [3492/5960] PMC4458712 PMID:25762744 doi:10.1074/mcp.M114.043984... OK (4170 KB) [pmc_pow]
  [3493/5960] PMC4460464 PMID:26038566 doi:10.1073/pnas.1422264112... OK (2621 KB) [pmc_pow]
  [3494/5960] PMC4462805 PMID:25201919 doi:10.1177/0022034514550040... OK (2520 KB) [pmc_pow]
  [3495/5960] PMC4463204 PMID:25844899 doi:10.1172/JCI79273... OK (3874 KB) [pmc_pow]
  [3496/5960] PMC4464833 PMID:10639190 doi:10.1002/(sici)1097-0045(20000215)42:3<196::aid-pros5>3.0.co;2-8... OK (2251 KB) [pmc_pow]
  [3497/5960] PMC4465826 PMID:12210492 doi:10.1002/pros.10128... OK (934 KB) [pmc_pow]
  [3498/5960] PMC4466120 PMID:16050980 doi:10.1016/j.mito.2005.02.001... OK (593 KB) [pmc_pow]
  [3499/5960] PMC4466704 PMID:26039990 doi:10.1073/pnas.1502670112... OK (1232 KB) [pmc_pow]
  [3500/5960] PMC44682 PMID:8090716 doi:10.1073/pnas.91.19.8739... OK (2265 KB) [pmc_pow]
  [3501/5960] PMC4470947 PMID:25665837 doi:10.1007/8904_2014_402... OK (383 KB) [pmc_pow]
  [3502/5960] PMC4473232 PMID:25903566 doi:10.1128/JCM.00073-15... OK (632 KB) [pmc_pow]
  [3503/5960] PMC4473332 PMID:26101719 no DOI... OK (1234 KB) [pmc_pow]
  [3504/5960] PMC4473347 PMID:26137088 doi:10.3892/ol.2015.3121... OK (853 KB) [pmc_pow]
  [3505/5960] PMC4474305 PMID:25833049 doi:10.1128/JVI.00610-15... OK (2991 KB) [pmc_pow]
  [3506/5960] PMC447592 PMID:11938495 doi:10.1086/339933... OK (1101 KB) [pmc_pow]
  [3507/5960] PMC447607 PMID:11898127 doi:10.1086/339935... OK (205 KB) [pmc_pow]
  [3508/5960] PMC4478793 PMID:25792665 doi:10.1096/fj.14-268276... FAIL [all_failed]
  [3509/5960] PMC4480814 PMID:20864641 doi:10.1095/biolreprod.110.085712... OK (1587 KB) [pmc_pow]
  [3510/5960] PMC4483098 PMID:25155356 doi:10.1093/neuonc/nou215... OK (1147 KB) [pmc_pow]
  [3511/5960] PMC4484713 PMID:25557218 doi:10.1089/ars.2014.6154... OK (894 KB) [pmc_pow]
  [3512/5960] PMC4485108 PMID:26056290 doi:10.1073/pnas.1509322112... OK (2669 KB) [pmc_pow]
  [3513/5960] PMC4487096 PMID:26171006 doi:10.3892/ol.2015.3212... OK (1055 KB) [pmc_pow]
  [3514/5960] PMC4491089 PMID:25825237 doi:10.1007/s10815-015-0465-7... OK (999 KB) [pmc_pow]
  [3515/5960] PMC4491118 PMID:25188881 doi:10.1165/rcmb.2014-0005OC... OK (1184 KB) [pmc_pow]
  [3516/5960] PMC4491544 PMID:26133937 doi:10.1152/physrev.00028.2014... FAIL [all_failed]
  [3517/5960] PMC4494147 PMID:26175857 no DOI... OK (727 KB) [pmc_pow]
  [3518/5960] PMC44948 PMID:7937829 doi:10.1073/pnas.91.21.10014... OK (1208 KB) [pmc_pow]
  [3519/5960] PMC45013 PMID:7937950 doi:10.1073/pnas.91.22.10330... OK (1253 KB) [pmc_pow]
  [3520/5960] PMC450256 PMID:8670814 no DOI... OK (2101 KB) [pmc_pow]
  [3521/5960] PMC45026 PMID:7937961 doi:10.1073/pnas.91.22.10394... OK (1331 KB) [pmc_pow]
  [3522/5960] PMC4502658 PMID:25484094 doi:10.4161/auto.36184... OK (1401 KB) [pmc_pow]
  [3523/5960] PMC4502661 PMID:25551567 doi:10.4161/15548627.2014.984270... OK (1901 KB) [pmc_pow]
  [3524/5960] PMC4502823 PMID:25915564 doi:10.1080/15548627.2015.1034408... FAIL [all_failed]
  [3525/5960] PMC4502999 PMID:26191127 no DOI... OK (1781 KB) [pmc_pow]
  [3526/5960] PMC4503026 PMID:26191154 no DOI... OK (1503 KB) [pmc_pow]
  [3527/5960] PMC4503765 PMID:14580305 doi:10.1089/152308603770310158... OK (647 KB) [pmc_pow]
  [3528/5960] PMC4504427 PMID:18538737 doi:10.1016/j.ccr.2008.04.002... OK (597 KB) [pmc_pow]
  [3529/5960] PMC4504935 PMID:25944881 doi:10.1152/ajpendo.00620.2014... FAIL [all_failed]
  [3530/5960] PMC4505505 PMID:25878248 doi:10.1074/jbc.M114.621706... OK (5899 KB) [pmc_pow]
  [3531/5960] PMC4507203 PMID:26124101 doi:10.1073/pnas.1421733112... OK (1048 KB) [pmc_pow]
  [3532/5960] PMC4512622 PMID:25964427 doi:10.1093/hmg/ddv173... OK (1784 KB) [pmc_pow]
  [3533/5960] PMC4517197 PMID:26150517 doi:10.1073/pnas.1510757112... OK (1205 KB) [pmc_pow]
  [3534/5960] PMC4518093 PMID:26130290 doi:10.1124/mol.115.08er15b... OK (19 KB) [pmc_pow]
  [3535/5960] PMC4520670 PMID:26214025 no DOI... OK (3901 KB) [pmc_pow]
  [3536/5960] PMC4521047 PMID:26060252 doi:10.1074/jbc.M115.655092... OK (2905 KB) [pmc_pow]
  [3537/5960] PMC452136 PMID:8861942 no DOI... OK (3590 KB) [pmc_pow]
  [3538/5960] PMC4524177 PMID:25917910 doi:10.1128/JB.00059-15... OK (1426 KB) [pmc_pow]
  [3539/5960] PMC452505 PMID:9003755 no DOI... FAIL [all_failed]
  [3540/5960] PMC4525091 PMID:26024684 doi:10.1152/ajpheart.00438.2014... FAIL [all_failed]
  [3541/5960] PMC4525109 PMID:26045618 doi:10.1152/ajpgi.00462.2014... FAIL [all_failed]
  [3542/5960] PMC4525111 PMID:26037248 doi:10.1152/ajpendo.00125.2015... FAIL [all_failed]
  [3543/5960] PMC4525675 PMID:26241401 doi:10.1167/iovs.15-16937... OK (916 KB) [pmc_pow]
  [3544/5960] PMC452574 PMID:15218092 doi:10.1091/10.1091/mbc.E03-11-0782... OK (810 KB) [pmc_pow]
  [3545/5960] PMC4527487 PMID:26041819 doi:10.1093/hmg/ddv207... OK (1396 KB) [pmc_pow]
  [3546/5960] PMC4528589 PMID:26063819 doi:10.1098/rsif.2015.0252... OK (1369 KB) [pmc_pow]
  [3547/5960] PMC452864 PMID:2050125 doi:10.1002/j.1460-2075.1991.tb07715.x... OK (3548 KB) [pmc_pow]
  [3548/5960] PMC4532746 PMID:26279757 no DOI... OK (908 KB) [pmc_pow]
  [3549/5960] PMC4533141 PMID:26622416 doi:10.3892/etm.2015.2644... OK (861 KB) [pmc_pow]
  [3550/5960] PMC4534671 PMID:26056385 doi:10.1128/IAI.00141-15... OK (2342 KB) [pmc_pow]
  [3551/5960] PMC4534832 PMID:26405541 doi:10.3892/br.2015.489... OK (719 KB) [pmc_pow]
  [3552/5960] PMC4537921 PMID:26058864 doi:10.1152/ajpendo.00161.2015... FAIL [all_failed]
  [3553/5960] PMC4537996 PMID:26309527 no DOI... OK (1220 KB) [pmc_pow]
  [3554/5960] PMC4540953 PMID:26092939 doi:10.1242/jcs.173807... FAIL [all_failed]
  [3555/5960] PMC45414 PMID:7991614 doi:10.1073/pnas.91.25.12248... OK (1208 KB) [pmc_pow]
  [3556/5960] PMC4541617 PMID:26018251 doi:10.1210/en.2015-1203... FAIL [all_failed]
  [3557/5960] PMC4542695 PMID:26002841 doi:10.1093/femsyr/fov027... OK (1297 KB) [pmc_pow]
  [3558/5960] PMC4543644 PMID:26063804 doi:10.1074/jbc.M115.641498... OK (1632 KB) [pmc_pow]
  [3559/5960] PMC4543672 PMID:26139607 doi:10.1074/jbc.M115.648998... FAIL [all_failed]
  [3560/5960] PMC4544189 PMID:26284556 doi:10.1167/iovs.14-16247... OK (1074 KB) [pmc_pow]
  [3561/5960] PMC4545371 PMID:25892363 doi:10.1089/scd.2015.0076... OK (781 KB) [pmc_pow]
  [3562/5960] PMC4547898 PMID:26056153 doi:10.15252/embj.201591520... OK (2320 KB) [crossref]
  [3563/5960] PMC4550821 PMID:26123488 doi:10.1093/hmg/ddv241... OK (1037 KB) [pmc_pow]
  [3564/5960] PMC4550827 PMID:26123486 doi:10.1093/hmg/ddv240... OK (710 KB) [pmc_pow]
  [3565/5960] PMC4560042 PMID:20858599 doi:10.1093/hmg/ddq414... OK (409 KB) [pmc_pow]
  [3566/5960] PMC4561968 PMID:26235743 doi:10.1038/aps.2015.44... OK (5485 KB) [pmc_pow]
  [3567/5960] PMC4562540 PMID:24859877 doi:10.3324/haematol.2014.104166... OK (483 KB) [pmc_pow]
  [3568/5960] PMC4564253 PMID:10416606 no DOI... OK (429 KB) [pmc_pow]
  [3569/5960] PMC4565247 PMID:26379864 no DOI... OK (731 KB) [pmc_pow]
  [3570/5960] PMC4565613 PMID:26106144 doi:10.1093/carcin/bgv031... OK (1265 KB) [pmc_pow]
  [3571/5960] PMC4566415 PMID:26348630 doi:10.1167/iovs.15-17294... OK (3035 KB) [pmc_pow]
  [3572/5960] PMC4568654 PMID:26305952 doi:10.1073/pnas.1511016112... OK (1265 KB) [pmc_pow]
  [3573/5960] PMC4570105 PMID:26405581 doi:10.1080/2162402X.2015.1023975... FAIL [all_failed]
  [3574/5960] PMC4570282 PMID:25865492 doi:10.1016/j.ajhg.2015.03.003... OK (1554 KB) [pmc_pow]
  [3575/5960] PMC4571312 PMID:25434989 doi:10.1038/aps.2014.108... OK (2787 KB) [pmc_pow]
  [3576/5960] PMC4571313 PMID:25434990 doi:10.1038/aps.2014.109... OK (1973 KB) [pmc_pow]
  [3577/5960] PMC4571606 PMID:26377470 doi:10.1523/JNEUROSCI.0109-15.2015... OK (2842 KB) [pmc_pow]
  [3578/5960] PMC4571870 PMID:26157141 doi:10.1074/jbc.M115.654913... OK (2482 KB) [pmc_pow]
  [3579/5960] PMC4571950 PMID:26205817 doi:10.1074/jbc.M115.663898... OK (4704 KB) [pmc_pow]
  [3580/5960] PMC4571969 PMID:26205822 doi:10.1074/jbc.M115.675207... OK (1637 KB) [pmc_pow]
  [3581/5960] PMC4572183 PMID:15309709 doi:10.3748/wjg.v10.i18.2632... OK (184 KB) [pmc_pow]
  [3582/5960] PMC4572325 PMID:15237426 doi:10.3748/wjg.v10.i14.2019... FAIL [all_failed]
  [3583/5960] PMC4572393 PMID:26155843 doi:10.1152/ajprenal.00238.2015... FAIL [all_failed]
  [3584/5960] PMC4572752 PMID:15162523 doi:10.3748/wjg.v10.i11.1551... OK (124 KB) [pmc_pow]
  [3585/5960] PMC4572895 PMID:26253715 doi:10.5966/sctm.2014-0217... OK (2032 KB) [pmc_pow]
  [3586/5960] PMC4573871 PMID:26232171 doi:10.1182/blood-2013-12-544445... FAIL [all_failed]
  [3587/5960] PMC4575582 PMID:26096709 doi:10.1113/JP270204... OK (588 KB) [pmc_pow]
  [3588/5960] PMC4575583 PMID:26096818 doi:10.1113/JP270211... OK (1111 KB) [pmc_pow]
  [3589/5960] PMC4576119 PMID:26195527 doi:10.1128/AAC.00879-15... OK (1252 KB) [pmc_pow]
  [3590/5960] PMC4576981 PMID:26162776 doi:10.15252/embr.201540514... OK (3741 KB) [pmc_pow]
  [3591/5960] PMC4576983 PMID:26232272 doi:10.15252/embr.201540759... OK (8400 KB) [crossref]
  [3592/5960] PMC4577137 PMID:26324887 doi:10.1073/pnas.1508871112... OK (1114 KB) [pmc_pow]
  [3593/5960] PMC4578004 PMID:26220658 doi:10.1093/aob/mcv121... OK (373 KB) [pmc_pow]
  [3594/5960] PMC4579155 PMID:26405403 doi:10.1007/s13224-014-0620-6... OK (1193 KB) [pmc_pow]
  [3595/5960] PMC4579975 PMID:26622854 doi:10.3892/ol.2015.3501... OK (1064 KB) [pmc_pow]
  [3596/5960] PMC4583035 PMID:26269602 doi:10.1074/jbc.M115.675694... OK (1642 KB) [pmc_pow]
  [3597/5960] PMC4583047 PMID:26240137 doi:10.1074/jbc.M115.655837... OK (1439 KB) [pmc_pow]
  [3598/5960] PMC4583867 PMID:26464635 no DOI... OK (1376 KB) [pmc_pow]
  [3599/5960] PMC45849 PMID:8433985 doi:10.1073/pnas.90.4.1247... OK (983 KB) [pmc_pow]
  [3600/5960] PMC4586878 PMID:26351686 doi:10.1073/pnas.1505056112... OK (1054 KB) [pmc_pow]
  [3601/5960] PMC4587334 PMID:25903580 doi:10.1074/mcp.M115.050211... OK (2872 KB) [pmc_pow]
  [3602/5960] PMC4587598 PMID:25761880 doi:10.1152/ajprenal.00419.2014... FAIL [all_failed]
  [3603/5960] PMC4588127 PMID:26385091 doi:10.1101/cshperspect.a025130... OK (1026 KB) [pmc_pow]
  [3604/5960] PMC4590602 PMID:26102061 doi:10.1080/15548627.2015.1063765... OK (1502 KB) [pmc_pow]
  [3605/5960] PMC4590642 PMID:26086452 doi:10.1080/15548627.2015.1063766... OK (1607 KB) [pmc_pow]
  [3606/5960] PMC4590656 PMID:26083448 doi:10.1080/15548627.2015.1061172... OK (237 KB) [pmc_pow]
  [3607/5960] PMC4591822 PMID:26272616 doi:10.1074/jbc.M115.672824... OK (2280 KB) [pmc_pow]
  [3608/5960] PMC4592082 PMID:25564040 doi:10.1038/ejhg.2014.286... OK (1179 KB) [pmc_pow]
  [3609/5960] PMC4592348 PMID:26335484 doi:10.1093/jme/tjv055... OK (347 KB) [pmc_pow]
  [3610/5960] PMC4594261 PMID:25482634 doi:10.4161/19336918.2014.969993... OK (1146 KB) [pmc_pow]
  [3611/5960] PMC4594271 PMID:26102991 doi:10.1111/bph.13227... OK (1344 KB) [pmc_pow]
  [3612/5960] PMC4594545 PMID:25483589 doi:10.4161/19336950.2014.956564... OK (848 KB) [pmc_pow]
  [3613/5960] PMC4595403 PMID:26276431 doi:10.1007/s10815-015-0552-9... OK (4921 KB) [pmc_pow]
  [3614/5960] PMC4595428 PMID:26134454 doi:10.1007/s12192-015-0613-0... OK (913 KB) [pmc_pow]
  [3615/5960] PMC4598995 PMID:26307071 doi:10.1074/jbc.M115.668822... OK (3425 KB) [pmc_pow]
  [3616/5960] PMC4599011 PMID:26318450 doi:10.1074/jbc.M115.682369... OK (1397 KB) [pmc_pow]
  [3617/5960] PMC4599391 PMID:26129753 doi:10.1093/cid/civ527... OK (305 KB) [pmc_pow]
  [3618/5960] PMC4600951 PMID:26378079 doi:10.1152/physrev.00004.2015... FAIL [all_failed]
  [3619/5960] PMC4601044 PMID:26445438 doi:10.1016/j.bpj.2015.08.002... OK (1986 KB) [pmc_pow]
  [3620/5960] PMC4603455 PMID:26396258 doi:10.1073/pnas.1516208112... OK (1069 KB) [pmc_pow]
  [3621/5960] PMC4607115 PMID:26389676 doi:10.1172/JCI82498... OK (3372 KB) [pmc_pow]
  [3622/5960] PMC4608389 PMID:26186940 doi:10.1182/blood-2015-01-621870... FAIL [all_failed]
  [3623/5960] PMC4609945 PMID:26186946 doi:10.1152/ajplung.00104.2015... FAIL [all_failed]
  [3624/5960] PMC4611325 PMID:12532445 doi:10.3748/wjg.v9.i2.267... OK (341 KB) [pmc_pow]
  [3625/5960] PMC4611612 PMID:26417073 doi:10.1073/pnas.1508073112... OK (1230 KB) [pmc_pow]
  [3626/5960] PMC4611815 PMID:12800255 doi:10.3748/wjg.v9.i6.1352... OK (164 KB) [pmc_pow]
  [3627/5960] PMC4612017 PMID:15534931 doi:10.3748/wjg.v10.i24.3677... OK (69 KB) [pmc_pow]
  [3628/5960] PMC4612045 PMID:14669326 doi:10.3748/wjg.v9.i12.2745... OK (201 KB) [pmc_pow]
  [3629/5960] PMC46121 PMID:8460168 doi:10.1073/pnas.90.6.2527... FAIL [all_failed]
  [3630/5960] PMC4612925 PMID:26550240 no DOI... OK (947 KB) [pmc_pow]
  [3631/5960] PMC4612948 PMID:26550263 no DOI... OK (722 KB) [pmc_pow]
  [3632/5960] PMC4614372 PMID:25485496 doi:10.4161/15384101.2014.965054... FAIL [all_failed]
  [3633/5960] PMC4614761 PMID:26378221 doi:10.1098/rspb.2015.1704... OK (669 KB) [pmc_pow]
  [3634/5960] PMC4615001 PMID:26030272 doi:10.1080/15384101.2015.1053672... OK (960 KB) [pmc_pow]
  [3635/5960] PMC4616888 PMID:26504768 doi:10.15171/apb.2015.060... OK (669 KB) [pmc_pow]
  [3636/5960] PMC4618834 PMID:18791274 doi:10.3233/CLO-2008-0431... OK (383 KB) [pmc_pow]
  [3637/5960] PMC4620870 PMID:26438848 doi:10.1073/pnas.1517932112... OK (10500 KB) [pmc_pow]
  [3638/5960] PMC4620883 PMID:26430242 doi:10.1073/pnas.1517810112... OK (1521 KB) [pmc_pow]
  [3639/5960] PMC4620890 PMID:26438859 doi:10.1073/pnas.1506129112... OK (2923 KB) [pmc_pow]
  [3640/5960] PMC4621583 PMID:12632519 doi:10.3748/wjg.v9.i3.562... FAIL [all_failed]
  [3641/5960] PMC4621587 PMID:12632523 doi:10.3748/wjg.v9.i3.584... OK (378 KB) [pmc_pow]
  [3642/5960] PMC4622535 PMID:25692338 doi:10.1080/15384047.2015.1009269... OK (666 KB) [pmc_pow]
  [3643/5960] PMC4622679 PMID:26011589 doi:10.1080/15384047.2015.1046646... FAIL [all_failed]
  [3644/5960] PMC4622729 PMID:25457061 doi:10.4161/15384047.2014.987075... OK (713 KB) [pmc_pow]
  [3645/5960] PMC4622942 PMID:25701261 doi:10.1080/15384047.2015.1016660... OK (614 KB) [pmc_pow]
  [3646/5960] PMC4623555 PMID:23939042 doi:10.4161/auto.25831... OK (2617 KB) [pmc_pow]
  [3647/5960] PMC46253 PMID:8475050 doi:10.1073/pnas.90.8.3127... OK (1921 KB) [pmc_pow]
  [3648/5960] PMC4631585 PMID:26527263 doi:10.1107/S2053230X15017033... OK (1386 KB) [pmc_pow]
  [3649/5960] PMC4637556 PMID:26617741 no DOI... OK (913 KB) [pmc_pow]
  [3650/5960] PMC4638046 PMID:26320211 doi:10.1074/mcp.M115.048850... OK (2784 KB) [pmc_pow]
  [3651/5960] PMC4640804 PMID:26483491 doi:10.1073/pnas.1516215112... FAIL [all_failed]
  [3652/5960] PMC4642445 PMID:23270174 doi:10.1603/me12071... OK (326 KB) [pmc_pow]
  [3653/5960] PMC4645314 PMID:26378180 doi:10.1128/JVI.01718-15... OK (1654 KB) [pmc_pow]
  [3654/5960] PMC4645597 PMID:26240144 doi:10.1074/jbc.M115.663492... OK (1852 KB) [pmc_pow]
  [3655/5960] PMC4646015 PMID:26432643 doi:10.1074/jbc.M115.654129... OK (3809 KB) [pmc_pow]
  [3656/5960] PMC4646035 PMID:26396189 doi:10.1074/jbc.M115.651257... OK (2769 KB) [pmc_pow]
  [3657/5960] PMC4646191 PMID:26330555 doi:10.1074/jbc.M115.652776... OK (1453 KB) [pmc_pow]
  [3658/5960] PMC4646232 PMID:26283787 doi:10.1074/jbc.M115.659797... FAIL [all_failed]
  [3659/5960] PMC4646308 PMID:26370079 doi:10.1074/jbc.M115.677724... OK (5711 KB) [pmc_pow]
  [3660/5960] PMC4646309 PMID:26370081 doi:10.1074/jbc.M115.673624... OK (3624 KB) [pmc_pow]
  [3661/5960] PMC4646560 PMID:26601016 doi:10.1364/BOE.6.004539... OK (2492 KB) [pmc_pow]
  [3662/5960] PMC4648299 PMID:25825051 doi:10.1093/neuonc/nov042... OK (1053 KB) [pmc_pow]
  [3663/5960] PMC4649231 PMID:26392512 doi:10.1128/AAC.01391-15... OK (1826 KB) [pmc_pow]
  [3664/5960] PMC4651222 PMID:24362332 doi:10.1038/aps.2013.151... OK (3683 KB) [pmc_pow]
  [3665/5960] PMC4653051 PMID:26399787 doi:10.1096/fj.14-269795... FAIL [all_failed]
  [3666/5960] PMC4653186 PMID:26504230 doi:10.1073/pnas.1511903112... OK (847 KB) [pmc_pow]
  [3667/5960] PMC4654057 PMID:26420838 doi:10.1093/hmg/ddv404... OK (1120 KB) [pmc_pow]
  [3668/5960] PMC4656414 PMID:12046063 doi:10.3748/wjg.v8.i3.426... OK (111 KB) [pmc_pow]
  [3669/5960] PMC4656597 PMID:11833082 doi:10.3748/wjg.v8.i1.103... OK (144 KB) [pmc_pow]
  [3670/5960] PMC4656638 PMID:12970870 doi:10.3748/wjg.v9.i9.1892... OK (167 KB) [pmc_pow]
  [3671/5960] PMC4657520 PMID:26120766 doi:10.1089/ars.2014.5896... OK (1060 KB) [pmc_pow]
  [3672/5960] PMC4657825 PMID:25855771 doi:10.1681/ASN.2014050528... OK (2086 KB) [pmc_pow]
  [3673/5960] PMC4658354 PMID:11925595 doi:10.3748/wjg.v8.i2.217... OK (214 KB) [pmc_pow]
  [3674/5960] PMC4659133 PMID:26629245 no DOI... OK (680 KB) [pmc_pow]
  [3675/5960] PMC4661385 PMID:26446790 doi:10.1074/jbc.M115.673707... FAIL [all_failed]
  [3676/5960] PMC4664353 PMID:26553996 doi:10.1073/pnas.1508760112... OK (1653 KB) [pmc_pow]
  [3677/5960] PMC4665151 PMID:26668648 doi:10.3892/etm.2015.2779... OK (714 KB) [pmc_pow]
  [3678/5960] PMC4665222 PMID:26640580 doi:10.3892/etm.2015.2763... OK (677 KB) [pmc_pow]
  [3679/5960] PMC4665779 PMID:26529255 doi:10.1172/JCI83260... OK (1261 KB) [pmc_pow]
  [3680/5960] PMC4665800 PMID:26571396 doi:10.1172/JCI82204... OK (2025 KB) [pmc_pow]
  [3681/5960] PMC46667 PMID:7685115 doi:10.1073/pnas.90.11.5123... OK (1559 KB) [pmc_pow]
  [3682/5960] PMC4669344 PMID:26384407 doi:10.1152/japplphysiol.00048.2015... FAIL [all_failed]
  [3683/5960] PMC4669682 PMID:17717041 doi:10.1152/ajpgi.00312.2007... OK (496 KB) [pmc_pow]
  [3684/5960] PMC46715 PMID:8506385 doi:10.1073/pnas.90.11.5355... OK (1183 KB) [pmc_pow]
  [3685/5960] PMC4673481 PMID:26310832 doi:10.1189/jlb.3A1114-537RR... FAIL [all_failed]
  [3686/5960] PMC4674247 PMID:26350449 doi:10.4269/ajtmh.15-0309... OK (837 KB) [pmc_pow]
  [3687/5960] PMC467528 PMID:39026927 doi:10.1166/mex.2024.2620... OK (2847 KB) [pmc_pow]
  [3688/5960] PMC4676952 PMID:26095919 doi:10.1111/bpa.12274... OK (272 KB) [pmc_pow]
  [3689/5960] PMC4677570 PMID:26058518 doi:10.1089/ars.2014.6108... OK (1895 KB) [pmc_pow]
  [3690/5960] PMC46795 PMID:8390677 doi:10.1073/pnas.90.12.5728... OK (857 KB) [pmc_pow]
  [3691/5960] PMC4679759 PMID:26715810 doi:10.3748/wjg.v21.i47.13277... OK (1174 KB) [pmc_pow]
  [3692/5960] PMC4680419 PMID:26722474 no DOI... OK (1780 KB) [pmc_pow]
  [3693/5960] PMC4680426 PMID:26722481 no DOI... OK (1005 KB) [pmc_pow]
  [3694/5960] PMC4681063 PMID:25953917 doi:10.1099/vir.0.000178... OK (504 KB) [pmc_pow]
  [3695/5960] PMC4681866 PMID:26046255 doi:10.1038/ismej.2015.91... OK (3222 KB) [pmc_pow]
  [3696/5960] PMC4683261 PMID:26511318 doi:10.1074/jbc.M115.660506... OK (5157 KB) [pmc_pow]
  [3697/5960] PMC4685486 PMID:26067258 doi:10.1089/ars.2015.6407... FAIL [all_failed]
  [3698/5960] PMC4686146 PMID:26702365 doi:10.4172/2161-0495.S5-005... OK (888 KB) [pmc_pow]
  [3699/5960] PMC4688609 PMID:11819477 doi:10.3748/wjg.v5.i5.404... OK (103 KB) [pmc_pow]
  [3700/5960] PMC4688792 PMID:11819498 doi:10.3748/wjg.v5.i6.492... OK (383 KB) [pmc_pow]
  [3701/5960] PMC4688842 PMID:11819673 doi:10.3748/wjg.v6.i5.676... OK (214 KB) [pmc_pow]
  [3702/5960] PMC4692115 PMID:26467629 doi:10.1089/hum.2015.098... OK (1337 KB) [pmc_pow]
  [3703/5960] PMC4692230 PMID:26559970 doi:10.1074/jbc.M115.670182... OK (2844 KB) [pmc_pow]
  [3704/5960] PMC4692539 PMID:26325607 doi:10.3791/52737... OK (2146 KB) [pmc_pow]
  [3705/5960] PMC4692689 PMID:26575833 doi:10.3791/53133... OK (2990 KB) [pmc_pow]
  [3706/5960] PMC4694303 PMID:26770403 no DOI... OK (842 KB) [pmc_pow]
  [3707/5960] PMC4695607 PMID:11854914 doi:10.3748/wjg.v7.i6.846... FAIL [all_failed]
  [3708/5960] PMC4696400 PMID:22493042 doi:10.1124/jpet.112.194142... OK (2451 KB) [pmc_pow]
  [3709/5960] PMC4696446 PMID:26252064 doi:10.1089/humc.2015.052... OK (708 KB) [pmc_pow]
  [3710/5960] PMC4697373 PMID:26644575 doi:10.1073/pnas.1511743112... OK (778 KB) [pmc_pow]
  [3711/5960] PMC4697722 PMID:26807190 no DOI... OK (5926 KB) [pmc_pow]
  [3712/5960] PMC4698263 PMID:25149285 doi:10.1007/s10616-014-9752-x... OK (1450 KB) [pmc_pow]
  [3713/5960] PMC4698269 PMID:25091858 doi:10.1007/s10616-014-9765-5... OK (2401 KB) [pmc_pow]
  [3714/5960] PMC4698272 PMID:25159521 doi:10.1007/s10616-014-9755-7... OK (1435 KB) [pmc_pow]
  [3715/5960] PMC4698399 PMID:26660852 doi:10.1152/physrev.00003.2015... FAIL [all_failed]
  [3716/5960] PMC4701549 PMID:26595809 doi:10.1172/JCI84669... OK (2566 KB) [pmc_pow]
  [3717/5960] PMC4702538 PMID:26491155 doi:10.1128/JVI.02175-15... OK (3291 KB) [pmc_pow]
  [3718/5960] PMC4702585 PMID:26512076 doi:10.1128/JVI.01903-15... OK (3014 KB) [pmc_pow]
  [3719/5960] PMC4702977 PMID:26668395 doi:10.1073/pnas.1514250112... OK (1164 KB) [pmc_pow]
  [3720/5960] PMC4703001 PMID:26655341 doi:10.1073/pnas.1512867112... OK (1487 KB) [pmc_pow]
  [3721/5960] PMC4703014 PMID:26668374 doi:10.1073/pnas.1512609112... OK (1235 KB) [pmc_pow]
  [3722/5960] PMC4703138 PMID:16574152 doi:10.1016/j.jmb.2006.02.073... OK (4379 KB) [pmc_pow]
  [3723/5960] PMC4703253 PMID:26392158 doi:10.4269/ajtmh.14-0686... OK (698 KB) [pmc_pow]
  [3724/5960] PMC4704227 PMID:26552983 doi:10.1128/AAC.02270-15... OK (1120 KB) [pmc_pow]
  [3725/5960] PMC4704329 PMID:26767050 doi:10.1111/1759-7714.12127... FAIL [all_failed]
  [3726/5960] PMC4704358 PMID:26767017 doi:10.1111/1759-7714.12093... OK (928 KB) [pmc_pow]
  [3727/5960] PMC4704516 PMID:26503399 doi:10.1113/JP271299... OK (670 KB) [pmc_pow]
  [3728/5960] PMC4705416 PMID:26586915 doi:10.1074/jbc.M115.689299... OK (1451 KB) [pmc_pow]
  [3729/5960] PMC4705950 PMID:26491018 doi:10.1074/jbc.M115.670364... OK (3107 KB) [pmc_pow]
  [3730/5960] PMC4713494 PMID:26823708 no DOI... OK (1269 KB) [pmc_pow]
  [3731/5960] PMC4713565 PMID:26823779 no DOI... OK (654 KB) [pmc_pow]
  [3732/5960] PMC4713592 PMID:26823806 no DOI... OK (723 KB) [pmc_pow]
  [3733/5960] PMC4713742 PMID:26457670 doi:10.1113/JP270844... OK (713 KB) [pmc_pow]
  [3734/5960] PMC4713747 PMID:26767887 doi:10.1113/JP271673... OK (61 KB) [pmc_pow]
  [3735/5960] PMC4714233 PMID:26601949 doi:10.1074/jbc.M115.684399... OK (2307 KB) [pmc_pow]
  [3736/5960] PMC47144 PMID:8346262 doi:10.1073/pnas.90.15.7396... OK (1091 KB) [pmc_pow]
  [3737/5960] PMC4716301 PMID:26206091 doi:10.1038/cdd.2015.84... OK (1966 KB) [pmc_pow]
  [3738/5960] PMC4716309 PMID:26184910 doi:10.1038/cdd.2015.96... OK (5391 KB) [pmc_pow]
  [3739/5960] PMC4717012 PMID:14716831 doi:10.3748/wjg.v10.i2.238... OK (1738 KB) [pmc_pow]
  [3740/5960] PMC4717059 PMID:14695779 doi:10.3748/wjg.v10.i1.105... OK (225 KB) [pmc_pow]
  [3741/5960] PMC4719292 PMID:26552703 doi:10.1128/MCB.00920-15... OK (3715 KB) [pmc_pow]
  [3742/5960] PMC47194 PMID:8356065 doi:10.1073/pnas.90.16.7623... OK (1391 KB) [pmc_pow]
  [3743/5960] PMC4720340 PMID:26621732 doi:10.1073/pnas.1520947112... OK (1056 KB) [pmc_pow]
  [3744/5960] PMC472079 PMID:5350723 doi:10.1136/thx.24.6.729... OK (3029 KB) [pmc_pow]
  [3745/5960] PMC4723791 PMID:26884946 no DOI... OK (667 KB) [pmc_pow]
  [3746/5960] PMC4723982 PMID:26885137 no DOI... FAIL [all_failed]
  [3747/5960] PMC4727082 PMID:26870283 doi:10.3892/ol.2015.3953... OK (1215 KB) [pmc_pow]
  [3748/5960] PMC4728883 PMID:26835269 doi:10.3978/j.issn.2224-4336.2012.02.03... OK (661 KB) [pmc_pow]
  [3749/5960] PMC4730038 PMID:26884825 no DOI... OK (1053 KB) [pmc_pow]
  [3750/5960] PMC4731129 PMID:26203118 doi:10.1681/ASN.2015030302... OK (3065 KB) [pmc_pow]
  [3751/5960] PMC4732220 PMID:26668314 doi:10.1074/jbc.M115.685008... FAIL [all_failed]
  [3752/5960] PMC4732222 PMID:26655953 doi:10.1074/jbc.M115.694323... OK (8298 KB) [pmc_pow]
  [3753/5960] PMC473254 PMID:5937613 doi:10.1136/jcp.19.3.275... OK (517 KB) [pmc_pow]
  [3754/5960] PMC4733981 PMID:26608311 doi:10.1128/JVI.02417-15... OK (962 KB) [pmc_pow]
  [3755/5960] PMC4735885 PMID:26858879 doi:10.3727/215517913X674207... OK (3903 KB) [pmc_pow]
  [3756/5960] PMC47419 PMID:7690968 doi:10.1073/pnas.90.18.8668... OK (1076 KB) [pmc_pow]
  [3757/5960] PMC4743686 PMID:26669719 doi:10.1093/hmg/ddv503... OK (857 KB) [pmc_pow]
  [3758/5960] PMC4743695 PMID:26721933 doi:10.1093/hmg/ddv616... OK (1173 KB) [pmc_pow]
  [3759/5960] PMC4747699 PMID:26787851 doi:10.1073/pnas.1525460113... FAIL [all_failed]
  [3760/5960] PMC4747700 PMID:26787889 doi:10.1073/pnas.1525354113... OK (1469 KB) [pmc_pow]
  [3761/5960] PMC4749489 PMID:26322851 doi:10.2119/molmed.2015.00187... OK (6210 KB) [pmc_pow]
  [3762/5960] PMC4750423 PMID:26671999 doi:10.1096/fj.15-281543... FAIL [all_failed]
  [3763/5960] PMC4750688 PMID:26596944 doi:10.1128/AAC.01790-15... OK (357 KB) [pmc_pow]
  [3764/5960] PMC4751820 PMID:26644430 doi:10.1128/JB.00659-15... OK (1757 KB) [pmc_pow]
  [3765/5960] PMC4754256 PMID:25260543 doi:10.1007/s10616-014-9786-0... OK (1115 KB) [pmc_pow]
  [3766/5960] PMC4758551 PMID:26174330 doi:10.1038/jcbfm.2015.164... OK (298 KB) [pmc_pow]
  [3767/5960] PMC4759428 PMID:27069552 no DOI... OK (1401 KB) [pmc_pow]
  [3768/5960] PMC4760779 PMID:26787885 doi:10.1073/pnas.1523306113... OK (1180 KB) [pmc_pow]
  [3769/5960] PMC4766451 PMID:26303948 doi:10.15252/embr.201540837... OK (2282 KB) [pmc_pow]
  [3770/5960] PMC4771777 PMID:26339730 doi:10.1113/JP271118... OK (815 KB) [pmc_pow]
  [3771/5960] PMC4774411 PMID:26998069 doi:10.3892/ol.2016.4103... OK (1119 KB) [pmc_pow]
  [3772/5960] PMC4774422 PMID:26998139 doi:10.3892/ol.2016.4167... OK (1021 KB) [pmc_pow]
  [3773/5960] PMC4775968 PMID:26711769 doi:10.1128/AAC.01876-15... OK (1079 KB) [pmc_pow]
  [3774/5960] PMC4777850 PMID:26703469 doi:10.1074/jbc.M115.701862... OK (2174 KB) [pmc_pow]
  [3775/5960] PMC4778438 PMID:27293711 doi:10.1093/conphys/cov026... OK (1023 KB) [pmc_pow]
  [3776/5960] PMC4779306 PMID:26690344 doi:10.1093/infdis/jiv754... OK (258 KB) [pmc_pow]
  [3777/5960] PMC4779920 PMID:26973393 doi:10.3748/wjg.v22.i10.2971... OK (1422 KB) [pmc_pow]
  [3778/5960] PMC478578 PMID:15226492 doi:10.1073/pnas.0401319101... OK (518 KB) [pmc_pow]
  [3779/5960] PMC4785920 PMID:26763213 doi:10.1098/rsbl.2015.0807... OK (785 KB) [pmc_pow]
  [3780/5960] PMC4789993 PMID:27003995 doi:10.3748/wjg.v22.i11.3186... OK (1870 KB) [pmc_pow]
  [3781/5960] PMC4790435 PMID:18398222 doi:10.1177/1099800408315160... FAIL [all_failed]
  [3782/5960] PMC479052 PMID:15280469 doi:10.1128/JVI.78.16.8601-8608.2004... OK (1022 KB) [pmc_pow]
  [3783/5960] PMC479107 PMID:15123581 doi:10.1101/gr.2228504... OK (270 KB) [pmc_pow]
  [3784/5960] PMC4795836 PMID:26998524 doi:10.1172/jci.insight.84897... OK (962 KB) [pmc_pow]
  [3785/5960] PMC47959 PMID:8248235 doi:10.1073/pnas.90.23.11247... OK (1504 KB) [pmc_pow]
  [3786/5960] PMC4798734 PMID:26956210 doi:10.5966/sctm.2015-0155... OK (3274 KB) [pmc_pow]
  [3787/5960] PMC4799962 PMID:26614395 doi:10.1113/JP271229... OK (436 KB) [pmc_pow]
  [3788/5960] PMC4800793 PMID:26787841 doi:10.1128/MCB.00762-15... OK (7242 KB) [pmc_pow]
  [3789/5960] PMC4801263 PMID:26929380 doi:10.1073/pnas.1516167113... OK (1500 KB) [pmc_pow]
  [3790/5960] PMC4804243 PMID:27019793 doi:10.5662/wjm.v6.i1.1... OK (1477 KB) [pmc_pow]
  [3791/5960] PMC4806205 PMID:27022229 doi:10.3748/wjg.v22.i12.3471... OK (1175 KB) [pmc_pow]
  [3792/5960] PMC4807251 PMID:26797130 doi:10.1074/jbc.M115.693523... OK (2779 KB) [pmc_pow]
  [3793/5960] PMC4807662 PMID:26819254 doi:10.5966/sctm.2015-0145... OK (2749 KB) [pmc_pow]
  [3794/5960] PMC4810470 PMID:26787839 doi:10.1128/MCB.01107-15... OK (8217 KB) [pmc_pow]
  [3795/5960] PMC4812267 PMID:27073499 doi:10.3892/ol.2016.4247... OK (1320 KB) [pmc_pow]
  [3796/5960] PMC4812560 PMID:27073552 doi:10.3892/ol.2016.4295... OK (989 KB) [pmc_pow]
  [3797/5960] PMC4813474 PMID:26733200 doi:10.1074/jbc.M115.675793... OK (2978 KB) [pmc_pow]
  [3798/5960] PMC4813551 PMID:26774271 doi:10.1074/jbc.M115.704494... OK (2439 KB) [pmc_pow]
  [3799/5960] PMC4813563 PMID:26801612 doi:10.1074/jbc.M115.691352... OK (2444 KB) [pmc_pow]
  [3800/5960] PMC4813579 PMID:26811336 doi:10.1074/jbc.M115.700849... OK (2056 KB) [pmc_pow]
  [3801/5960] PMC4814032 PMID:24786233 doi:10.1038/aps.2013.194... OK (3934 KB) [pmc_pow]
  [3802/5960] PMC4814239 PMID:25944468 doi:10.1038/hdy.2015.34... OK (1599 KB) [pmc_pow]
  [3803/5960] PMC4815416 PMID:26645192 doi:10.1002/pro.2855... OK (1337 KB) [pmc_pow]
  [3804/5960] PMC4815638 PMID:24667833 doi:10.1038/hdy.2014.24... OK (746 KB) [pmc_pow]
  [3805/5960] PMC4816230 PMID:26592513 doi:10.1038/aps.2015.119... OK (1144 KB) [pmc_pow]
  [3806/5960] PMC4817186 PMID:26887944 doi:10.1074/jbc.M115.711218... FAIL [all_failed]
  [3807/5960] PMC4818264 PMID:26322847 doi:10.2119/molmed.2015.00096... OK (1233 KB) [pmc_pow]
  [3808/5960] PMC4822470 PMID:27030416 doi:10.1098/rspb.2016.0179... OK (520 KB) [pmc_pow]
  [3809/5960] PMC4822583 PMID:26976564 doi:10.1073/pnas.1602264113... OK (2643 KB) [pmc_pow]
  [3810/5960] PMC4824151 PMID:26757797 doi:10.1152/physiolgenomics.00099.2015... FAIL [all_failed]
  [3811/5960] PMC4824580 PMID:26290961 doi:10.1080/15548627.2015.1084460... OK (224 KB) [pmc_pow]
  [3812/5960] PMC4824591 PMID:26389970 doi:10.1080/15548627.2015.1091912... OK (168 KB) [pmc_pow]
  [3813/5960] PMC4824595 PMID:26649941 doi:10.1080/15548627.2015.1100785... OK (810 KB) [pmc_pow]
  [3814/5960] PMC4824596 PMID:26315353 doi:10.1080/15548627.2015.1085136... OK (149 KB) [pmc_pow]
  [3815/5960] PMC4825546 PMID:26292025 doi:10.1080/15384101.2015.1080397... OK (822 KB) [pmc_pow]
  [3816/5960] PMC4829322 PMID:26327585 doi:10.1080/15476286.2015.1086866... OK (1025 KB) [pmc_pow]
  [3817/5960] PMC483089 PMID:1086089 doi:10.1136/hrt.38.8.790... OK (3212 KB) [pmc_pow]
  [3818/5960] PMC4834881 PMID:25305078 doi:10.1093/hmg/ddu524... OK (562 KB) [pmc_pow]
  [3819/5960] PMC4835917 PMID:26825124 doi:10.1152/ajpcell.00292.2015... FAIL [all_failed]
  [3820/5960] PMC4836400 PMID:26264513 doi:10.1093/brain/awv226... OK (403 KB) [pmc_pow]
  [3821/5960] PMC4838906 PMID:27110594 doi:10.1172/jci.insight.85817... OK (4065 KB) [pmc_pow]
  [3822/5960] PMC4839461 PMID:27035974 doi:10.1073/pnas.1524212113... OK (1217 KB) [pmc_pow]
  [3823/5960] PMC4840023 PMID:26936885 doi:10.1093/humrep/dew033... OK (242 KB) [pmc_pow]
  [3824/5960] PMC4840249 PMID:27037502 doi:10.1111/iep.12169... OK (804 KB) [pmc_pow]
  [3825/5960] PMC4840967 PMID:27123146 doi:10.3892/ol.2016.4379... OK (1007 KB) [pmc_pow]
  [3826/5960] PMC4841355 PMID:27077278 doi:10.3791/53941... OK (462 KB) [pmc_pow]
  [3827/5960] PMC4843487 PMID:27044092 doi:10.1073/pnas.1522556113... OK (2124 KB) [pmc_pow]
  [3828/5960] PMC48449 PMID:1741388 doi:10.1073/pnas.89.4.1358... OK (1236 KB) [pmc_pow]
  [3829/5960] PMC4846955 PMID:27158398 no DOI... FAIL [all_failed]
  [3830/5960] PMC4847812 PMID:26569090 doi:10.1080/15384047.2015.1108491... OK (2164 KB) [pmc_pow]
  [3831/5960] PMC4848127 PMID:26906922 doi:10.1159/000443882... OK (1060 KB) [pmc_pow]
  [3832/5960] PMC4849814 PMID:26424786 doi:10.1681/ASN.2014121271... OK (3188 KB) [pmc_pow]
  [3833/5960] PMC4850296 PMID:26929405 doi:10.1074/jbc.M115.709261... OK (3346 KB) [pmc_pow]
  [3834/5960] PMC4851298 PMID:26921399 doi:10.1124/mol.116.103697... FAIL [all_failed]
  [3835/5960] PMC4853342 PMID:27162719 doi:10.18240/ijo.2016.04.04... OK (1093 KB) [pmc_pow]
  [3836/5960] PMC4853343 PMID:27162720 doi:10.18240/ijo.2016.04.05... OK (1184 KB) [pmc_pow]
  [3837/5960] PMC4853838 PMID:26755443 doi:10.1177/0271678X15625349... OK (1849 KB) [pmc_pow]
  [3838/5960] PMC4853901 PMID:17272269 doi:10.1074/jbc.M610550200... OK (1013 KB) [pmc_pow]
  [3839/5960] PMC4853902 PMID:16806050 doi:10.1016/j.bbabio.2006.05.008... OK (490 KB) [pmc_pow]
  [3840/5960] PMC4853903 PMID:17999718 doi:10.1111/j.1471-4159.2007.05122.x... OK (1256 KB) [pmc_pow]
  [3841/5960] PMC4854539 PMID:26986453 doi:10.1080/15548627.2016.1156822... OK (1786 KB) [pmc_pow]
  [3842/5960] PMC4855391 PMID:27097927 doi:10.1098/rspb.2016.0467... OK (654 KB) [pmc_pow]
  [3843/5960] PMC4857542 PMID:27041463 doi:10.1038/aps.2015.151... OK (2068 KB) [pmc_pow]
  [3844/5960] PMC4857543 PMID:27063218 doi:10.1038/aps.2015.152... OK (2484 KB) [pmc_pow]
  [3845/5960] PMC4858951 PMID:26850065 doi:10.1074/mcp.M115.056770... OK (1983 KB) [pmc_pow]
  [3846/5960] PMC4858986 PMID:26940873 doi:10.1074/jbc.M115.707539... OK (3288 KB) [pmc_pow]
  [3847/5960] PMC4859886 PMID:27186433 no DOI... OK (1312 KB) [pmc_pow]
  [3848/5960] PMC4860356 PMID:18374064 doi:10.1016/j.transproceed.2008.01.037... OK (90 KB) [pmc_pow]
  [3849/5960] PMC48624 PMID:1549582 doi:10.1073/pnas.89.6.2200... OK (1497 KB) [pmc_pow]
  [3850/5960] PMC4864453 PMID:27197245 doi:10.1101/gr.206557.116... OK (27 KB) [pmc_pow]
  [3851/5960] PMC4864719 PMID:26427993 doi:10.1007/8904_2015_468... OK (158 KB) [pmc_pow]
  [3852/5960] PMC4865928 PMID:27002158 doi:10.1074/jbc.M115.698779... OK (2744 KB) [pmc_pow]
  [3853/5960] PMC486729 PMID:9048718 doi:10.1136/jnnp.62.2.169... OK (1400 KB) [pmc_pow]
  [3854/5960] PMC4867352 PMID:26919895 doi:10.1152/ajplung.00091.2015... FAIL [all_failed]
  [3855/5960] PMC4868425 PMID:27118840 doi:10.1073/pnas.1519261113... OK (2766 KB) [pmc_pow]
  [3856/5960] PMC4871660 PMID:26809688 doi:10.1080/21505594.2016.1144001... OK (1202 KB) [pmc_pow]
  [3857/5960] PMC48751 PMID:1372992 doi:10.1073/pnas.89.7.2804... OK (974 KB) [pmc_pow]
  [3858/5960] PMC4875336 PMID:21614672 doi:10.1007/s13238-011-1046-x... OK (875 KB) [pmc_pow]
  [3859/5960] PMC4875348 PMID:23055042 doi:10.1007/s13238-012-2069-7... OK (4446 KB) [crossref]
  [3860/5960] PMC4878181 PMID:27087439 doi:10.1194/jlr.M061853... OK (1751 KB) [pmc_pow]
  [3861/5960] PMC4880135 PMID:26962056 doi:10.1093/toxsci/kfw045... OK (1232 KB) [pmc_pow]
  [3862/5960] PMC4882492 PMID:27061087 doi:10.1111/bph.13495... OK (3325 KB) [pmc_pow]
  [3863/5960] PMC4883903 PMID:26208889 doi:10.1080/15592324.2015.1062199... OK (212 KB) [pmc_pow]
  [3864/5960] PMC4884918 PMID:26965313 doi:10.1093/molehr/gaw023... OK (1100 KB) [pmc_pow]
  [3865/5960] PMC4885236 PMID:26774058 doi:10.1093/jhered/esw002... FAIL [all_failed]
  [3866/5960] PMC4887669 PMID:26631938 doi:10.1113/JP271259... OK (719 KB) [pmc_pow]
  [3867/5960] PMC4887698 PMID:26840628 doi:10.1113/JP271836... OK (883 KB) [pmc_pow]
  [3868/5960] PMC4888252 PMID:27313705 doi:10.3892/ol.2016.4480... OK (503 KB) [pmc_pow]
  [3869/5960] PMC4888356 PMID:26972278 doi:10.1093/abbs/gmw014... OK (426 KB) [pmc_pow]
  [3870/5960] PMC4888365 PMID:27055473 doi:10.1093/abbs/gmw023... OK (1069 KB) [pmc_pow]
  [3871/5960] PMC4888557 PMID:26637635 doi:10.1152/ajplung.00187.2015... FAIL [all_failed]
  [3872/5960] PMC4889229 PMID:26940879 doi:10.1080/15384101.2016.1156276... OK (1265 KB) [pmc_pow]
  [3873/5960] PMC4889290 PMID:26986068 doi:10.1080/15384101.2016.1160974... FAIL [all_failed]
  [3874/5960] PMC4889712 PMID:27293991 no DOI... OK (2729 KB) [pmc_pow]
  [3875/5960] PMC4899127 PMID:26920032 doi:10.1007/s13402-016-0272-x... OK (2493 KB) [pmc_pow]
  [3876/5960] PMC49053 PMID:1584755 doi:10.1073/pnas.89.10.4221... OK (1502 KB) [pmc_pow]
  [3877/5960] PMC4905363 PMID:27308517 doi:10.1080/23723556.2014.997518... OK (100 KB) [pmc_pow]
  [3878/5960] PMC4905388 PMID:27308608 doi:10.1080/23723556.2015.1085120... OK (288 KB) [pmc_pow]
  [3879/5960] PMC490598 PMID:6821580 doi:10.1136/jnnp.43.6.546... OK (441 KB) [pmc_pow]
  [3880/5960] PMC4906727 PMID:27347147 doi:10.3892/ol.2016.4600... OK (902 KB) [pmc_pow]
  [3881/5960] PMC4906802 PMID:27330750 doi:10.3892/br.2016.664... OK (3664 KB) [openalex]
  [3882/5960] PMC4907132 PMID:27068089 doi:10.1128/IAI.01483-15... OK (1154 KB) [pmc_pow]
  [3883/5960] PMC4907148 PMID:27068090 doi:10.1128/IAI.00193-16... OK (1974 KB) [pmc_pow]
  [3884/5960] PMC4907994 PMID:27056733 doi:10.1007/s12192-016-0688-2... OK (6584 KB) [pmc_pow]
  [3885/5960] PMC4908017 PMID:26915455 doi:10.1113/JP271858... OK (1307 KB) [pmc_pow]
  [3886/5960] PMC4914195 PMID:27162355 doi:10.1073/pnas.1519508113... OK (1046 KB) [pmc_pow]
  [3887/5960] PMC4914641 PMID:27139463 doi:10.1128/AAC.03130-15... OK (1245 KB) [pmc_pow]
  [3888/5960] PMC4916870 PMID:27386159 doi:10.1080/21623945.2016.1191307... OK (507 KB) [pmc_pow]
  [3889/5960] PMC4918852 PMID:27140664 doi:10.1194/jlr.M067389... OK (1411 KB) [pmc_pow]
  [3890/5960] PMC4919431 PMID:27226527 doi:10.1074/jbc.C116.727966... OK (921 KB) [pmc_pow]
  [3891/5960] PMC4920022 PMID:27069256 doi:10.1182/blood-2016-01-688796... FAIL [all_failed]
  [3892/5960] PMC4922152 PMID:27274055 doi:10.1073/pnas.1521066113... OK (869 KB) [pmc_pow]
  [3893/5960] PMC4922444 PMID:27123544 doi:10.1080/15548627.2016.1160971... OK (1875 KB) [pmc_pow]
  [3894/5960] PMC4922682 PMID:27322063 doi:10.1172/JCI88617... OK (1192 KB) [pmc_pow]
  [3895/5960] PMC4922712 PMID:27214549 doi:10.1172/JCI82925... OK (10078 KB) [pmc_pow]
  [3896/5960] PMC492455 PMID:15294840 doi:10.1128/AEM.70.8.4996-5004.2004... OK (999 KB) [pmc_pow]
  [3897/5960] PMC4926982 PMID:26609120 doi:10.1681/ASN.2015060623... OK (1533 KB) [pmc_pow]
  [3898/5960] PMC49272 PMID:1319058 doi:10.1073/pnas.89.12.5266... OK (1067 KB) [pmc_pow]
  [3899/5960] PMC4929865 PMID:26242992 doi:10.1038/ejhg.2015.139... FAIL [all_failed]
  [3900/5960] PMC4930782 PMID:27117688 doi:10.1007/s10815-016-0716-2... OK (1196 KB) [pmc_pow]
  [3901/5960] PMC4931566 PMID:27279260 doi:10.15252/embr.201642606... OK (441 KB) [pmc_pow]
  [3902/5960] PMC4933116 PMID:26801521 doi:10.1113/JP271712... OK (1261 KB) [pmc_pow]
  [3903/5960] PMC4933186 PMID:27226550 doi:10.1074/jbc.M115.712026... OK (2305 KB) [pmc_pow]
  [3904/5960] PMC4933758 PMID:27292614 doi:10.1038/aps.2016.34... FAIL [all_failed]
  [3905/5960] PMC4934070 PMID:27078622 doi:10.1080/15384101.2016.1170271... OK (461 KB) [pmc_pow]
  [3906/5960] PMC4934729 PMID:27064199 doi:10.1080/19336934.2016.1174353... OK (392 KB) [pmc_pow]
  [3907/5960] PMC4934814 PMID:27536667 doi:10.1159/000381510... OK (265 KB) [pmc_pow]
  [3908/5960] PMC4935146 PMID:27117005 doi:10.1152/ajpendo.00441.2015... FAIL [all_failed]
  [3909/5960] PMC4935222 PMID:25416187 doi:10.1177/1535370214561952... OK (61 KB) [pmc_pow]
  [3910/5960] PMC4935326 PMID:25245075 doi:10.1177/1535370214549520... OK (668 KB) [pmc_pow]
  [3911/5960] PMC4937732 PMID:27429843 no DOI... OK (2885 KB) [pmc_pow]
  [3912/5960] PMC4937736 PMID:27429847 no DOI... FAIL [all_failed]
  [3913/5960] PMC4941444 PMID:27325754 doi:10.1073/pnas.1600630113... OK (1436 KB) [pmc_pow]
  [3914/5960] PMC4941510 PMID:27247412 doi:10.1073/pnas.1523802113... OK (1297 KB) [pmc_pow]
  [3915/5960] PMC4942867 PMID:27422507 doi:10.3945/an.115.011387... FAIL [all_failed]
  [3916/5960] PMC494460 PMID:4753876 doi:10.1136/jnnp.36.5.806... OK (1034 KB) [pmc_pow]
  [3917/5960] PMC4944853 PMID:27430014 doi:10.15226/sojmid/4/1/00148... OK (892 KB) [pmc_pow]
  [3918/5960] PMC4945708 PMID:27062056 doi:10.1113/JP271681... FAIL [all_failed]
  [3919/5960] PMC4946882 PMID:26742431 doi:10.1038/cdd.2015.160... OK (3040 KB) [pmc_pow]
  [3920/5960] PMC4946884 PMID:26794447 doi:10.1038/cdd.2015.166... FAIL [all_failed]
  [3921/5960] PMC4947664 PMID:26891693 doi:10.1038/cdd.2016.14... OK (6722 KB) [pmc_pow]
  [3922/5960] PMC4950226 PMID:27446383 doi:10.3892/ol.2016.4706... OK (909 KB) [pmc_pow]
  [3923/5960] PMC4950485 PMID:26748397 doi:10.1177/1535370215622586... OK (497 KB) [pmc_pow]
  [3924/5960] PMC4950522 PMID:27446273 doi:10.3892/etm.2016.3368... OK (1036 KB) [pmc_pow]
  [3925/5960] PMC4954765 PMID:27133304 doi:10.1038/aps.2016.26... OK (9984 KB) [pmc_pow]
  [3926/5960] PMC4958185 PMID:27216050 doi:10.1128/AAC.00318-16... OK (1192 KB) [pmc_pow]
  [3927/5960] PMC4959101 PMID:27255112 doi:10.1124/jpet.115.229344... OK (1263 KB) [pmc_pow]
  [3928/5960] PMC4959471 PMID:26850302 doi:10.1128/AEM.00057-16... OK (902 KB) [pmc_pow]
  [3929/5960] PMC4960195 PMID:27006302 doi:10.1007/s10616-015-9908-3... OK (8235 KB) [pmc_pow]
  [3930/5960] PMC4960910 PMID:27208080 doi:10.1093/toxsci/kfw093... OK (706 KB) [pmc_pow]
  [3931/5960] PMC4961175 PMID:27274051 doi:10.1073/pnas.1601077113... OK (1180 KB) [pmc_pow]
  [3932/5960] PMC4962811 PMID:26950678 doi:10.1080/15476286.2016.1159381... OK (1019 KB) [pmc_pow]
  [3933/5960] PMC4967148 PMID:27166280 doi:10.1152/ajpendo.00042.2016... FAIL [all_failed]
  [3934/5960] PMC4967168 PMID:27194714 doi:10.1152/ajprenal.00164.2016... FAIL [all_failed]
  [3935/5960] PMC4967185 PMID:27233998 doi:10.1152/ajplung.00263.2015... FAIL [all_failed]
  [3936/5960] PMC4967210 PMID:27199118 doi:10.1152/ajpheart.00151.2016... FAIL [all_failed]
  [3937/5960] PMC4967212 PMID:27199126 doi:10.1152/ajpheart.00699.2015... FAIL [all_failed]
  [3938/5960] PMC4970539 PMID:27104982 doi:10.1080/15384047.2016.1178425... OK (1225 KB) [pmc_pow]
  [3939/5960] PMC4970604 PMID:27075244 doi:10.1096/fj.201500118R... FAIL [all_failed]
  [3940/5960] PMC49711 PMID:1502147 doi:10.1073/pnas.89.16.7370... OK (1366 KB) [pmc_pow]
  [3941/5960] PMC4973209 PMID:27487821 doi:10.1107/S2059798316009906... OK (1565 KB) [pmc_pow]
  [3942/5960] PMC4973657 PMID:27321750 doi:10.1016/j.ajpath.2016.03.017... OK (3606 KB) [pmc_pow]
  [3943/5960] PMC4985933 PMID:27325672 doi:10.1128/MCB.00156-16... OK (3895 KB) [pmc_pow]
  [3944/5960] PMC4986141 PMID:27485877 doi:10.1136/bcr-2016-216054... OK (691 KB) [pmc_pow]
  [3945/5960] PMC4986330 PMID:26908608 doi:10.1093/hmg/ddw046... OK (1473 KB) [pmc_pow]
  [3946/5960] PMC4986641 PMID:26517531 doi:10.1038/cdd.2015.143... OK (2804 KB) [pmc_pow]
  [3947/5960] PMC4987728 PMID:26868912 doi:10.1038/cdd.2015.171... OK (1312 KB) [openalex]
  [3948/5960] PMC4991322 PMID:27221657 doi:10.1080/21505594.2016.1188236... OK (666 KB) [pmc_pow]
  [3949/5960] PMC4991597 PMID:26935174 doi:10.1089/ars.2016.6641... OK (366 KB) [pmc_pow]
  [3950/5960] PMC4993410 PMID:27501303 doi:10.3791/54214... OK (959 KB) [pmc_pow]
  [3951/5960] PMC4994923 PMID:27022135 doi:10.1177/1535370216640931... OK (904 KB) [pmc_pow]
  [3952/5960] PMC4996182 PMID:27605775 doi:10.1007/s12639-014-0569-5... OK (698 KB) [pmc_pow]
  [3953/5960] PMC5003153 PMID:27389691 doi:10.1194/jlr.M069021... OK (1400 KB) [pmc_pow]
  [3954/5960] PMC5004961 PMID:27525436 doi:10.1172/JCI85624... OK (2459 KB) [pmc_pow]
  [3955/5960] PMC5005269 PMID:27302751 doi:10.1152/ajpendo.00028.2016... FAIL [all_failed]
  [3956/5960] PMC5005863 PMID:26611738 doi:10.1007/s11357-015-9859-9... OK (1015 KB) [pmc_pow]
  [3957/5960] PMC5007591 PMID:26931468 doi:10.1093/hmg/ddw059... OK (1444 KB) [pmc_pow]
  [3958/5960] PMC5007792 PMID:27354064 doi:10.1128/MCB.00163-16... OK (1443 KB) [pmc_pow]
  [3959/5960] PMC50083 PMID:1409616 doi:10.1073/pnas.89.19.9151... OK (1191 KB) [pmc_pow]
  [3960/5960] PMC5009274 PMID:27432878 doi:10.1074/jbc.M116.742262... OK (2012 KB) [pmc_pow]
  [3961/5960] PMC5009421 PMID:25926417 doi:10.1093/toxsci/kfv085... OK (707 KB) [pmc_pow]
  [3962/5960] PMC5010643 PMID:27523598 doi:10.1016/j.ajhg.2016.06.021... OK (1241 KB) [pmc_pow]
  [3963/5960] PMC5012395 PMID:27474727 doi:10.1534/genetics.116.187369... OK (3543 KB) [pmc_pow]
  [3964/5960] PMC5012507 PMID:27456128 doi:10.1016/j.ajpath.2016.05.016... OK (2728 KB) [pmc_pow]
  [3965/5960] PMC501328 PMID:10474515 doi:10.1136/jcp.52.4.257... OK (1283 KB) [pmc_pow]
  [3966/5960] PMC5013870 PMID:27385725 doi:10.1093/molehr/gaw043... OK (956 KB) [pmc_pow]
  [3967/5960] PMC5016132 PMID:27330077 doi:10.1074/jbc.M116.738146... OK (4661 KB) [pmc_pow]
  [3968/5960] PMC5016149 PMID:27387500 doi:10.1074/jbc.M116.741231... OK (2395 KB) [pmc_pow]
  [3969/5960] PMC5016190 PMID:27369081 doi:10.1074/jbc.M116.718478... OK (3744 KB) [pmc_pow]
  [3970/5960] PMC50180 PMID:1409672 doi:10.1073/pnas.89.20.9603... OK (742 KB) [pmc_pow]
  [3971/5960] PMC5018771 PMID:27551072 doi:10.1073/pnas.1605844113... OK (1938 KB) [pmc_pow]
  [3972/5960] PMC5021416 PMID:27466422 doi:10.1128/JVI.01425-16... OK (2935 KB) [pmc_pow]
  [3973/5960] PMC5022099 PMID:27397540 doi:10.1038/aps.2016.60... OK (11128 KB) [pmc_pow]
  [3974/5960] PMC5023568 PMID:27488882 doi:10.1007/s10616-016-0014-y... OK (2518 KB) [pmc_pow]
  [3975/5960] PMC5024639 PMID:27528664 doi:10.1073/pnas.1607794113... OK (805 KB) [pmc_pow]
  [3976/5960] PMC5025666 PMID:27476175 doi:10.1074/jbc.M116.736876... OK (1460 KB) [pmc_pow]
  [3977/5960] PMC502647 PMID:2401733 doi:10.1136/jcp.43.8.650... OK (1399 KB) [pmc_pow]
  [3978/5960] PMC5026490 PMID:20504278 doi:10.1042/BJ20091855... FAIL [all_failed]
  [3979/5960] PMC503000 PMID:8543644 doi:10.1136/jcp.48.11.994... OK (3035 KB) [pmc_pow]
  [3980/5960] PMC5031176 PMID:27369897 doi:10.5966/sctm.2015-0253... OK (3024 KB) [pmc_pow]
  [3981/5960] PMC5033761 PMID:27699244 doi:10.1172/jci.insight.86976... OK (1493 KB) [pmc_pow]
  [3982/5960] PMC5034046 PMID:27496948 doi:10.1074/jbc.M116.719161... OK (2197 KB) [pmc_pow]
  [3983/5960] PMC50347 PMID:1332049 doi:10.1073/pnas.89.21.10405... OK (1526 KB) [pmc_pow]
  [3984/5960] PMC5035873 PMID:27601654 doi:10.1073/pnas.1609221113... OK (1722 KB) [pmc_pow]
  [3985/5960] PMC5036410 PMID:27416292 doi:10.1080/15384047.2016.1210728... OK (1153 KB) [pmc_pow]
  [3986/5960] PMC503718 PMID:15263083 doi:10.1073/pnas.0404308101... OK (485 KB) [pmc_pow]
  [3987/5960] PMC5038078 PMID:27481247 doi:10.1128/IAI.00187-16... OK (1541 KB) [pmc_pow]
  [3988/5960] PMC5038215 PMID:27698772 doi:10.3892/etm.2016.3630... OK (1030 KB) [pmc_pow]
  [3989/5960] PMC5038564 PMID:27698720 doi:10.3892/etm.2016.3564... OK (551 KB) [pmc_pow]
  [3990/5960] PMC5038883 PMID:27703527 doi:10.3892/ol.2016.5005... OK (1198 KB) [pmc_pow]
  [3991/5960] PMC5043096 PMID:27725916 no DOI... OK (434 KB) [pmc_pow]
  [3992/5960] PMC5047171 PMID:27621446 doi:10.1073/pnas.1602754113... OK (1151 KB) [pmc_pow]
  [3993/5960] PMC5047211 PMID:27621441 doi:10.1073/pnas.1606587113... OK (1410 KB) [pmc_pow]
  [3994/5960] PMC5048349 PMID:27578810 doi:10.15252/embj.201695385... OK (194 KB) [pmc_pow]
  [3995/5960] PMC50510 PMID:1454794 doi:10.1073/pnas.89.23.11164... OK (1257 KB) [pmc_pow]
  [3996/5960] PMC5053549 PMID:27245202 doi:10.1080/15384101.2016.1190892... OK (736 KB) [pmc_pow]
  [3997/5960] PMC5055140 PMID:27474091 doi:10.1111/bph.13570... OK (2611 KB) [pmc_pow]
  [3998/5960] PMC5058616 PMID:27362935 doi:10.1080/19420862.2016.1207030... OK (1228 KB) [pmc_pow]
  [3999/5960] PMC5059204 PMID:26589310 doi:10.1007/8904_2015_514... OK (528 KB) [pmc_pow]
  [4000/5960] PMC5060022 PMID:27479815 doi:10.3324/haematol.2015.132589... OK (2666 KB) [pmc_pow]
  [4001/5960] PMC5064718 PMID:27540013 doi:10.1182/blood-2016-04-708750... FAIL [all_failed]
  [4002/5960] PMC5065660 PMID:27640307 doi:10.1016/j.ajhg.2016.08.007... OK (3510 KB) [pmc_pow]
  [4003/5960] PMC5068322 PMID:27671660 doi:10.1073/pnas.1611017113... OK (801 KB) [pmc_pow]
  [4004/5960] PMC5068469 PMID:27390265 doi:10.1177/1535370216657900... OK (458 KB) [pmc_pow]
  [4005/5960] PMC5069244 PMID:27777449 doi:10.1007/s13197-016-2316-7... OK (1069 KB) [pmc_pow]
  [4006/5960] PMC507050 PMID:8567980 doi:10.1172/JCI118448... OK (477 KB) [pmc_pow]
  [4007/5960] PMC5072412 PMID:27257787 doi:10.2119/molmed.2016.00102... OK (4978 KB) [pmc_pow]
  [4008/5960] PMC5072433 PMID:27341186 doi:10.1038/cdd.2016.52... OK (1920 KB) [pmc_pow]
  [4009/5960] PMC507464 PMID:8755671 doi:10.1172/JCI118826... OK (252 KB) [pmc_pow]
  [4010/5960] PMC507548 PMID:8787689 doi:10.1172/JCI118909... OK (618 KB) [pmc_pow]
  [4011/5960] PMC5076535 PMID:27519411 doi:10.1074/jbc.M116.738542... OK (11653 KB) [pmc_pow]
  [4012/5960] PMC5076811 PMID:27587393 doi:10.1074/jbc.C116.755017... OK (1007 KB) [pmc_pow]
  [4013/5960] PMC5076821 PMID:27519418 doi:10.1074/jbc.M116.734756... OK (969 KB) [pmc_pow]
  [4014/5960] PMC5077187 PMID:27573244 doi:10.1074/jbc.M116.737015... OK (2121 KB) [pmc_pow]
  [4015/5960] PMC5079421 PMID:28192031 doi:10.1089/ten.tec.2016.0232... OK (748 KB) [pmc_pow]
  [4016/5960] PMC5079449 PMID:26914973 doi:10.1089/neu.2015.4272... OK (4446 KB) [pmc_pow]
  [4017/5960] PMC5079669 PMID:27463027 doi:10.1080/15548627.2016.1196315... OK (2074 KB) [pmc_pow]
  [4018/5960] PMC508233 PMID:9239412 doi:10.1172/JCI119576... OK (349 KB) [pmc_pow]
  [4019/5960] PMC508242 PMID:9239421 doi:10.1172/JCI119585... OK (303 KB) [pmc_pow]
  [4020/5960] PMC5084108 PMID:20129493 doi:10.1016/j.nurt.2009.11.001... OK (257 KB) [openalex]
  [4021/5960] PMC5084248 PMID:18625458 doi:10.1016/j.nurt.2008.05.004... OK (534 KB) [pmc_pow]
  [4022/5960] PMC508469 PMID:9389729 doi:10.1172/JCI119811... OK (109 KB) [openalex]
  [4023/5960] PMC508543 PMID:9421469 doi:10.1172/JCI1146... FAIL [all_failed]
  [4024/5960] PMC5085608 PMID:27812546 doi:10.1172/jci.insight.89590... OK (1930 KB) [pmc_pow]
  [4025/5960] PMC5085612 PMID:27812541 doi:10.1172/jci.insight.88207... OK (921 KB) [pmc_pow]
  [4026/5960] PMC508679 PMID:9502766 doi:10.1172/JCI1915... FAIL [all_failed]
  [4027/5960] PMC5087001 PMID:27729525 doi:10.1073/pnas.1609338113... OK (908 KB) [pmc_pow]
  [4028/5960] PMC5087021 PMID:27791018 doi:10.1073/pnas.1606171113... OK (1810 KB) [pmc_pow]
  [4029/5960] PMC50872 PMID:1988962 doi:10.1073/pnas.88.2.661... OK (1016 KB) [pmc_pow]
  [4030/5960] PMC5087319 PMID:12807671 doi:10.1017/S1431927603030174... OK (2080 KB) [pmc_pow]
  [4031/5960] PMC508828 PMID:9616210 doi:10.1172/JCI2496... OK (251 KB) [pmc_pow]
  [4032/5960] PMC508981 PMID:9769326 doi:10.1172/JCI4115... OK (260 KB) [pmc_pow]
  [4033/5960] PMC509102 PMID:9739053 doi:10.1172/JCI2091... OK (311 KB) [openalex]
  [4034/5960] PMC509120 PMID:9802886 doi:10.1172/JCI4532... OK (749 KB) [openalex]
  [4035/5960] PMC509163 PMID:9854044 doi:10.1172/JCI944... OK (1743 KB) [pmc_pow]
  [4036/5960] PMC5095230 PMID:27575944 doi:10.1210/jc.2016-2670... FAIL [all_failed]
  [4037/5960] PMC5095396 PMID:27621315 doi:10.1074/jbc.M116.735563... OK (3068 KB) [pmc_pow]
  [4038/5960] PMC5096802 PMID:27599292 doi:10.1172/JCI82908... OK (1152 KB) [pmc_pow]
  [4039/5960] PMC5098035 PMID:27694331 doi:10.1074/mcp.M116.061010... OK (1434 KB) [pmc_pow]
  [4040/5960] PMC5098651 PMID:27791141 doi:10.1073/pnas.1612047113... OK (988 KB) [pmc_pow]
  [4041/5960] PMC5101343 PMID:27380965 doi:10.1007/s10616-016-9997-7... OK (1035 KB) [pmc_pow]
  [4042/5960] PMC5102137 PMID:27465142 doi:10.1177/1535370216661779... OK (571 KB) [pmc_pow]
  [4043/5960] PMC5102202 PMID:27833197 doi:10.1080/00243639.2016.1180773... FAIL [all_failed]
  [4044/5960] PMC5103342 PMID:27627835 doi:10.1080/15548627.2016.1226734... OK (1389 KB) [pmc_pow]
  [4045/5960] PMC5103962 PMID:27900015 doi:10.3892/ol.2016.5049... OK (1120 KB) [pmc_pow]
  [4046/5960] PMC5103971 PMID:27900024 doi:10.3892/ol.2016.5047... OK (1396 KB) [pmc_pow]
  [4047/5960] PMC5104256 PMID:27895791 doi:10.3892/ol.2016.5151... OK (858 KB) [pmc_pow]
  [4048/5960] PMC5104267 PMID:27895802 doi:10.3892/ol.2016.5212... OK (816 KB) [pmc_pow]
  [4049/5960] PMC5104939 PMID:27687727 doi:10.1074/jbc.M116.744045... OK (2225 KB) [pmc_pow]
  [4050/5960] PMC5104942 PMID:27679486 doi:10.1074/jbc.M116.749978... OK (2490 KB) [pmc_pow]
  [4051/5960] PMC51071 PMID:2000368 doi:10.1073/pnas.88.5.1597... OK (1019 KB) [pmc_pow]
  [4052/5960] PMC5107467 PMID:27867550 doi:10.21037/jtd.2016.09.66... OK (2261 KB) [pmc_pow]
  [4053/5960] PMC51136 PMID:2000395 doi:10.1073/pnas.88.5.1913... FAIL [all_failed]
  [4054/5960] PMC5114400 PMID:27694440 doi:10.1074/jbc.M116.747147... OK (4176 KB) [pmc_pow]
  [4055/5960] PMC5114416 PMID:27672209 doi:10.1074/jbc.M116.735142... OK (1623 KB) [pmc_pow]
  [4056/5960] PMC5114422 PMID:27758866 doi:10.1074/jbc.M116.749408... OK (1880 KB) [pmc_pow]
  [4057/5960] PMC5116729 PMID:27698021 doi:10.1128/IAI.00809-16... OK (2831 KB) [pmc_pow]
  [4058/5960] PMC5117932 PMID:27485409 doi:10.1038/ejhg.2016.83... OK (1051 KB) [pmc_pow]
  [4059/5960] PMC5118986 PMID:27645237 doi:10.1128/AAC.01253-16... OK (1770 KB) [pmc_pow]
  [4060/5960] PMC5119056 PMID:24589479 doi:10.4161/auto.27959... FAIL [all_failed]
  [4061/5960] PMC5122786 PMID:27758854 doi:10.1074/jbc.M116.733634... OK (2410 KB) [pmc_pow]
  [4062/5960] PMC5122790 PMID:27754870 doi:10.1074/jbc.M116.745950... OK (2663 KB) [pmc_pow]
  [4063/5960] PMC5126286 PMID:27904784 no DOI... OK (611 KB) [pmc_pow]
  [4064/5960] PMC5126294 PMID:27697867 doi:10.1128/MCB.00450-16... OK (1969 KB) [pmc_pow]
  [4065/5960] PMC5126309 PMID:27904667 no DOI... OK (1482 KB) [pmc_pow]
  [4066/5960] PMC5126339 PMID:27904697 no DOI... FAIL [all_failed]
  [4067/5960] PMC5127823 PMID:25026941 doi:10.1007/s12672-014-0189-7... OK (1841 KB) [pmc_pow]
  [4068/5960] PMC5136669 PMID:27896360 doi:10.1117/1.JBO.21.11.114003... OK (1499 KB) [pmc_pow]
  [4069/5960] PMC5139063 PMID:27562556 doi:10.1093/toxsci/kfw158... OK (1260 KB) [pmc_pow]
  [4070/5960] PMC5142118 PMID:27817865 doi:10.1016/j.ajhg.2016.09.021... OK (2014 KB) [pmc_pow]
  [4071/5960] PMC5142252 PMID:27445305 doi:10.1152/japplphysiol.01065.2015... FAIL [all_failed]
  [4072/5960] PMC514799 PMID:11892985 doi:10.1379/1466-1268(2002)007<0023:ooajih>2.0.co;2... OK (730 KB) [pmc_pow]
  [4073/5960] PMC514956 PMID:15229654 doi:10.1038/sj.emboj.7600298... OK (503 KB) [pmc_pow]
  [4074/5960] PMC515048 PMID:15340079 doi:10.1128/MCB.24.18.8195-8209.2004... OK (1338 KB) [pmc_pow]
  [4075/5960] PMC5154358 PMID:25590579 doi:10.4161/15384101.2014.994904... FAIL [all_failed]
  [4076/5960] PMC5157075 PMID:27558544 doi:10.1113/JP272796... OK (1130 KB) [pmc_pow]
  [4077/5960] PMC5159492 PMID:27803158 doi:10.1074/jbc.M116.740209... OK (2915 KB) [pmc_pow]
  [4078/5960] PMC5161144 PMID:27763807 doi:10.1080/19382014.2016.1246637... OK (908 KB) [pmc_pow]
  [4079/5960] PMC51658 PMID:1852004 doi:10.1073/pnas.88.10.4358... OK (2305 KB) [pmc_pow]
  [4080/5960] PMC516630 PMID:15306853 doi:10.1038/sj.emboj.7600358... OK (290 KB) [pmc_pow]
  [4081/5960] PMC5171886 PMID:27614632 doi:10.1007/s10815-016-0806-1... FAIL [all_failed]
  [4082/5960] PMC5171901 PMID:27586998 doi:10.1007/s10815-016-0798-x... OK (1586 KB) [pmc_pow]
  [4083/5960] PMC5172498 PMID:27764541 doi:10.1080/15548627.2016.1240856... OK (1733 KB) [pmc_pow]
  [4084/5960] PMC517578 PMID:15385505 doi:10.1128/IAI.72.10.6012-6022.2004... OK (881 KB) [pmc_pow]
  [4085/5960] PMC5181640 PMID:27131346 doi:10.1093/hmg/ddw133... OK (1047 KB) [pmc_pow]
  [4086/5960] PMC5182416 PMID:27994125 doi:10.1098/rstb.2015.0484... OK (414 KB) [pmc_pow]
  [4087/5960] PMC5187394 PMID:28042406 doi:10.5001/omj.2017.12... OK (473 KB) [pmc_pow]
  [4088/5960] PMC519104 PMID:15356291 doi:10.1093/nar/gkh806... OK (248 KB) [pmc_pow]
  [4089/5960] PMC519210 PMID:15273296 doi:10.1105/tpc.104.022657... OK (598 KB) [pmc_pow]
  [4090/5960] PMC5192125 PMID:27799215 doi:10.1128/AAC.01220-16... OK (1307 KB) [pmc_pow]
  [4091/5960] PMC5198354 PMID:28050401 doi:10.7860/JCDR/2016/22412.8843... OK (235 KB) [pmc_pow]
  [4092/5960] PMC5206337 PMID:27694215 doi:10.1152/ajpheart.00449.2016... FAIL [all_failed]
  [4093/5960] PMC5207234 PMID:27738103 doi:10.1074/jbc.M116.749424... OK (4363 KB) [pmc_pow]
  [4094/5960] PMC5210201 PMID:27335372 doi:10.1152/ajprenal.00030.2016... FAIL [all_failed]
  [4095/5960] PMC5210206 PMID:27335373 doi:10.1152/ajprenal.00162.2016... FAIL [all_failed]
  [4096/5960] PMC5216654 PMID:27701121 doi:10.1093/toxsci/kfw196... OK (645 KB) [pmc_pow]
  [4097/5960] PMC5218919 PMID:27840020 doi:10.1016/j.stem.2016.10.001... OK (942 KB) [pmc_pow]
  [4098/5960] PMC521894 PMID:15388460 doi:10.1128/AAC.48.10.3968-3974.2004... OK (194 KB) [pmc_pow]
  [4099/5960] PMC52213 PMID:1871110 doi:10.1073/pnas.88.16.6961... OK (2045 KB) [pmc_pow]
  [4100/5960] PMC522256 PMID:15489958 doi:10.1172/JCI22269... OK (651 KB) [pmc_pow]
  [4101/5960] PMC5222959 PMID:27639166 doi:10.1016/j.ajpath.2016.06.022... OK (2054 KB) [pmc_pow]
  [4102/5960] PMC5224457 PMID:27792453 doi:10.1080/15384101.2016.1249547... OK (659 KB) [pmc_pow]
  [4103/5960] PMC5225059 PMID:27796797 doi:10.1007/s12192-016-0741-1... OK (7220 KB) [pmc_pow]
  [4104/5960] PMC5228296 PMID:28101220 doi:10.3892/ol.2016.5284... OK (1713 KB) [pmc_pow]
  [4105/5960] PMC5228444 PMID:28105189 doi:10.3892/ol.2016.5251... OK (856 KB) [pmc_pow]
  [4106/5960] PMC523245 PMID:15479815 doi:10.1128/JVI.78.21.11739-11750.2004... OK (543 KB) [pmc_pow]
  [4107/5960] PMC5234479 PMID:27649620 doi:10.1038/hdy.2016.74... OK (576 KB) [pmc_pow]
  [4108/5960] PMC5235905 PMID:27733575 doi:10.1189/jlb.3HI0216-068RR... FAIL [all_failed]
  [4109/5960] PMC523703 PMID:8036172 doi:10.1093/nar/22.12.2410... FAIL [all_failed]
  [4110/5960] PMC5239698 PMID:27821695 doi:10.4269/ajtmh.16-0165... OK (1361 KB) [pmc_pow]
  [4111/5960] PMC524061 PMID:15477592 doi:10.1073/pnas.0405173101... OK (410 KB) [pmc_pow]
  [4112/5960] PMC524278 PMID:15494448 doi:10.1093/nar/gkh863... OK (430 KB) [pmc_pow]
  [4113/5960] PMC524294 PMID:15477393 doi:10.1093/nar/gkh884... OK (390 KB) [pmc_pow]
  [4114/5960] PMC5244867 PMID:28123591 doi:10.3892/ol.2016.5387... OK (690 KB) [pmc_pow]
  [4115/5960] PMC5247498 PMID:28077774 doi:10.1098/rspb.2016.2235... OK (993 KB) [pmc_pow]
  [4116/5960] PMC5247614 PMID:27821480 doi:10.1128/MCB.00466-16... FAIL [all_failed]
  [4117/5960] PMC52528 PMID:1924305 doi:10.1073/pnas.88.19.8460... OK (1057 KB) [pmc_pow]
  [4118/5960] PMC52535 PMID:1656445 doi:10.1073/pnas.88.19.8495... OK (1287 KB) [pmc_pow]
  [4119/5960] PMC525453 PMID:15504868 doi:10.1128/AAC.48.11.4387-4394.2004... OK (391 KB) [pmc_pow]
  [4120/5960] PMC525493 PMID:15509786 doi:10.1128/MCB.24.22.9823-9834.2004... OK (726 KB) [pmc_pow]
  [4121/5960] PMC525640 PMID:1315050 doi:10.1073/pnas.89.9.4099... OK (1663 KB) [pmc_pow]
  [4122/5960] PMC5260506 PMID:27612012 doi:10.1038/cdd.2016.90... OK (2163 KB) [pmc_pow]
  [4123/5960] PMC5260837 PMID:27694907 doi:10.1038/aps.2016.98... FAIL [all_failed]
  [4124/5960] PMC5264628 PMID:27896557 doi:10.1007/s10616-016-0044-5... OK (1332 KB) [pmc_pow]
  [4125/5960] PMC5267499 PMID:28031236 doi:10.21873/cgp.20017... OK (651 KB) [pmc_pow]
  [4126/5960] PMC5270510 PMID:27794108 doi:10.1212/WNL.0000000000003374... OK (637 KB) [pmc_pow]
  [4127/5960] PMC52714 PMID:1681551 doi:10.1073/pnas.88.20.9360... OK (1758 KB) [pmc_pow]
  [4128/5960] PMC5282833 PMID:27436875 doi:10.15252/embj.201694892... OK (1649 KB) [pmc_pow]
  [4129/5960] PMC5283928 PMID:27815257 doi:10.1152/ajplung.00188.2016... FAIL [all_failed]
  [4130/5960] PMC5285616 PMID:27647415 doi:10.1113/JP272962... OK (933 KB) [pmc_pow]
  [4131/5960] PMC528898 PMID:15520274 doi:10.1101/gad.1247904... OK (514 KB) [pmc_pow]
  [4132/5960] PMC5291195 PMID:27466199 doi:10.1093/hmg/ddw250... OK (876 KB) [pmc_pow]
  [4133/5960] PMC52919 PMID:1658802 doi:10.1073/pnas.88.22.10317... OK (1037 KB) [pmc_pow]
  [4134/5960] PMC529219 PMID:15561861 doi:10.1128/AAC.48.12.4813-4821.2004... OK (207 KB) [pmc_pow]
  [4135/5960] PMC5293049 PMID:28096380 doi:10.1073/pnas.1612386114... OK (1512 KB) [openalex]
  [4136/5960] PMC5296226 PMID:28124838 doi:10.1631/jzus.B1600022... OK (1206 KB) [pmc_pow]
  [4137/5960] PMC53039 PMID:1961759 doi:10.1073/pnas.88.23.10900... OK (1390 KB) [pmc_pow]
  [4138/5960] PMC5306469 PMID:28060357 doi:10.1038/eye.2016.290... OK (1085 KB) [pmc_pow]
  [4139/5960] PMC5310129 PMID:27645688 doi:10.1016/j.chest.2016.09.001... FAIL [all_failed]
  [4140/5960] PMC5312745 PMID:28223908 no DOI... OK (854 KB) [pmc_pow]
  [4141/5960] PMC5313114 PMID:28003368 doi:10.1074/jbc.M116.766824... OK (2755 KB) [pmc_pow]
  [4142/5960] PMC5314162 PMID:28028173 doi:10.1074/jbc.M116.751008... OK (2124 KB) [pmc_pow]
  [4143/5960] PMC5314176 PMID:28057759 doi:10.1074/jbc.M116.749473... OK (1904 KB) [pmc_pow]
  [4144/5960] PMC5314196 PMID:28049732 doi:10.1074/jbc.M116.752261... OK (1583 KB) [pmc_pow]
  [4145/5960] PMC5315516 PMID:28029148 doi:10.1038/ejhg.2016.180... OK (1229 KB) [pmc_pow]
  [4146/5960] PMC5319717 PMID:27899487 doi:10.2337/db16-0695... OK (3621 KB) [pmc_pow]
  [4147/5960] PMC532011 PMID:15456898 doi:10.1091/mbc.E03-11-0856... OK (423 KB) [pmc_pow]
  [4148/5960] PMC5328152 PMID:27612998 doi:10.1681/ASN.2016010012... FAIL [all_failed]
  [4149/5960] PMC533047 PMID:15526035 doi:10.1038/sj.emboj.7600461... OK (308 KB) [pmc_pow]
  [4150/5960] PMC533051 PMID:15526033 doi:10.1038/sj.emboj.7600465... OK (216 KB) [pmc_pow]
  [4151/5960] PMC5330851 PMID:27902980 doi:10.1159/000451055... OK (346 KB) [pmc_pow]
  [4152/5960] PMC5331208 PMID:28082314 doi:10.15252/embr.201643103... OK (2520 KB) [pmc_pow]
  [4153/5960] PMC5333963 PMID:28289716 doi:10.1172/jci.insight.91023... OK (1178 KB) [pmc_pow]
  [4154/5960] PMC5333973 PMID:28289714 doi:10.1172/jci.insight.90780... OK (809 KB) [pmc_pow]
  [4155/5960] PMC5335801 PMID:27702798 doi:10.1182/blood-2016-02-697003... FAIL [all_failed]
  [4156/5960] PMC5336151 PMID:28082676 doi:10.1074/jbc.M116.766774... OK (373 KB) [pmc_pow]
  [4157/5960] PMC5338361 PMID:28167750 doi:10.1073/pnas.1614268114... OK (1188 KB) [pmc_pow]
  [4158/5960] PMC5338485 PMID:28196881 doi:10.1073/pnas.1615929114... OK (1337 KB) [pmc_pow]
  [4159/5960] PMC5338542 PMID:28193888 doi:10.1073/pnas.1619011114... OK (1496 KB) [pmc_pow]
  [4160/5960] PMC5341000 PMID:28062795 doi:10.1074/mcp.M116.061903... FAIL [all_failed]
  [4161/5960] PMC5341486 PMID:27764525 doi:10.1111/bph.13655... OK (1527 KB) [pmc_pow]
  [4162/5960] PMC5344206 PMID:27935584 doi:10.1038/cdd.2016.142... OK (2100 KB) [pmc_pow]
  [4163/5960] PMC5344215 PMID:28106884 doi:10.1038/cdd.2016.164... OK (5598 KB) [pmc_pow]
  [4164/5960] PMC534542 PMID:15546993 doi:10.1073/pnas.0407708101... OK (471 KB) [pmc_pow]
  [4165/5960] PMC534615 PMID:15547249 doi:10.1093/nar/gkh923... OK (693 KB) [pmc_pow]
  [4166/5960] PMC534725 PMID:15548604 doi:10.1073/pnas.0404840101... OK (514 KB) [pmc_pow]
  [4167/5960] PMC534918 PMID:15717013 doi:10.1602/neurorx.1.1.128... OK (77 KB) [pmc_pow]
  [4168/5960] PMC5351296 PMID:28356987 doi:10.3892/ol.2016.5460... OK (4568 KB) [openalex]
  [4169/5960] PMC53517 PMID:2406722 doi:10.1073/pnas.87.4.1571... OK (1259 KB) [pmc_pow]
  [4170/5960] PMC5351927 PMID:28112581 doi:10.1080/15384101.2017.1281484... OK (1293 KB) [pmc_pow]
  [4171/5960] PMC5352276 PMID:28190054 doi:10.3791/54977... OK (1156 KB) [pmc_pow]
  [4172/5960] PMC5352591 PMID:28299641 doi:10.1007/s11357-017-9961-2... OK (1195 KB) [pmc_pow]
  [4173/5960] PMC5354484 PMID:28154168 doi:10.1074/jbc.M116.773341... OK (2545 KB) [pmc_pow]
  [4174/5960] PMC5362989 PMID:27786591 doi:10.1080/15384047.2016.1250987... OK (1209 KB) [pmc_pow]
  [4175/5960] PMC5363201 PMID:28129109 doi:10.1016/j.ymthe.2016.10.013... OK (2902 KB) [pmc_pow]
  [4176/5960] PMC5368406 PMID:28153100 doi:10.1016/j.ymthe.2016.11.002... OK (3555 KB) [pmc_pow]
  [4177/5960] PMC5373141 PMID:28270572 doi:10.1523/JNEUROSCI.3735-16.2017... OK (5509 KB) [pmc_pow]
  [4178/5960] PMC5373457 PMID:27821631 doi:10.1681/ASN.2016050567... OK (2255 KB) [pmc_pow]
  [4179/5960] PMC5373779 PMID:28251921 doi:10.1212/WNL.0000000000003761... OK (543 KB) [pmc_pow]
  [4180/5960] PMC5374908 PMID:28413646 doi:10.3892/br.2017.873... OK (323 KB) [pmc_pow]
  [4181/5960] PMC5374936 PMID:28413643 doi:10.3892/br.2017.871... OK (746 KB) [pmc_pow]
  [4182/5960] PMC5374946 PMID:28413634 doi:10.3892/br.2017.874... OK (450 KB) [pmc_pow]
  [4183/5960] PMC5375982 PMID:28386317 no DOI... OK (6855 KB) [pmc_pow]
  [4184/5960] PMC5376007 PMID:28386342 no DOI... OK (874 KB) [pmc_pow]
  [4185/5960] PMC5380053 PMID:28292895 doi:10.1073/pnas.1700677114... OK (1547 KB) [pmc_pow]
  [4186/5960] PMC5380085 PMID:28289216 doi:10.1073/pnas.1618545114... OK (815 KB) [pmc_pow]
  [4187/5960] PMC5380099 PMID:28289229 doi:10.1073/pnas.1702357114... OK (1038 KB) [pmc_pow]
  [4188/5960] PMC53804 PMID:2183217 doi:10.1073/pnas.87.8.2916... OK (1248 KB) [pmc_pow]
  [4189/5960] PMC5381439 PMID:26873887 doi:10.1177/0271678X16629153... OK (1883 KB) [pmc_pow]
  [4190/5960] PMC5383775 PMID:28122942 doi:10.1074/mcp.M116.063818... OK (1929 KB) [pmc_pow]
  [4191/5960] PMC5384592 PMID:28118061 doi:10.1080/15384101.2017.1284716... OK (1159 KB) [pmc_pow]
  [4192/5960] PMC538556 PMID:15613358 doi:10.1128/JVI.79.2.1312-1319.2005... OK (389 KB) [pmc_pow]
  [4193/5960] PMC538851 PMID:15616319 doi:10.1128/AAC.49.1.388-397.2005... OK (523 KB) [pmc_pow]
  [4194/5960] PMC5388551 PMID:28183804 doi:10.1096/fj.201600976R... FAIL [all_failed]
  [4195/5960] PMC538929 PMID:15618190 doi:10.1128/IAI.73.1.504-513.2005... OK (1158 KB) [pmc_pow]
  [4196/5960] PMC5391144 PMID:28283579 doi:10.15252/embj.201694781... OK (1560 KB) [pmc_pow]
  [4197/5960] PMC539191 PMID:15630458 doi:10.1172/JCI21867... OK (814 KB) [pmc_pow]
  [4198/5960] PMC5392696 PMID:28202542 doi:10.1074/jbc.M117.777201... OK (1759 KB) [pmc_pow]
  [4199/5960] PMC5392699 PMID:28213526 doi:10.1074/jbc.M117.774943... OK (1992 KB) [pmc_pow]
  [4200/5960] PMC5393257 PMID:24483949 doi:10.1210/er.2013-1084... FAIL [all_failed]
  [4201/5960] PMC5393478 PMID:24423317 doi:10.1210/jc.2013-2008... FAIL [all_failed]
  [4202/5960] PMC5394866 PMID:27470599 doi:10.3324/haematol.2015.141143... OK (2825 KB) [pmc_pow]
  [4203/5960] PMC5397214 PMID:28338413 doi:10.1089/ten.tec.2016.0264... OK (716 KB) [pmc_pow]
  [4204/5960] PMC5397238 PMID:28073315 doi:10.1089/ten.tea.2016.0399... OK (1209 KB) [pmc_pow]
  [4205/5960] PMC5397681 PMID:28208054 doi:10.1016/j.ajpath.2016.12.011... OK (4189 KB) [pmc_pow]
  [4206/5960] PMC539807 PMID:15596714 doi:10.1073/pnas.0408345102... OK (638 KB) [pmc_pow]
  [4207/5960] PMC5398492 PMID:23709089 doi:10.1210/en.2012-2272... FAIL [all_failed]
  [4208/5960] PMC5399104 PMID:28246171 doi:10.1074/jbc.M116.770370... OK (2999 KB) [pmc_pow]
  [4209/5960] PMC5399638 PMID:28280124 doi:10.1124/jpet.116.238899... OK (761 KB) [pmc_pow]
  [4210/5960] PMC5399642 PMID:28246189 doi:10.1124/mol.116.106906... OK (2416 KB) [pmc_pow]
  [4211/5960] PMC5402007 PMID:27923790 doi:10.1152/ajpheart.00499.2016... FAIL [all_failed]
  [4212/5960] PMC5402446 PMID:28373563 doi:10.1073/pnas.1613736114... OK (979 KB) [pmc_pow]
  [4213/5960] PMC540273 PMID:15632086 doi:10.1101/gr.3182305... OK (252 KB) [pmc_pow]
  [4214/5960] PMC5403198 PMID:28454332 doi:10.3892/ol.2017.5611... OK (1113 KB) [pmc_pow]
  [4215/5960] PMC5406987 PMID:28073778 doi:10.1152/ajpendo.00331.2016... FAIL [all_failed]
  [4216/5960] PMC5407164 PMID:28159809 doi:10.1152/ajpheart.00728.2016... FAIL [all_failed]
  [4217/5960] PMC5407167 PMID:28130337 doi:10.1152/ajpheart.00564.2016... FAIL [all_failed]
  [4218/5960] PMC5407722 PMID:27932481 doi:10.1681/ASN.2016050517... FAIL [all_failed]
  [4219/5960] PMC5407961 PMID:27696420 doi:10.1113/JP273040... OK (499 KB) [pmc_pow]
  [4220/5960] PMC5407967 PMID:28452137 doi:10.1113/JP273793... OK (94 KB) [pmc_pow]
  [4221/5960] PMC5407971 PMID:28078668 doi:10.1113/JP273549... OK (100 KB) [pmc_pow]
  [4222/5960] PMC5407974 PMID:28452134 doi:10.1113/JP273880... OK (101 KB) [pmc_pow]
  [4223/5960] PMC5407978 PMID:27396440 doi:10.1113/JP272570... OK (352 KB) [pmc_pow]
  [4224/5960] PMC5409302 PMID:28287607 doi:10.3791/55245... OK (684 KB) [pmc_pow]
  [4225/5960] PMC5409480 PMID:28314772 doi:10.1074/jbc.M116.765487... OK (5248 KB) [pmc_pow]
  [4226/5960] PMC5409489 PMID:28258219 doi:10.1074/jbc.M117.780288... OK (2595 KB) [pmc_pow]
  [4227/5960] PMC5409796 PMID:28346226 doi:10.1172/JCI89931... OK (2387 KB) [pmc_pow]
  [4228/5960] PMC5410781 PMID:28396387 doi:10.1073/pnas.1617922114... OK (2122 KB) [pmc_pow]
  [4229/5960] PMC5411948 PMID:28469805 no DOI... OK (1535 KB) [pmc_pow]
  [4230/5960] PMC5412075 PMID:28115651 doi:10.1093/toxsci/kfw264... OK (1753 KB) [pmc_pow]
  [4231/5960] PMC5414770 PMID:25389910 doi:10.1210/me.2014-1295... FAIL [all_failed]
  [4232/5960] PMC5415229 PMID:23927930 doi:10.1210/me.2013-1048... FAIL [all_failed]
  [4233/5960] PMC5419457 PMID:18599618 doi:10.1210/me.2007-0370... FAIL [all_failed]
  [4234/5960] PMC5419476 PMID:28348062 doi:10.1534/genetics.117.201491... OK (2704 KB) [pmc_pow]
  [4235/5960] PMC5423120 PMID:28409774 doi:10.1038/cdd.2017.53... OK (2189 KB) [pmc_pow]
  [4236/5960] PMC5424446 PMID:23959381 doi:10.4161/auto.26123... OK (973 KB) [pmc_pow]
  [4237/5960] PMC5425780 PMID:28510050 doi:10.1007/s12551-016-0194-x... OK (751 KB) [pmc_pow]
  [4238/5960] PMC5427259 PMID:28330871 doi:10.1074/jbc.M117.778514... OK (1571 KB) [pmc_pow]
  [4239/5960] PMC5427269 PMID:28302725 doi:10.1074/jbc.M116.772038... OK (1802 KB) [pmc_pow]
  [4240/5960] PMC5427279 PMID:28302729 doi:10.1074/jbc.M116.770784... OK (1416 KB) [pmc_pow]
  [4241/5960] PMC5427646 PMID:28190213 doi:10.1007/s10815-017-0886-6... OK (526 KB) [pmc_pow]
  [4242/5960] PMC5430220 PMID:28377463 doi:10.15252/embj.201695417... OK (3270 KB) [pmc_pow]
  [4243/5960] PMC5430391 PMID:28523104 doi:10.1021/acsmedchemlett.7b00022... OK (1924 KB) [pmc_pow]
  [4244/5960] PMC5431146 PMID:28521485 doi:10.3892/ol.2017.5914... OK (1836 KB) [pmc_pow]
  [4245/5960] PMC5431251 PMID:28521469 doi:10.3892/ol.2017.5865... OK (1167 KB) [pmc_pow]
  [4246/5960] PMC5434657 PMID:28258190 doi:10.1096/fj.201601077R... FAIL [all_failed]
  [4247/5960] PMC543482 PMID:15640352 doi:10.1073/pnas.0408744102... OK (882 KB) [pmc_pow]
  [4248/5960] PMC5435033 PMID:28959327 doi:10.15171/ijb.1329... OK (183 KB) [pmc_pow]
  [4249/5960] PMC5437903 PMID:28272540 doi:10.1038/ejhg.2017.24... OK (869 KB) [pmc_pow]
  [4250/5960] PMC5438594 PMID:28534038 doi:10.21769/BioProtoc.2255... OK (2315 KB) [pmc_pow]
  [4251/5960] PMC5440058 PMID:26745856 doi:10.1164/rccm.201508-1599OC... OK (678 KB) [pmc_pow]
  [4252/5960] PMC5440313 PMID:28105575 doi:10.1007/s13181-016-0577-1... OK (431 KB) [pmc_pow]
  [4253/5960] PMC544034 PMID:15650769 doi:10.1172/JCI21766... OK (855 KB) [pmc_pow]
  [4254/5960] PMC544072 PMID:15618392 doi:10.1073/pnas.0408592102... OK (562 KB) [pmc_pow]
  [4255/5960] PMC544162 PMID:15643059 doi:10.1128/EC.4.1.46-54.2005... OK (283 KB) [pmc_pow]
  [4256/5960] PMC5442465 PMID:28060382 doi:10.1038/cdd.2016.119... OK (2183 KB) [pmc_pow]
  [4257/5960] PMC5442634 PMID:28320837 doi:10.1128/IAI.00100-17... FAIL [all_failed]
  [4258/5960] PMC5442973 PMID:28471109 doi:10.1631/jzus.B1600073... OK (1931 KB) [pmc_pow]
  [4259/5960] PMC544302 PMID:15630091 doi:10.1073/pnas.0407459102... FAIL [all_failed]
  [4260/5960] PMC5443240 PMID:28565798 doi:10.3892/etm.2017.4218... OK (1024 KB) [pmc_pow]
  [4261/5960] PMC5444173 PMID:28416543 doi:10.1128/AAC.02690-16... OK (3847 KB) [pmc_pow]
  [4262/5960] PMC5444355 PMID:28324667 doi:10.1080/15384101.2017.1304329... OK (1083 KB) [pmc_pow]
  [4263/5960] PMC5446479 PMID:28560062 no DOI... OK (4552 KB) [pmc_pow]
  [4264/5960] PMC5446514 PMID:28559982 no DOI... OK (2273 KB) [pmc_pow]
  [4265/5960] PMC5446618 PMID:28396349 doi:10.1128/JB.00844-16... OK (1817 KB) [pmc_pow]
  [4266/5960] PMC5449491 PMID:28129517 doi:10.1165/rcmb.2016-0256OC... OK (1483 KB) [pmc_pow]
  [4267/5960] PMC5450557 PMID:28587378 doi:10.3892/etm.2017.4345... OK (1122 KB) [pmc_pow]
  [4268/5960] PMC5451224 PMID:28504653 doi:10.1172/JCI89914... OK (5828 KB) [pmc_pow]
  [4269/5960] PMC5451555 PMID:27903492 doi:10.1152/ajprenal.00246.2016... FAIL [all_failed]
  [4270/5960] PMC5451572 PMID:28330968 doi:10.1152/ajpregu.00520.2016... FAIL [all_failed]
  [4271/5960] PMC5451582 PMID:28213406 doi:10.1152/ajpheart.00680.2016... FAIL [all_failed]
  [4272/5960] PMC5451594 PMID:28130258 doi:10.1152/ajplung.00258.2016... FAIL [all_failed]
  [4273/5960] PMC5451733 PMID:28251664 doi:10.1113/JP273950... OK (957 KB) [pmc_pow]
  [4274/5960] PMC545546 PMID:15647364 doi:10.1073/pnas.0408962102... FAIL [all_failed]
  [4275/5960] PMC5455468 PMID:24079644 doi:10.1165/rcmb.2013-0023OC... OK (1791 KB) [pmc_pow]
  [4276/5960] PMC5455605 PMID:23786562 doi:10.1165/rcmb.2013-0003OC... OK (1348 KB) [pmc_pow]
  [4277/5960] PMC545698 PMID:15659684 doi:10.1128/JB.187.3.1067-1073.2005... OK (180 KB) [pmc_pow]
  [4278/5960] PMC545929 PMID:15591126 doi:10.1091/mbc.E04-10-0895... OK (1148 KB) [pmc_pow]
  [4279/5960] PMC5459547 PMID:18617679 doi:10.1165/rcmb.2008-0105OC... OK (1341 KB) [pmc_pow]
  [4280/5960] PMC5460795 PMID:28200173 doi:10.1210/en.2016-1901... FAIL [all_failed]
  [4281/5960] PMC5464255 PMID:27571886 doi:10.1093/neuonc/now174... OK (771 KB) [pmc_pow]
  [4282/5960] PMC5464376 PMID:27591677 doi:10.1093/neuonc/now175... OK (736 KB) [pmc_pow]
  [4283/5960] PMC5465034 PMID:28389817 doi:10.1007/s12192-017-0784-y... OK (1853 KB) [pmc_pow]
  [4284/5960] PMC5470888 PMID:28614802 doi:10.1172/jci.insight.93411... OK (1341 KB) [pmc_pow]
  [4285/5960] PMC5470890 PMID:28614801 doi:10.1172/jci.insight.93612... OK (1181 KB) [pmc_pow]
  [4286/5960] PMC5473211 PMID:28476889 doi:10.1074/jbc.M117.783357... OK (4730 KB) [pmc_pow]
  [4287/5960] PMC5473220 PMID:28468827 doi:10.1074/jbc.M117.788778... OK (3659 KB) [pmc_pow]
  [4288/5960] PMC5474778 PMID:28533386 doi:10.1073/pnas.1700527114... FAIL [all_failed]
  [4289/5960] PMC5475257 PMID:28462819 doi:10.1016/j.ymthe.2017.04.006... OK (2291 KB) [pmc_pow]
  [4290/5960] PMC5477712 PMID:28453364 doi:10.1080/21623945.2017.1319535... OK (546 KB) [pmc_pow]
  [4291/5960] PMC5477719 PMID:28425849 doi:10.1080/21623945.2017.1297346... OK (475 KB) [pmc_pow]
  [4292/5960] PMC5479626 PMID:27515249 doi:10.3324/haematol.2016.149914... OK (1438 KB) [pmc_pow]
  [4293/5960] PMC548005 PMID:15684387 doi:10.1128/MCB.25.4.1354-1366.2005... OK (520 KB) [pmc_pow]
  [4294/5960] PMC548020 PMID:15684391 doi:10.1128/MCB.25.4.1402-1414.2005... OK (1212 KB) [pmc_pow]
  [4295/5960] PMC5481653 PMID:28493341 doi:10.1111/bph.13856... OK (1090 KB) [pmc_pow]
  [4296/5960] PMC5482088 PMID:28442472 doi:10.2337/db17-0029... OK (1640 KB) [pmc_pow]
  [4297/5960] PMC5483964 PMID:28592519 doi:10.3945/jn.117.248823... OK (793 KB) [pmc_pow]
  [4298/5960] PMC5485369 PMID:28439920 doi:10.1111/iep.12222... FAIL [all_failed]
  [4299/5960] PMC5487572 PMID:28446680 doi:10.1128/JVI.00573-17... OK (1127 KB) [pmc_pow]
  [4300/5960] PMC5491276 PMID:28270414 doi:10.1681/ASN.2016050519... OK (3080 KB) [pmc_pow]
  [4301/5960] PMC5491771 PMID:28476888 doi:10.1074/jbc.M117.784108... OK (3912 KB) [pmc_pow]
  [4302/5960] PMC5491891 PMID:28374905 doi:10.1113/JP272424... OK (1287 KB) [pmc_pow]
  [4303/5960] PMC5492824 PMID:28685064 doi:10.3892/br.2017.925... OK (469 KB) [pmc_pow]
  [4304/5960] PMC5493579 PMID:28667647 doi:10.1007/s13205-017-0856-9... OK (704 KB) [pmc_pow]
  [4305/5960] PMC5493791 PMID:28592659 doi:10.1098/rsif.2017.0071... OK (1183 KB) [pmc_pow]
  [4306/5960] PMC5494593 PMID:28424170 doi:10.1152/ajpcell.00346.2016... FAIL [all_failed]
  [4307/5960] PMC5494603 PMID:28693257 doi:10.3892/ol.2017.6212... OK (1110 KB) [pmc_pow]
  [4308/5960] PMC5494650 PMID:28693293 doi:10.3892/ol.2017.6185... OK (959 KB) [pmc_pow]
  [4309/5960] PMC5494654 PMID:28693270 doi:10.3892/ol.2017.6256... OK (1137 KB) [pmc_pow]
  [4310/5960] PMC5495246 PMID:28607091 doi:10.1073/pnas.1701002114... OK (1694 KB) [pmc_pow]
  [4311/5960] PMC5495717 PMID:28720948 doi:10.1007/s13197-017-2626-4... OK (893 KB) [pmc_pow]
  [4312/5960] PMC5495883 PMID:28331061 doi:10.1152/ajprenal.00461.2016... FAIL [all_failed]
  [4313/5960] PMC5498388 PMID:28451864 doi:10.1007/s11999-017-5370-1... OK (979 KB) [pmc_pow]
  [4314/5960] PMC54987 PMID:2236061 doi:10.1073/pnas.87.21.8516... OK (1350 KB) [pmc_pow]
  [4315/5960] PMC5500786 PMID:28483922 doi:10.1074/jbc.M117.777045... OK (2096 KB) [pmc_pow]
  [4316/5960] PMC5500818 PMID:28526749 doi:10.1074/jbc.M117.787291... OK (3721 KB) [pmc_pow]
  [4317/5960] PMC5502623 PMID:28634302 doi:10.1073/pnas.1702849114... OK (2095 KB) [pmc_pow]
  [4318/5960] PMC5504426 PMID:27402690 doi:10.1152/ajplung.00128.2016... FAIL [all_failed]
  [4319/5960] PMC5505213 PMID:28398573 doi:10.1210/en.2017-00051... FAIL [all_failed]
  [4320/5960] PMC550972 PMID:7399675 doi:10.1128/iai.28.2.567-576.1980... OK (2257 KB) [pmc_pow]
  [4321/5960] PMC5512061 PMID:28512131 doi:10.1074/jbc.M117.788547... OK (1388 KB) [pmc_pow]
  [4322/5960] PMC5512135 PMID:28740612 doi:10.1021/acsmedchemlett.7b00169... FAIL [all_failed]
  [4323/5960] PMC5512224 PMID:28559292 doi:10.1128/JB.00227-17... OK (1322 KB) [pmc_pow]
  [4324/5960] PMC5514764 PMID:28652370 doi:10.1073/pnas.1707292114... OK (1214 KB) [pmc_pow]
  [4325/5960] PMC5515160 PMID:28730077 doi:10.18240/ijo.2017.06.08... OK (4890 KB) [pmc_pow]
  [4326/5960] PMC5518559 PMID:28724791 doi:10.1172/jci.insight.92634... OK (2316 KB) [pmc_pow]
  [4327/5960] PMC5518873 PMID:28374747 doi:10.1038/cr.2017.48... OK (3195 KB) [pmc_pow]
  [4328/5960] PMC5519244 PMID:28414198 doi:10.1038/aps.2016.172... OK (18844 KB) [pmc_pow]
  [4329/5960] PMC5519366 PMID:28584055 doi:10.1074/jbc.M117.791715... OK (2752 KB) [pmc_pow]
  [4330/5960] PMC5520180 PMID:28260803 doi:10.1038/aps.2016.150... OK (3709 KB) [pmc_pow]
  [4331/5960] PMC552214 PMID:2176148 doi:10.1002/j.1460-2075.1990.tb07879.x... OK (1935 KB) [pmc_pow]
  [4332/5960] PMC5524146 PMID:28534083 doi:10.1007/s00018-017-2541-x... OK (9334 KB) [pmc_pow]
  [4333/5960] PMC5525645 PMID:28804628 doi:10.3892/br.2017.941... OK (471 KB) [pmc_pow]
  [4334/5960] PMC5527647 PMID:28559253 doi:10.1128/AAC.00492-17... OK (1385 KB) [pmc_pow]
  [4335/5960] PMC5528333 PMID:22265592 doi:10.1016/j.molonc.2011.12.002... OK (1120 KB) [pmc_pow]
  [4336/5960] PMC5528383 PMID:22153388 doi:10.1016/j.molonc.2011.11.003... FAIL [all_failed]
  [4337/5960] PMC5528455 PMID:23820115 doi:10.1016/j.molonc.2013.05.005... OK (2757 KB) [pmc_pow]
  [4338/5960] PMC5528458 PMID:23735188 doi:10.1016/j.molonc.2013.04.009... OK (1728 KB) [pmc_pow]
  [4339/5960] PMC5528605 PMID:24962791 doi:10.1016/j.molonc.2014.06.003... OK (2460 KB) [pmc_pow]
  [4340/5960] PMC5528671 PMID:25245324 doi:10.1016/j.molonc.2014.08.010... OK (2333 KB) [pmc_pow]
  [4341/5960] PMC552938 PMID:15716361 doi:10.1073/pnas.0409713102... OK (1116 KB) [pmc_pow]
  [4342/5960] PMC5529832 PMID:28789398 doi:10.3892/ol.2017.6288... OK (1451 KB) [pmc_pow]
  [4343/5960] PMC5529953 PMID:28789395 doi:10.3892/ol.2017.6346... OK (1921 KB) [pmc_pow]
  [4344/5960] PMC553183 PMID:6765191 doi:10.1002/j.1460-2075.1982.tb00007.x... OK (1585 KB) [pmc_pow]
  [4345/5960] PMC5533889 PMID:28559431 doi:10.1128/MCB.00237-17... OK (1910 KB) [pmc_pow]
  [4346/5960] PMC553411 PMID:3582365 doi:10.1002/j.1460-2075.1987.tb04770.x... OK (1919 KB) [pmc_pow]
  [4347/5960] PMC5536873 PMID:28576772 doi:10.1242/dev.151951... FAIL [all_failed]
  [4348/5960] PMC5538275 PMID:28377425 doi:10.1194/jlr.M072835... FAIL [all_failed]
  [4349/5960] PMC5538763 PMID:28679504 doi:10.15252/embj.201797606... OK (791 KB) [pmc_pow]
  [4350/5960] PMC5538869 PMID:28450286 doi:10.1152/ajplung.00106.2017... FAIL [all_failed]
  [4351/5960] PMC5538870 PMID:28473328 doi:10.1152/ajplung.00538.2016... FAIL [all_failed]
  [4352/5960] PMC553903 PMID:3443105 doi:10.1002/j.1460-2075.1987.tb02766.x... OK (1305 KB) [pmc_pow]
  [4353/5960] PMC5539348 PMID:28497811 doi:10.1038/cr.2017.67... OK (1681 KB) [pmc_pow]
  [4354/5960] PMC554126 PMID:15706348 doi:10.1038/sj.emboj.7600576... OK (899 KB) [pmc_pow]
  [4355/5960] PMC5543017 PMID:28679695 doi:10.1098/rsbl.2017.0064... OK (532 KB) [pmc_pow]
  [4356/5960] PMC5544391 PMID:28777931 doi:10.1016/j.ajhg.2017.07.005... OK (2921 KB) [pmc_pow]
  [4357/5960] PMC554481 PMID:2866954 doi:10.1002/j.1460-2075.1985.tb03910.x... OK (1834 KB) [pmc_pow]
  [4358/5960] PMC5545614 PMID:28814929 doi:10.21315/mjms2017.24.3.3... OK (1397 KB) [pmc_pow]
  [4359/5960] PMC5546030 PMID:28615447 doi:10.1074/jbc.M117.788422... OK (3121 KB) [pmc_pow]
  [4360/5960] PMC5546044 PMID:28615444 doi:10.1074/jbc.M117.791392... OK (2864 KB) [pmc_pow]
  [4361/5960] PMC5546865 PMID:28609824 doi:10.1210/jc.2017-00267... FAIL [all_failed]
  [4362/5960] PMC5547643 PMID:28716905 doi:10.1073/pnas.1706643114... OK (1145 KB) [pmc_pow]
  [4363/5960] PMC55498 PMID:11481452 doi:10.1073/pnas.171311298... OK (329 KB) [pmc_pow]
  [4364/5960] PMC555150 PMID:11894959 doi:10.1002/j.1460-2075.1983.tb01440.x... OK (1447 KB) [pmc_pow]
  [4365/5960] PMC555277 PMID:10872325 doi:10.1002/j.1460-2075.1983.tb01586.x... OK (3338 KB) [pmc_pow]
  [4366/5960] PMC5555931 PMID:28848276 doi:10.1007/s12639-017-0886-6... OK (789 KB) [pmc_pow]
  [4367/5960] PMC555996 PMID:15784738 doi:10.1073/pnas.0500253102... OK (282 KB) [pmc_pow]
  [4368/5960] PMC556267 PMID:15800038 doi:10.1073/pnas.0501559102... OK (397 KB) [pmc_pow]
  [4369/5960] PMC5563135 PMID:28608415 doi:10.1002/pro.3211... OK (830 KB) [pmc_pow]
  [4370/5960] PMC5563145 PMID:28608466 doi:10.1002/pro.3210... OK (756 KB) [pmc_pow]
  [4371/5960] PMC5563291 PMID:28536931 doi:10.1007/s11302-017-9562-7... OK (1803 KB) [pmc_pow]
  [4372/5960] PMC5564374 PMID:28353686 doi:10.1038/hdy.2017.18... OK (1914 KB) [pmc_pow]
  [4373/5960] PMC5566523 PMID:28701464 doi:10.1074/jbc.M116.773937... OK (964 KB) [pmc_pow]
  [4374/5960] PMC5566532 PMID:28655770 doi:10.1074/jbc.M117.780874... OK (3442 KB) [pmc_pow]
  [4375/5960] PMC55700 PMID:11376153 doi:10.1093/nar/29.11.2349... OK (980 KB) [pmc_pow]
  [4376/5960] PMC5571360 PMID:28652238 doi:10.1128/AAC.01031-17... OK (3391 KB) [pmc_pow]
  [4377/5960] PMC5572930 PMID:28663370 doi:10.1074/jbc.M117.786582... OK (1548 KB) [pmc_pow]
  [4378/5960] PMC5573688 PMID:28466152 doi:10.1007/s12192-017-0793-x... OK (870 KB) [pmc_pow]
  [4379/5960] PMC5574028 PMID:11269659 doi:10.1023/a:1007209321969... OK (1799 KB) [pmc_pow]
  [4380/5960] PMC5574052 PMID:28847973 doi:10.1128/MCB.00335-17... FAIL [all_failed]
  [4381/5960] PMC5576841 PMID:28784775 doi:10.1073/pnas.1711201114... OK (1083 KB) [pmc_pow]
  [4382/5960] PMC5576924 PMID:28428331 doi:10.1681/ASN.2016060626... OK (1908 KB) [pmc_pow]
  [4383/5960] PMC55773 PMID:11433026 doi:10.1093/nar/29.13.2802... OK (924 KB) [pmc_pow]
  [4384/5960] PMC5578708 PMID:18430085 doi:10.1111/j.1365-2958.2008.06216.x... OK (715 KB) [pmc_pow]
  [4385/5960] PMC5579360 PMID:28864679 doi:10.15252/embj.201797843... OK (78 KB) [pmc_pow]
  [4386/5960] PMC5580731 PMID:26404456 doi:10.1007/8904_2015_494... OK (493 KB) [pmc_pow]
  [4387/5960] PMC5580896 PMID:28663239 doi:10.1194/jlr.M076141... OK (1410 KB) [pmc_pow]
  [4388/5960] PMC5580900 PMID:28701354 doi:10.1194/jlr.M077925... OK (1499 KB) [pmc_pow]
  [4389/5960] PMC5582589 PMID:28578603 doi:10.1089/hum.2017.043... OK (392 KB) [pmc_pow]
  [4390/5960] PMC55839 PMID:11470889 doi:10.1093/nar/29.15.e74... FAIL [all_failed]
  [4391/5960] PMC55846 PMID:11504878 doi:10.1093/nar/29.16.3404... OK (408 KB) [pmc_pow]
  [4392/5960] PMC5592659 PMID:28729424 doi:10.1074/jbc.M117.787952... OK (2222 KB) [pmc_pow]
  [4393/5960] PMC5592674 PMID:28698383 doi:10.1074/jbc.M116.769877... OK (1955 KB) [pmc_pow]
  [4394/5960] PMC5592685 PMID:28673964 doi:10.1074/jbc.M117.783175... OK (5910 KB) [pmc_pow]
  [4395/5960] PMC5602013 PMID:28766551 doi:10.1038/ejhg.2017.112... OK (697 KB) [pmc_pow]
  [4396/5960] PMC5604157 PMID:28943954 doi:10.3892/ol.2017.6712... OK (873 KB) [pmc_pow]
  [4397/5960] PMC5606541 PMID:28707340 doi:10.1002/pro.3234... OK (422 KB) [pmc_pow]
  [4398/5960] PMC5610547 PMID:28794205 doi:10.3945/jn.117.248278... OK (2061 KB) [pmc_pow]
  [4399/5960] PMC5612117 PMID:28751376 doi:10.1074/jbc.M117.804625... OK (1666 KB) [pmc_pow]
  [4400/5960] PMC5612127 PMID:28768766 doi:10.1074/jbc.M117.785741... OK (1886 KB) [pmc_pow]
  [4401/5960] PMC5612176 PMID:28751497 doi:10.1242/jcs.205666... FAIL [all_failed]
  [4402/5960] PMC5617249 PMID:28874591 doi:10.1073/pnas.1700632114... OK (1283 KB) [pmc_pow]
  [4403/5960] PMC5617280 PMID:28874531 doi:10.1073/pnas.1706355114... OK (1105 KB) [pmc_pow]
  [4404/5960] PMC5617295 PMID:28874579 doi:10.1073/pnas.1708578114... OK (1309 KB) [pmc_pow]
  [4405/5960] PMC5618933 PMID:28598223 doi:10.2217/bmm-2016-0373... OK (2309 KB) [pmc_pow]
  [4406/5960] PMC5620911 PMID:28969289 doi:10.7860/JCDR/2017/26911.10525... OK (128 KB) [pmc_pow]
  [4407/5960] PMC5621883 PMID:28878117 doi:10.1172/jci.insight.93343... OK (5572 KB) [pmc_pow]
  [4408/5960] PMC5621921 PMID:28931760 doi:10.1172/jci.insight.94715... FAIL [all_failed]
  [4409/5960] PMC5622240 PMID:28979671 no DOI... OK (1765 KB) [pmc_pow]
  [4410/5960] PMC5625068 PMID:28963339 doi:10.1074/jbc.H117.795286... OK (351 KB) [pmc_pow]
  [4411/5960] PMC5630162 PMID:28942964 doi:10.1016/j.ajhg.2017.08.008... OK (1717 KB) [pmc_pow]
  [4412/5960] PMC5630197 PMID:28965846 doi:10.1016/j.ajhg.2017.09.007... OK (1434 KB) [pmc_pow]
  [4413/5960] PMC5630666 PMID:28858299 doi:10.1038/aps.2016.170... OK (1643 KB) [pmc_pow]
  [4414/5960] PMC5637112 PMID:29021297 doi:10.1523/JNEUROSCI.1787-16.2017... OK (645 KB) [pmc_pow]
  [4415/5960] PMC5639831 PMID:28475408 doi:10.1080/15384047.2017.1323594... OK (1267 KB) [pmc_pow]
  [4416/5960] PMC5640785 PMID:27151179 doi:10.1016/j.jhep.2016.04.017... FAIL [all_failed]
  [4417/5960] PMC5640816 PMID:28784718 doi:10.1128/MCB.00214-17... OK (4104 KB) [pmc_pow]
  [4418/5960] PMC5641892 PMID:28821623 doi:10.1074/jbc.M117.788588... OK (2460 KB) [pmc_pow]
  [4419/5960] PMC5643964 PMID:28832570 doi:10.1038/ejhg.2017.129... OK (2024 KB) [pmc_pow]
  [4420/5960] PMC5649972 PMID:28557543 doi:10.1164/rccm.201608-1714OC... OK (1179 KB) [pmc_pow]
  [4421/5960] PMC5649986 PMID:28485984 doi:10.1164/rccm.201702-0353OC... OK (956 KB) [pmc_pow]
  [4422/5960] PMC5655112 PMID:28848005 doi:10.1128/AAC.00978-17... OK (1932 KB) [pmc_pow]
  [4423/5960] PMC5657698 PMID:27718343 doi:10.3727/096368916X693310... OK (4498 KB) [pmc_pow]
  [4424/5960] PMC5657705 PMID:27938475 doi:10.3727/096368916X694265... OK (1211 KB) [pmc_pow]
  [4425/5960] PMC5657719 PMID:27983913 doi:10.3727/096368916X694274... FAIL [all_failed]
  [4426/5960] PMC5660743 PMID:28421411 doi:10.1007/s10616-017-0098-z... OK (4524 KB) [pmc_pow]
  [4427/5960] PMC5661766 PMID:28409533 doi:10.1177/1535370217703978... OK (865 KB) [pmc_pow]
  [4428/5960] PMC5663892 PMID:28887308 doi:10.1074/jbc.M117.808451... OK (3445 KB) [pmc_pow]
  [4429/5960] PMC5664509 PMID:29073064 doi:10.1073/pnas.1706617114... OK (923 KB) [pmc_pow]
  [4430/5960] PMC5664523 PMID:29073097 doi:10.1073/pnas.1708772114... OK (1600 KB) [pmc_pow]
  [4431/5960] PMC5665436 PMID:28808085 doi:10.1242/jcs.201400... FAIL [all_failed]
  [4432/5960] PMC5668450 PMID:28839002 doi:10.1152/japplphysiol.00110.2017... FAIL [all_failed]
  [4433/5960] PMC5672030 PMID:28972162 doi:10.1074/jbc.M117.809723... OK (1160 KB) [pmc_pow]
  [4434/5960] PMC5672033 PMID:28848044 doi:10.1074/jbc.M117.788463... OK (4299 KB) [pmc_pow]
  [4435/5960] PMC5672038 PMID:28882896 doi:10.1074/jbc.M117.797480... OK (4630 KB) [pmc_pow]
  [4436/5960] PMC5672039 PMID:28887303 doi:10.1074/jbc.M117.807495... OK (1265 KB) [pmc_pow]
  [4437/5960] PMC5672043 PMID:28916726 doi:10.1074/jbc.M117.813923... OK (3026 KB) [pmc_pow]
  [4438/5960] PMC5672053 PMID:28972154 doi:10.1074/jbc.M117.802629... FAIL [all_failed]
  [4439/5960] PMC5672065 PMID:28795692 doi:10.1038/aps.2017.106... OK (20642 KB) [pmc_pow]
  [4440/5960] PMC5672068 PMID:28816233 doi:10.1038/aps.2017.112... OK (8169 KB) [pmc_pow]
  [4441/5960] PMC5673633 PMID:29100094 doi:10.1016/j.ajhg.2017.09.017... OK (3255 KB) [pmc_pow]
  [4442/5960] PMC5676242 PMID:29097398 doi:10.1534/genetics.117.300262... OK (1987 KB) [pmc_pow]
  [4443/5960] PMC5676900 PMID:29078321 doi:10.1073/pnas.1707965114... OK (1885 KB) [pmc_pow]
  [4444/5960] PMC5680639 PMID:29151915 doi:10.3892/ol.2017.7037... OK (797 KB) [pmc_pow]
  [4445/5960] PMC5682999 PMID:29141977 doi:10.3945/an.117.015610... OK (1094 KB) [pmc_pow]
  [4446/5960] PMC5686757 PMID:28904196 doi:10.1128/JVI.01385-17... OK (1108 KB) [pmc_pow]
  [4447/5960] PMC5690381 PMID:28821635 doi:10.1096/fj.201700565R... FAIL [all_failed]
  [4448/5960] PMC5691388 PMID:29163704 doi:10.3892/ol.2017.7043... OK (661 KB) [pmc_pow]
  [4449/5960] PMC5692584 PMID:29078383 doi:10.1073/pnas.1712946114... OK (2687 KB) [pmc_pow]
  [4450/5960] PMC5694830 PMID:28598224 doi:10.1164/rccm.201701-0170OC... OK (1252 KB) [pmc_pow]
  [4451/5960] PMC5705820 PMID:28993478 doi:10.1128/MCB.00328-17... OK (3827 KB) [pmc_pow]
  [4452/5960] PMC5709322 PMID:28980705 doi:10.1113/JP274980... OK (1070 KB) [pmc_pow]
  [4453/5960] PMC5711275 PMID:29161077 doi:10.1513/AnnalsATS.201705-370AW... OK (641 KB) [pmc_pow]
  [4454/5960] PMC5711383 PMID:29029014 doi:10.1210/en.2017-00238... FAIL [all_failed]
  [4455/5960] PMC5712614 PMID:28982698 doi:10.1074/jbc.M117.811794... OK (2551 KB) [pmc_pow]
  [4456/5960] PMC5714742 PMID:29218237 no DOI... OK (1140 KB) [pmc_pow]
  [4457/5960] PMC5714782 PMID:29218096 no DOI... OK (1682 KB) [pmc_pow]
  [4458/5960] PMC5714827 PMID:28920184 doi:10.1007/s10815-017-1046-8... OK (351 KB) [pmc_pow]
  [4459/5960] PMC5714829 PMID:29063991 doi:10.1007/s10815-017-1070-8... OK (528 KB) [pmc_pow]
  [4460/5960] PMC5715983 PMID:28940366 doi:10.1111/bph.14045... OK (3502 KB) [pmc_pow]
  [4461/5960] PMC5717529 PMID:29203714 doi:10.1098/rstb.2016.0529... FAIL [all_failed]
  [4462/5960] PMC5718097 PMID:28935577 doi:10.1016/j.ajpath.2017.08.017... OK (3586 KB) [pmc_pow]
  [4463/5960] PMC5718323 PMID:28178891 doi:10.1177/0271678X17691783... OK (1163 KB) [pmc_pow]
  [4464/5960] PMC5721086 PMID:29242722 doi:10.1007/s13139-017-0475-8... OK (587 KB) [pmc_pow]
  [4465/5960] PMC5724003 PMID:29021209 doi:10.1074/jbc.M117.815241... OK (3686 KB) [pmc_pow]
  [4466/5960] PMC5724007 PMID:28978646 doi:10.1074/jbc.M117.809012... OK (1726 KB) [pmc_pow]
  [4467/5960] PMC5724180 PMID:28951444 doi:10.1074/mcp.RA117.000072... OK (2920 KB) [pmc_pow]
  [4468/5960] PMC5728310 PMID:29296759 doi:10.1182/bloodadvances.2016003772... OK (5070 KB) [pmc_pow]
  [4469/5960] PMC5729398 PMID:29250143 doi:10.3892/etm.2017.5294... OK (869 KB) [pmc_pow]
  [4470/5960] PMC5729541 PMID:29192902 doi:10.1038/cdd.2017.187... OK (1077 KB) [pmc_pow]
  [4471/5960] PMC5731255 PMID:28853159 doi:10.1111/bph.14019... OK (1293 KB) [pmc_pow]
  [4472/5960] PMC5740343 PMID:29109158 doi:10.1128/AAC.01608-17... OK (511 KB) [pmc_pow]
  [4473/5960] PMC5740361 PMID:29061745 doi:10.1128/AAC.01614-17... OK (2036 KB) [pmc_pow]
  [4474/5960] PMC5740798 PMID:29285165 doi:10.3892/etm.2017.5322... OK (753 KB) [pmc_pow]
  [4475/5960] PMC5742293 PMID:29204990 doi:10.1631/jzus.B1700189... FAIL [all_failed]
  [4476/5960] PMC5748177 PMID:29203658 doi:10.1073/pnas.1708991114... OK (2495 KB) [pmc_pow]
  [4477/5960] PMC5749504 PMID:29202474 doi:10.1172/JCI93815... OK (12610 KB) [pmc_pow]
  [4478/5960] PMC5752288 PMID:29093265 doi:10.1172/jci.insight.94200... OK (1006 KB) [pmc_pow]
  [4479/5960] PMC5752341 PMID:28994751 doi:10.3791/53369... OK (2183 KB) [pmc_pow]
  [4480/5960] PMC5754440 PMID:28783377 doi:10.1164/rccm.201612-2480OC... OK (1017 KB) [pmc_pow]
  [4481/5960] PMC5755444 PMID:29286376 doi:10.3791/56301... OK (1315 KB) [pmc_pow]
  [4482/5960] PMC5756638 PMID:29102932 doi:10.21873/invivo.11176... OK (715 KB) [pmc_pow]
  [4483/5960] PMC5756783 PMID:29312876 doi:10.21037/qims.2017.11.03... OK (40287 KB) [pmc_pow]
  [4484/5960] PMC5758395 PMID:27723079 doi:10.1111/bph.13642... OK (2489 KB) [pmc_pow]
  [4485/5960] PMC5766841 PMID:28283480 doi:10.1182/blood-2016-10-741207... FAIL [all_failed]
  [4486/5960] PMC5766913 PMID:29158256 doi:10.1074/jbc.RA117.000405... OK (1159 KB) [pmc_pow]
  [4487/5960] PMC5766915 PMID:29305524 doi:10.1074/jbc.H117.001021... OK (193 KB) [pmc_pow]
  [4488/5960] PMC5766933 PMID:29079574 doi:10.1074/jbc.M117.792721... OK (2861 KB) [pmc_pow]
  [4489/5960] PMC5767704 PMID:28983994 doi:10.1113/JP274970... OK (1008 KB) [pmc_pow]
  [4490/5960] PMC5767857 PMID:29123027 doi:10.1074/jbc.M117.797209... OK (2768 KB) [pmc_pow]
  [4491/5960] PMC5770535 PMID:29158291 doi:10.1128/MCB.00489-17... OK (3088 KB) [pmc_pow]
  [4492/5960] PMC5773949 PMID:29148034 doi:10.1111/bph.14093... OK (1775 KB) [pmc_pow]
  [4493/5960] PMC5776968 PMID:29295921 doi:10.1073/pnas.1711950115... OK (1560 KB) [pmc_pow]
  [4494/5960] PMC5777063 PMID:29259115 doi:10.1073/pnas.1715842115... OK (1170 KB) [pmc_pow]
  [4495/5960] PMC5777290 PMID:29434989 doi:10.3892/ol.2017.7591... OK (850 KB) [pmc_pow]
  [4496/5960] PMC5777360 PMID:29434982 doi:10.3892/ol.2017.7588... OK (985 KB) [pmc_pow]
  [4497/5960] PMC5778823 PMID:29435050 doi:10.3892/ol.2017.7668... OK (1503 KB) [pmc_pow]
  [4498/5960] PMC5778871 PMID:29435058 doi:10.3892/ol.2017.7689... OK (967 KB) [pmc_pow]
  [4499/5960] PMC5783961 PMID:29222404 doi:10.1523/JNEUROSCI.1384-17.2017... OK (1794 KB) [pmc_pow]
  [4500/5960] PMC5785980 PMID:28873329 doi:10.1080/15476286.2017.1373239... OK (663 KB) [pmc_pow]
  [4501/5960] PMC5785988 PMID:29099307 doi:10.1080/15476286.2017.1391444... OK (654 KB) [pmc_pow]
  [4502/5960] PMC5786771 PMID:29158278 doi:10.1128/AAC.01489-17... OK (3051 KB) [pmc_pow]
  [4503/5960] PMC5787817 PMID:29222331 doi:10.1074/jbc.RA117.000317... OK (3500 KB) [pmc_pow]
  [4504/5960] PMC5788149 PMID:29307284 doi:10.1177/1535370217748893... OK (354 KB) [pmc_pow]
  [4505/5960] PMC5788412 PMID:29099268 doi:10.1080/15384101.2017.1387697... FAIL [all_failed]
  [4506/5960] PMC5790945 PMID:29187543 doi:10.1128/JVI.01565-17... OK (3723 KB) [pmc_pow]
  [4507/5960] PMC5791060 PMID:29042455 doi:10.1681/ASN.2017040381... OK (2469 KB) [pmc_pow]
  [4508/5960] PMC5794720 PMID:29416919 no DOI... OK (2091 KB) [pmc_pow]
  [4509/5960] PMC5795392 PMID:29196338 doi:10.1074/mcp.RA117.000425... OK (2665 KB) [pmc_pow]
  [4510/5960] PMC5795590 PMID:29456668 doi:10.3892/etm.2018.5718... OK (501 KB) [pmc_pow]
  [4511/5960] PMC5795796 PMID:29456661 doi:10.3892/etm.2018.5710... OK (3391 KB) [openalex]
  [4512/5960] PMC5797955 PMID:29217657 doi:10.15252/embr.201744705... OK (2210 KB) [openalex]
  [4513/5960] PMC5801480 PMID:26552864 doi:10.1016/j.ajpath.2015.08.014... FAIL [all_failed]
  [4514/5960] PMC5805042 PMID:29016335 doi:10.4269/ajtmh.17-0225... OK (89 KB) [pmc_pow]
  [4515/5960] PMC5808751 PMID:29237729 doi:10.1074/jbc.RA117.000265... OK (991 KB) [pmc_pow]
  [4516/5960] PMC5809645 PMID:28752496 doi:10.1007/s10616-017-0123-2... OK (5471 KB) [pmc_pow]
  [4517/5960] PMC5809725 PMID:29237839 doi:10.1128/JVI.01726-17... OK (3323 KB) [pmc_pow]
  [4518/5960] PMC5813859 PMID:29492244 doi:10.1177/2042018818755019... OK (801 KB) [pmc_pow]
  [4519/5960] PMC5818172 PMID:29279328 doi:10.1074/jbc.M117.806869... OK (689 KB) [pmc_pow]
  [4520/5960] PMC5818191 PMID:29282292 doi:10.1074/jbc.RA117.000229... OK (1965 KB) [pmc_pow]
  [4521/5960] PMC5821197 PMID:29415895 doi:10.1172/jci.insight.96805... OK (2680 KB) [pmc_pow]
  [4522/5960] PMC5821201 PMID:29415897 doi:10.1172/jci.insight.96219... OK (1078 KB) [pmc_pow]
  [4523/5960] PMC5821206 PMID:29321378 doi:10.1172/jci.insight.94543... OK (2502 KB) [pmc_pow]
  [4524/5960] PMC5821907 PMID:29053005 doi:10.1164/rccm.201706-1161OC... OK (1609 KB) [pmc_pow]
  [4525/5960] PMC5823809 PMID:28889229 doi:10.1007/s12192-017-0841-6... OK (8832 KB) [pmc_pow]
  [4526/5960] PMC5826137 PMID:29263063 doi:10.1128/AAC.01599-17... OK (2722 KB) [pmc_pow]
  [4527/5960] PMC5827370 PMID:29263274 doi:10.1128/JVI.01737-17... OK (1656 KB) [pmc_pow]
  [4528/5960] PMC5827441 PMID:29348167 doi:10.1074/jbc.RA117.000826... FAIL [all_failed]
  [4529/5960] PMC5828453 PMID:29246973 doi:10.2337/db17-0736... OK (3035 KB) [pmc_pow]
  [4530/5960] PMC5835886 PMID:29541233 doi:10.3892/ol.2018.7857... OK (1350 KB) [pmc_pow]
  [4531/5960] PMC5835895 PMID:29541215 doi:10.3892/ol.2018.7852... OK (1202 KB) [pmc_pow]
  [4532/5960] PMC5836098 PMID:29438979 doi:10.15252/embr.201642139... OK (1314 KB) [pmc_pow]
  [4533/5960] PMC5836131 PMID:29317503 doi:10.1074/jbc.RA117.000809... OK (3284 KB) [pmc_pow]
  [4534/5960] PMC5837274 PMID:28973375 doi:10.1093/toxsci/kfx165... OK (1589 KB) [pmc_pow]
  [4535/5960] PMC5837519 PMID:28087840 doi:10.1093/toxsci/kfx009... OK (1239 KB) [pmc_pow]
  [4536/5960] PMC5837579 PMID:29020391 doi:10.1093/eurheartj/ehx354... OK (206 KB) [pmc_pow]
  [4537/5960] PMC5837701 PMID:28962525 doi:10.1093/toxsci/kfx145... OK (1360 KB) [pmc_pow]
  [4538/5960] PMC5839739 PMID:29385420 doi:10.1210/en.2018-00064... FAIL [all_failed]
  [4539/5960] PMC5840661 PMID:29552164 doi:10.3892/ol.2018.7962... OK (1230 KB) [pmc_pow]
  [4540/5960] PMC5840745 PMID:29552162 doi:10.3892/ol.2018.7938... OK (1887 KB) [pmc_pow]
  [4541/5960] PMC5841063 PMID:29545863 doi:10.3892/etm.2018.5830... OK (1554 KB) [pmc_pow]
  [4542/5960] PMC5844066 PMID:29556310 doi:10.3892/ol.2018.8073... OK (2197 KB) [pmc_pow]
  [4543/5960] PMC5844335 PMID:29343499 doi:10.1534/genetics.118.300711... OK (1188 KB) [pmc_pow]
  [4544/5960] PMC5846531 PMID:29541521 doi:10.1364/BOE.9.001283... OK (6584 KB) [pmc_pow]
  [4545/5960] PMC5850138 PMID:28333293 doi:10.1093/humrep/dex051... OK (253 KB) [pmc_pow]
  [4546/5960] PMC58513 PMID:11526219 doi:10.1073/pnas.191321998... OK (432 KB) [pmc_pow]
  [4547/5960] PMC5851950 PMID:28983752 doi:10.1007/s10616-017-0125-0... OK (3562 KB) [pmc_pow]
  [4548/5960] PMC5851975 PMID:29372465 doi:10.1007/s10616-018-0195-7... OK (1644 KB) [pmc_pow]
  [4549/5960] PMC5857985 PMID:29371396 doi:10.1074/jbc.RA117.001145... OK (2365 KB) [pmc_pow]
  [4550/5960] PMC58592 PMID:11514614 doi:10.1091/mbc.12.8.2245... OK (956 KB) [pmc_pow]
  [4551/5960] PMC5861934 PMID:28158621 doi:10.1093/gerona/glw328... OK (470 KB) [pmc_pow]
  [4552/5960] PMC5861959 PMID:28329397 doi:10.1093/gerona/glx041... OK (318 KB) [pmc_pow]
  [4553/5960] PMC5864250 PMID:29317762 doi:10.1038/s41418-017-0013-3... OK (5022 KB) [pmc_pow]
  [4554/5960] PMC5866355 PMID:28903946 doi:10.1152/ajprenal.00352.2017... FAIL [all_failed]
  [4555/5960] PMC5866602 PMID:29440398 doi:10.1073/pnas.1722086115... OK (1511 KB) [pmc_pow]
  [4556/5960] PMC5866817 PMID:29581932 doi:10.1007/s13205-018-1222-2... OK (2936 KB) [pmc_pow]
  [4557/5960] PMC58744 PMID:11572989 doi:10.1073/pnas.191175898... FAIL [all_failed]
  [4558/5960] PMC5876434 PMID:29616118 doi:10.3892/ol.2018.8089... OK (1197 KB) [pmc_pow]
  [4559/5960] PMC58768 PMID:11572998 doi:10.1073/pnas.191363498... OK (225 KB) [pmc_pow]
  [4560/5960] PMC58771 PMID:11562476 doi:10.1073/pnas.201293198... FAIL [all_failed]
  [4561/5960] PMC5881776 PMID:28595377 doi:10.1093/glycob/cwx051... OK (446 KB) [pmc_pow]
  [4562/5960] PMC5886139 PMID:28934392 doi:10.1093/hmg/ddx269... OK (733 KB) [pmc_pow]
  [4563/5960] PMC5886243 PMID:29040550 doi:10.1093/hmg/ddx373... OK (1050 KB) [pmc_pow]
  [4564/5960] PMC5886254 PMID:28973664 doi:10.1093/hmg/ddx320... FAIL [all_failed]
  [4565/5960] PMC5886348 PMID:28985318 doi:10.1093/ilar/ilx027... OK (482 KB) [pmc_pow]
  [4566/5960] PMC5887147 PMID:29496745 doi:10.1534/genetics.118.300818... OK (2886 KB) [pmc_pow]
  [4567/5960] PMC5888686 PMID:29219946 doi:10.1038/aps.2017.160... OK (6469 KB) [pmc_pow]
  [4568/5960] PMC5891426 PMID:29475881 doi:10.15252/embr.201744981... OK (2973 KB) [pmc_pow]
  [4569/5960] PMC5892644 PMID:29275301 doi:10.21873/invivo.11206... OK (591 KB) [pmc_pow]
  [4570/5960] PMC5892720 PMID:29127189 doi:10.1096/fj.201700477R... FAIL [all_failed]
  [4571/5960] PMC5893175 PMID:29196503 doi:10.1096/fj.201700571R... FAIL [all_failed]
  [4572/5960] PMC5893993 PMID:29633973 doi:10.1107/S2053230X18003151... OK (1749 KB) [pmc_pow]
  [4573/5960] PMC5903428 PMID:18426963 doi:10.1093/gerona/63.4.391... OK (1123 KB) [pmc_pow]
  [4574/5960] PMC5904594 PMID:29699136 doi:10.1007/s12522-013-0147-z... OK (238 KB) [pmc_pow]
  [4575/5960] PMC5904680 PMID:29699072 doi:10.1046/j.1445-5781.2002.00007.x... OK (487 KB) [pmc_pow]
  [4576/5960] PMC5905598 PMID:28958065 doi:10.1093/gerona/glx160... FAIL [all_failed]
  [4577/5960] PMC5905666 PMID:29462355 doi:10.1093/hmg/ddy061... OK (764 KB) [pmc_pow]
  [4578/5960] PMC5910003 PMID:29436377 doi:10.2337/db17-1150... OK (2939 KB) [pmc_pow]
  [4579/5960] PMC5910857 PMID:29610354 doi:10.1073/pnas.1720908115... OK (1064 KB) [pmc_pow]
  [4580/5960] PMC5911257 PMID:29692548 doi:10.1007/s12298-018-0509-4... OK (2787 KB) [pmc_pow]
  [4581/5960] PMC5918718 PMID:1483936 doi:10.1111/j.1349-7006.1992.tb02750.x... OK (519 KB) [pmc_pow]
  [4582/5960] PMC5919807 PMID:29584621 doi:10.1172/JCI94584... OK (26922 KB) [pmc_pow]
  [4583/5960] PMC5920640 PMID:29731891 doi:10.3892/ol.2018.8256... OK (811 KB) [pmc_pow]
  [4584/5960] PMC5920862 PMID:29731910 doi:10.3892/ol.2018.8303... OK (1100 KB) [pmc_pow]
  [4585/5960] PMC5925800 PMID:29540477 doi:10.1074/jbc.RA117.001073... OK (2173 KB) [pmc_pow]
  [4586/5960] PMC5925822 PMID:29507094 doi:10.1074/jbc.RA117.001323... FAIL [all_failed]
  [4587/5960] PMC5926939 PMID:29563333 doi:10.1172/jci.insight.94818... OK (2510 KB) [pmc_pow]
  [4588/5960] PMC5933415 PMID:29683457 doi:10.3791/57376... OK (823 KB) [pmc_pow]
  [4589/5960] PMC5939102 PMID:29666258 doi:10.1073/pnas.1800138115... OK (1397 KB) [pmc_pow]
  [4590/5960] PMC59422 PMID:10517851 doi:10.1104/pp.121.2.589... OK (466 KB) [pmc_pow]
  [4591/5960] PMC5943198 PMID:29755918 doi:10.1007/s13205-018-1271-6... OK (1627 KB) [pmc_pow]
  [4592/5960] PMC5944831 PMID:22354003 doi:10.1182/blood-2011-12-395541... FAIL [all_failed]
  [4593/5960] PMC5946324 PMID:29182484 doi:10.1165/rcmb.2016-0293OC... OK (1164 KB) [pmc_pow]
  [4594/5960] PMC5946325 PMID:29100477 doi:10.1165/rcmb.2016-0344OC... OK (1274 KB) [pmc_pow]
  [4595/5960] PMC5947687 PMID:29372902 doi:10.1107/S2053230X17016971... OK (1981 KB) [pmc_pow]
  [4596/5960] PMC5949106 PMID:29353449 doi:10.1007/s10815-018-1113-9... OK (533 KB) [pmc_pow]
  [4597/5960] PMC5951013 PMID:28273721 doi:10.1177/0271678X17695291... OK (584 KB) [pmc_pow]
  [4598/5960] PMC5951017 PMID:28718701 doi:10.1177/0271678X17720816... OK (1954 KB) [pmc_pow]
  [4599/5960] PMC5959290 PMID:29785262 doi:10.1039/c8tx00016f... OK (1655 KB) [pmc_pow]
  [4600/5960] PMC5959332 PMID:29165041 doi:10.1080/15548627.2017.1407887... OK (1499 KB) [pmc_pow]
  [4601/5960] PMC5960897 PMID:29805871 doi:10.5195/cajgh.2013.112... OK (156 KB) [pmc_pow]
  [4602/5960] PMC5960911 PMID:29805851 doi:10.5195/cajgh.2013.88... OK (152 KB) [pmc_pow]
  [4603/5960] PMC5961033 PMID:29563154 doi:10.1074/jbc.RA117.001024... OK (1882 KB) [pmc_pow]
  [4604/5960] PMC5961047 PMID:29610278 doi:10.1074/jbc.RA118.001977... OK (977 KB) [pmc_pow]
  [4605/5960] PMC5962467 PMID:29536431 doi:10.1007/s13181-018-0656-6... OK (893 KB) [pmc_pow]
  [4606/5960] PMC5962859 PMID:29849804 doi:10.3892/ol.2018.8332... OK (1337 KB) [pmc_pow]
  [4607/5960] PMC5964739 PMID:27522058 doi:10.1093/gerona/glw151... OK (16443 KB) [pmc_pow]
  [4608/5960] PMC5965051 PMID:29784770 doi:10.1182/bloodadvances.2018015669... OK (1684 KB) [pmc_pow]
  [4609/5960] PMC5969353 PMID:29849448 doi:10.1159/000481551... OK (889 KB) [pmc_pow]
  [4610/5960] PMC5969560 PMID:29243944 doi:10.1080/15384101.2017.1417707... OK (782 KB) [pmc_pow]
  [4611/5960] PMC5971453 PMID:29626092 doi:10.1074/jbc.RA118.002925... OK (955 KB) [pmc_pow]
  [4612/5960] PMC5971457 PMID:29523684 doi:10.1074/jbc.RA118.001885... OK (4952 KB) [pmc_pow]
  [4613/5960] PMC5971616 PMID:29610196 doi:10.1128/AAC.00111-18... OK (1543 KB) [pmc_pow]
  [4614/5960] PMC5972420 PMID:29599115 doi:10.1534/genetics.118.300863... OK (2294 KB) [pmc_pow]
  [4615/5960] PMC5972626 PMID:29668854 doi:10.1093/carcin/bgy051... OK (1141 KB) [pmc_pow]
  [4616/5960] PMC5974437 PMID:29786549 doi:10.1098/rstb.2017.0213... OK (699 KB) [pmc_pow]
  [4617/5960] PMC5974929 PMID:26911429 doi:10.1095/biolreprod.115.135483... OK (1127 KB) [pmc_pow]
  [4618/5960] PMC5977447 PMID:29760184 doi:10.1523/JNEUROSCI.3652-17.2018... OK (10377 KB) [pmc_pow]
  [4619/5960] PMC5978942 PMID:29484645 doi:10.1111/joa.12798... OK (938 KB) [pmc_pow]
  [4620/5960] PMC5980610 PMID:29569721 doi:10.1111/bph.14212... OK (1189 KB) [pmc_pow]
  [4621/5960] PMC5981083 PMID:29625985 doi:10.1128/AEM.00406-18... OK (1338 KB) [pmc_pow]
  [4622/5960] PMC5983329 PMID:29708514 doi:10.1172/JCI95898... OK (6662 KB) [pmc_pow]
  [4623/5960] PMC5985281 PMID:29576219 doi:10.1016/j.ajhg.2018.02.012... OK (2690 KB) [pmc_pow]
  [4624/5960] PMC5987741 PMID:29870017 doi:10.1107/S2053230X18006921... OK (892 KB) [pmc_pow]
  [4625/5960] PMC5991152 PMID:15200237 doi:10.3727/000000003783992289... OK (242 KB) [pmc_pow]
  [4626/5960] PMC5994610 PMID:28049043 doi:10.1016/j.tox.2016.12.007... OK (1266 KB) [pmc_pow]
  [4627/5960] PMC5994672 PMID:29607651 doi:10.1089/aid.2017.0314... OK (217 KB) [pmc_pow]
  [4628/5960] PMC5999007 PMID:28714328 doi:10.1177/0271678X17720371... OK (944 KB) [pmc_pow]
  [4629/5960] PMC6002719 PMID:29695420 doi:10.1128/JVI.00191-18... FAIL [all_failed]
  [4630/5960] PMC6003475 PMID:29735694 doi:10.1073/pnas.1804965115... OK (2166 KB) [pmc_pow]
  [4631/5960] PMC6004454 PMID:29844160 doi:10.1073/pnas.1804492115... OK (1026 KB) [pmc_pow]
  [4632/5960] PMC6004649 PMID:29928365 doi:10.3892/ol.2018.8598... OK (1089 KB) [pmc_pow]
  [4633/5960] PMC6005106 PMID:29788379 doi:10.1093/jnen/nly040... OK (1036 KB) [pmc_pow]
  [4634/5960] PMC6005429 PMID:29716997 doi:10.1074/jbc.RA118.001723... OK (2300 KB) [pmc_pow]
  [4635/5960] PMC6006047 PMID:29997943 doi:10.21037/jtd.2018.05.21... OK (939 KB) [pmc_pow]
  [4636/5960] PMC6009286 PMID:29973788 doi:10.1100/tsw.2002.14... OK (237 KB) [pmc_pow]
  [4637/5960] PMC6009383 PMID:12805902 doi:10.1100/tsw.2002.227... FAIL [all_failed]
  [4638/5960] PMC60162 PMID:11598198 doi:10.1091/mbc.12.10.3139... OK (387 KB) [pmc_pow]
  [4639/5960] PMC6016467 PMID:29739852 doi:10.1074/jbc.RA118.002588... OK (1731 KB) [pmc_pow]
  [4640/5960] PMC6016470 PMID:29743236 doi:10.1074/jbc.RA117.001385... OK (2048 KB) [pmc_pow]
  [4641/5960] PMC6016785 PMID:29866838 doi:10.1073/pnas.1803733115... OK (1012 KB) [pmc_pow]
  [4642/5960] PMC60182 PMID:11691920 doi:10.1093/nar/29.21.4334... OK (447 KB) [pmc_pow]
  [4643/5960] PMC6020708 PMID:28123000 doi:10.1093/toxsci/kfw213... OK (1980 KB) [pmc_pow]
  [4644/5960] PMC6021297 PMID:29476302 doi:10.1007/s10616-018-0197-5... OK (2407 KB) [pmc_pow]
  [4645/5960] PMC6024642 PMID:29712634 doi:10.1182/blood-2018-03-838516... FAIL [all_failed]
  [4646/5960] PMC6026736 PMID:29743353 doi:10.1128/JVI.00321-18... OK (6346 KB) [pmc_pow]
  [4647/5960] PMC60285 PMID:11694598 doi:10.1091/mbc.12.11.3680... OK (352 KB) [pmc_pow]
  [4648/5960] PMC6028807 PMID:29248151 doi:10.1016/j.bpj.2017.11.3743... OK (1808 KB) [pmc_pow]
  [4649/5960] PMC6028982 PMID:29739855 doi:10.1074/jbc.RA118.003044... OK (4660 KB) [pmc_pow]
  [4650/5960] PMC6031001 PMID:29701781 doi:10.1093/hmg/ddy154... OK (1309 KB) [pmc_pow]
  [4651/5960] PMC6032304 PMID:29513564 doi:10.1152/ajpregu.00025.2018... FAIL [all_failed]
  [4652/5960] PMC6032441 PMID:17193926 doi:10.3727/000000006783991827... OK (402 KB) [pmc_pow]
  [4653/5960] PMC6036589 PMID:30013658 doi:10.3892/ol.2018.8886... OK (1708 KB) [pmc_pow]
  [4654/5960] PMC6038028 PMID:29853471 doi:10.1124/dmd.118.081810... OK (1309 KB) [pmc_pow]
  [4655/5960] PMC6042040 PMID:18257390 doi:10.3727/105221607783417592... FAIL [all_failed]
  [4656/5960] PMC6043757 PMID:30050918 doi:10.21037/sci.2018.04.02... OK (240 KB) [pmc_pow]
  [4657/5960] PMC6043854 PMID:29875130 doi:10.15252/embj.201798597... OK (1006 KB) [pmc_pow]
  [4658/5960] PMC6045543 PMID:29442224 doi:10.1007/s12192-018-0885-2... OK (7984 KB) [pmc_pow]
  [4659/5960] PMC6045554 PMID:29134442 doi:10.1007/s12192-017-0858-x... OK (661 KB) [pmc_pow]
  [4660/5960] PMC6046065 PMID:29319185 doi:10.1113/JP274959... OK (609 KB) [pmc_pow]
  [4661/5960] PMC6046074 PMID:29727016 doi:10.1113/JP275972... OK (962 KB) [pmc_pow]
  [4662/5960] PMC6047207 PMID:26700958 doi:10.1124/dmd.115.066647... OK (1262 KB) [pmc_pow]
  [4663/5960] PMC6047232 PMID:26585571 doi:10.1124/jpet.115.230052... FAIL [all_failed]
  [4664/5960] PMC6052224 PMID:29777059 doi:10.1074/jbc.RA117.001569... OK (2289 KB) [pmc_pow]
  [4665/5960] PMC6052225 PMID:29769317 doi:10.1074/jbc.RA118.002752... OK (3801 KB) [pmc_pow]
  [4666/5960] PMC6054344 PMID:29739813 doi:10.1681/ASN.2017121283... OK (3718 KB) [pmc_pow]
  [4667/5960] PMC6055262 PMID:29547350 doi:10.1369/0022155418762389... OK (7748 KB) [pmc_pow]
  [4668/5960] PMC6056217 PMID:29633904 doi:10.1080/15384101.2018.1460023... OK (1794 KB) [pmc_pow]
  [4669/5960] PMC6059173 PMID:29140506 doi:10.1093/toxsci/kfx245... OK (1257 KB) [pmc_pow]
  [4670/5960] PMC6060207 PMID:29931650 doi:10.1007/s11357-018-0030-2... OK (1265 KB) [pmc_pow]
  [4671/5960] PMC6060740 PMID:30090521 doi:10.1039/c7tx00072c... OK (939 KB) [pmc_pow]
  [4672/5960] PMC6062016 PMID:30090613 doi:10.1039/c7tx00326a... OK (537 KB) [pmc_pow]
  [4673/5960] PMC6062067 PMID:30090500 doi:10.1039/c6tx00416d... OK (1178 KB) [pmc_pow]
  [4674/5960] PMC6062160 PMID:30090447 doi:10.1039/c6tx00286b... OK (4654 KB) [pmc_pow]
  [4675/5960] PMC6062161 PMID:30090325 doi:10.1039/c5tx00269a... OK (3507 KB) [pmc_pow]
  [4676/5960] PMC6062232 PMID:30090499 doi:10.1039/c6tx00410e... OK (2391 KB) [pmc_pow]
  [4677/5960] PMC6062248 PMID:30090429 doi:10.1039/c6tx00074f... OK (1769 KB) [pmc_pow]
  [4678/5960] PMC6062363 PMID:30090427 doi:10.1039/c6tx00100a... OK (4775 KB) [pmc_pow]
  [4679/5960] PMC6062398 PMID:30090372 doi:10.1039/c5tx00305a... OK (3665 KB) [pmc_pow]
  [4680/5960] PMC6063471 PMID:29894310 doi:10.1172/JCI120972... OK (6485 KB) [pmc_pow]
  [4681/5960] PMC6063837 PMID:29876682 doi:10.1007/s10815-018-1215-4... OK (5971 KB) [pmc_pow]
  [4682/5960] PMC6063839 PMID:29872942 doi:10.1007/s10815-018-1171-z... OK (376 KB) [pmc_pow]
  [4683/5960] PMC6064980 PMID:29987032 doi:10.1073/pnas.1805862115... OK (1580 KB) [pmc_pow]
  [4684/5960] PMC6065183 PMID:29895621 doi:10.1074/jbc.RA118.002122... OK (2470 KB) [pmc_pow]
  [4685/5960] PMC6067075 PMID:29967007 doi:10.1523/JNEUROSCI.2262-17.2018... OK (4392 KB) [pmc_pow]
  [4686/5960] PMC6068111 PMID:29319194 doi:10.1113/JP275300... OK (177 KB) [pmc_pow]
  [4687/5960] PMC6070098 PMID:29912414 doi:10.1093/humrep/dey221... OK (1006 KB) [pmc_pow]
  [4688/5960] PMC6070662 PMID:29934347 doi:10.1523/JNEUROSCI.0699-18.2018... OK (5223 KB) [pmc_pow]
  [4689/5960] PMC6071725 PMID:30108701 doi:10.1039/c6md00474a... OK (1175 KB) [pmc_pow]
  [4690/5960] PMC6071745 PMID:30108808 doi:10.1039/c6md00562d... OK (5629 KB) [pmc_pow]
  [4691/5960] PMC6072013 PMID:30108883 doi:10.1039/c7md00222j... OK (2002 KB) [pmc_pow]
  [4692/5960] PMC6072242 PMID:30108815 doi:10.1039/c7md00043j... OK (4737 KB) [pmc_pow]
  [4693/5960] PMC6073071 PMID:29880709 doi:10.15252/embr.201846182... OK (2841 KB) [pmc_pow]
  [4694/5960] PMC6074833 PMID:28204537 doi:10.1093/hmg/ddx041... OK (809 KB) [pmc_pow]
  [4695/5960] PMC6075588 PMID:29309586 doi:10.1093/hmg/ddy004... OK (1380 KB) [pmc_pow_generic]
  [4696/5960] PMC6078460 PMID:29929979 doi:10.1074/jbc.RA118.002261... OK (1417 KB) [pmc_pow]
  [4697/5960] PMC6078604 PMID:27794539 doi:10.1093/hmg/ddw352... OK (1971 KB) [pmc_pow]
  [4698/5960] PMC6078632 PMID:27794540 doi:10.1093/hmg/ddw310... OK (658 KB) [pmc_pow]
  [4699/5960] PMC6082300 PMID:30027462 doi:10.1007/s12551-018-0443-2... OK (2389 KB) [pmc_pow]
  [4700/5960] PMC6083797 PMID:30108921 doi:10.1039/c7md00450h... OK (3136 KB) [pmc_pow]
  [4701/5960] PMC6083999 PMID:12805721 doi:10.1100/tsw.2001.358... OK (103 KB) [pmc_pow]
  [4702/5960] PMC6084548 PMID:30147519 doi:10.1100/tsw.2001.169... OK (33 KB) [pmc_pow]
  [4703/5960] PMC6093402 PMID:29177442 doi:10.1093/molehr/gax061... OK (606 KB) [pmc_pow]
  [4704/5960] PMC6093403 PMID:29415134 doi:10.1093/gerona/gly022... OK (7200 KB) [pmc_pow]
  [4705/5960] PMC6093723 PMID:30108111 doi:10.1182/bloodadvances.2018022392... OK (1617 KB) [pmc_pow]
  [4706/5960] PMC6093993 PMID:29481608 doi:10.1093/cid/ciy151... OK (252 KB) [pmc_pow]
  [4707/5960] PMC6096829 PMID:29950419 doi:10.1128/JVI.00934-18... FAIL [all_failed]
  [4708/5960] PMC6102147 PMID:29925587 doi:10.1074/jbc.RA118.002713... OK (2112 KB) [pmc_pow]
  [4709/5960] PMC6103678 PMID:28534666 doi:10.1080/15476286.2017.1330245... OK (952 KB) [pmc_pow]
  [4710/5960] PMC6103690 PMID:30029585 doi:10.1080/15548627.2018.1475818... OK (538 KB) [pmc_pow]
  [4711/5960] PMC6109647 PMID:28790027 doi:10.1152/ajpendo.00143.2016... FAIL [all_failed]
  [4712/5960] PMC6109939 PMID:29970614 doi:10.1074/jbc.RA118.003996... OK (2602 KB) [pmc_pow]
  [4713/5960] PMC6111095 PMID:29728856 doi:10.1007/s12192-018-0904-3... OK (1252 KB) [pmc_pow]
  [4714/5960] PMC6111155 PMID:30068681 doi:10.1098/rspb.2018.1148... OK (584 KB) [pmc_pow]
  [4715/5960] PMC6116726 PMID:30310657 doi:10.1039/c8tx00130h... OK (7100 KB) [pmc_pow]
  [4716/5960] PMC6118579 PMID:30168806 doi:10.1172/JCI120846... OK (2495 KB) [pmc_pow]
  [4717/5960] PMC6118595 PMID:30168803 doi:10.1172/JCI120844... OK (1257 KB) [pmc_pow]
  [4718/5960] PMC6118639 PMID:30059016 doi:10.1172/JCI120842... OK (2132 KB) [pmc_pow]
  [4719/5960] PMC6120690 PMID:28507194 doi:10.1101/cshperspect.a029686... OK (726 KB) [pmc_pow]
  [4720/5960] PMC6121736 PMID:28370325 doi:10.1002/em.22085... OK (638 KB) [pmc_pow]
  [4721/5960] PMC6124401 PMID:29925687 doi:10.1172/jci.insight.98607... OK (2019 KB) [pmc_pow]
  [4722/5960] PMC6124406 PMID:29875323 doi:10.1172/jci.insight.98411... OK (4014 KB) [pmc_pow]
  [4723/5960] PMC6125515 PMID:30012753 doi:10.1128/AAC.00691-18... OK (1288 KB) [pmc_pow]
  [4724/5960] PMC6126149 PMID:30214599 doi:10.3892/ol.2018.9148... OK (1823 KB) [pmc_pow]
  [4725/5960] PMC6126459 PMID:30059023 doi:10.3791/57725... OK (679 KB) [pmc_pow]
  [4726/5960] PMC6126785 PMID:30148491 doi:10.3791/58099... OK (696 KB) [pmc_pow]
  [4727/5960] PMC6127790 PMID:29931075 doi:10.1093/jas/sky233... OK (24794 KB) [pmc_pow]
  [4728/5960] PMC6128251 PMID:30122541 doi:10.1016/j.ajhg.2018.07.013... OK (1886 KB) [pmc_pow]
  [4729/5960] PMC6129119 PMID:30089732 doi:10.1172/jci.insight.121510... OK (2166 KB) [pmc_pow]
  [4730/5960] PMC6130424 PMID:30198892 doi:10.1107/S2053230X18010415... OK (1693 KB) [pmc_pow]
  [4731/5960] PMC6130935 PMID:30021838 doi:10.1074/jbc.RA118.002321... OK (4512 KB) [pmc_pow]
  [4732/5960] PMC6133326 PMID:29895197 doi:10.1080/15384101.2018.1464845... OK (2299 KB) [pmc_pow]
  [4733/5960] PMC6133338 PMID:29995559 doi:10.1080/15384101.2018.1496748... OK (2709 KB) [pmc_pow]
  [4734/5960] PMC6134013 PMID:30061581 doi:10.1038/s41437-018-0120-z... OK (1458 KB) [pmc_pow]
  [4735/5960] PMC6134379 PMID:7537562 no DOI... OK (4829 KB) [pmc_pow]
  [4736/5960] PMC6135576 PMID:29966509 doi:10.1080/15548627.2018.1476810... OK (5897 KB) [pmc_pow]
  [4737/5960] PMC6135591 PMID:29956571 doi:10.1080/15548627.2018.1450708... OK (3531 KB) [pmc_pow]
  [4738/5960] PMC6135629 PMID:29895192 doi:10.1080/15548627.2018.1466014... OK (1108 KB) [pmc_pow]
  [4739/5960] PMC6135636 PMID:29767788 doi:10.1093/toxsci/kfy116... OK (803 KB) [pmc_pow]
  [4740/5960] PMC6138015 PMID:8882641 no DOI... OK (2929 KB) [pmc_pow]
  [4741/5960] PMC6138017 PMID:8882639 no DOI... OK (2618 KB) [pmc_pow]
  [4742/5960] PMC6138338 PMID:30460048 doi:10.1080/19768354.2016.1267041... OK (1500 KB) [pmc_pow]
  [4743/5960] PMC6139494 PMID:29634314 doi:10.1152/ajpendo.00023.2018... FAIL [all_failed]
  [4744/5960] PMC6140788 PMID:29917077 doi:10.1093/hmg/ddy231... OK (512 KB) [pmc_pow]
  [4745/5960] PMC6142257 PMID:29915090 doi:10.1073/pnas.1801252115... OK (1497 KB) [pmc_pow]
  [4746/5960] PMC6144723 PMID:30250592 doi:10.3892/ol.2018.9266... OK (1507 KB) [pmc_pow]
  [4747/5960] PMC6146305 PMID:28232454 doi:10.1152/ajpgi.00213.2016... FAIL [all_failed]
  [4748/5960] PMC6148001 PMID:28860144 doi:10.1152/ajplung.00220.2017... FAIL [all_failed]
  [4749/5960] PMC6149292 PMID:30279829 doi:10.1016/j.jccase.2017.07.011... OK (6256 KB) [pmc_pow]
  [4750/5960] PMC6150893 PMID:29959620 doi:10.1007/s10815-018-1240-3... OK (1128 KB) [pmc_pow]
  [4751/5960] PMC6153276 PMID:30093404 doi:10.1074/jbc.RA118.004495... OK (3316 KB) [pmc_pow]
  [4752/5960] PMC6153284 PMID:30093403 doi:10.1074/jbc.RA118.004022... OK (3182 KB) [pmc_pow]
  [4753/5960] PMC6153667 PMID:30012731 doi:10.1128/JB.00342-18... OK (1720 KB) [pmc_pow]
  [4754/5960] PMC6155469 PMID:10480626 doi:10.2337/diabetes.48.9.1890... OK (482 KB) [pmc_pow]
  [4755/5960] PMC6156311 PMID:30068534 doi:10.1128/JCM.00584-18... OK (8526 KB) [pmc_pow]
  [4756/5960] PMC6159981 PMID:30047926 doi:10.1172/JCI99397... OK (10476 KB) [pmc_pow]
  [4757/5960] PMC6166689 PMID:29295631 doi:10.1089/ars.2017.7346... OK (1038 KB) [pmc_pow]
  [4758/5960] PMC6166825 PMID:30201724 doi:10.1073/pnas.1807762115... OK (1299 KB) [pmc_pow]
  [4759/5960] PMC6168981 PMID:30061372 doi:10.1128/MCB.00412-17... OK (3267 KB) [pmc_pow]
  [4760/5960] PMC6170408 PMID:30030519 doi:10.1038/s41422-018-0071-1... OK (5068 KB) [pmc_pow]
  [4761/5960] PMC6170448 PMID:30108290 doi:10.1038/s41422-018-0078-7... OK (1086 KB) [pmc_pow]
  [4762/5960] PMC6171589 PMID:30603487 doi:10.1007/s13770-017-0040-7... OK (1101 KB) [pmc_pow]
  [4763/5960] PMC6171817 PMID:30185676 doi:10.1172/jci.insight.120182... OK (3624 KB) [pmc_pow]
  [4764/5960] PMC6172614 PMID:29958080 doi:10.1152/physiolgenomics.00043.2018... FAIL [all_failed]
  [4765/5960] PMC6180404 PMID:30058380 doi:10.1177/1535370218790919... OK (574 KB) [pmc_pow]
  [4766/5960] PMC6187193 PMID:30249647 doi:10.1073/pnas.1722372115... OK (1254 KB) [pmc_pow]
  [4767/5960] PMC6187220 PMID:30177570 doi:10.15252/embj.201899071... OK (1808 KB) [openalex]
  [4768/5960] PMC6187628 PMID:30154247 doi:10.1074/jbc.RA118.004861... OK (5447 KB) [pmc_pow]
  [4769/5960] PMC6187639 PMID:30158244 doi:10.1074/jbc.RA118.004180... OK (3293 KB) [pmc_pow]
  [4770/5960] PMC6192413 PMID:28379402 doi:10.1093/hmg/ddx132... OK (1795 KB) [pmc_pow]
  [4771/5960] PMC6193883 PMID:30153326 doi:10.1111/bph.14492... OK (859 KB) [pmc_pow]
  [4772/5960] PMC6194498 PMID:30429971 doi:10.1039/c8md00223a... OK (2963 KB) [pmc_pow]
  [4773/5960] PMC6194813 PMID:30165401 doi:10.1210/jc.2018-01039... FAIL [all_failed]
  [4774/5960] PMC6194856 PMID:30099506 doi:10.1210/jc.2018-00770... FAIL [all_failed]
  [4775/5960] PMC6195000 PMID:30429969 doi:10.1039/c8md00247a... OK (5077 KB) [pmc_pow]
  [4776/5960] PMC6198334 PMID:30201684 doi:10.2337/db18-0370... OK (2285 KB) [pmc_pow]
  [4777/5960] PMC6198342 PMID:30115650 doi:10.2337/db17-0958... OK (2602 KB) [pmc_pow]
  [4778/5960] PMC6199653 PMID:30348672 doi:10.1182/bloodadvances.2018024273... OK (2195 KB) [pmc_pow]
  [4779/5960] PMC6200996 PMID:30402227 doi:10.3892/br.2018.1148... OK (623 KB) [pmc_pow]
  [4780/5960] PMC6205488 PMID:30301808 doi:10.1073/pnas.1807258115... OK (1393 KB) [pmc_pow]
  [4781/5960] PMC6206485 PMID:30158296 doi:10.1128/JVI.00993-18... OK (4708 KB) [pmc_pow]
  [4782/5960] PMC6216204 PMID:30084972 doi:10.1093/hmg/ddy270... OK (69445 KB) [pmc_pow]
  [4783/5960] PMC6220723 PMID:30510677 doi:10.1039/c8tx00062j... OK (962 KB) [pmc_pow]
  [4784/5960] PMC6224806 PMID:30266652 doi:10.1016/j.ymthe.2018.08.019... OK (1365 KB) [pmc_pow]
  [4785/5960] PMC6231137 PMID:30232153 doi:10.1074/jbc.RA118.004498... OK (2355 KB) [pmc_pow]
  [4786/5960] PMC6235407 PMID:30346389 doi:10.3791/57877... OK (992 KB) [pmc_pow]
  [4787/5960] PMC6235773 PMID:30043327 doi:10.1007/s12079-018-0482-2... OK (1044 KB) [pmc_pow]
  [4788/5960] PMC6237462 PMID:30282833 doi:10.1172/jci.insight.121438... OK (2468 KB) [pmc_pow]
  [4789/5960] PMC6237687 PMID:30374882 doi:10.1007/s12192-018-0944-8... OK (697 KB) [pmc_pow]
  [4790/5960] PMC6241245 PMID:30088262 doi:10.1007/s13402-018-0397-1... OK (1856 KB) [pmc_pow]
  [4791/5960] PMC6243250 PMID:30385634 doi:10.1073/pnas.1809098115... OK (1185 KB) [pmc_pow]
  [4792/5960] PMC6251060 PMID:29463101 doi:10.1089/ars.2018.7518... OK (1374 KB) [pmc_pow]
  [4793/5960] PMC6251586 PMID:29025019 doi:10.1093/humrep/dex284... OK (341 KB) [pmc_pow]
  [4794/5960] PMC6251607 PMID:28460056 doi:10.1093/hmg/ddx167... OK (651 KB) [pmc_pow]
  [4795/5960] PMC6254345 PMID:30228187 doi:10.1074/jbc.RA118.005403... OK (1649 KB) [pmc_pow]
  [4796/5960] PMC6255198 PMID:30397129 doi:10.1073/pnas.1808576115... OK (1078 KB) [pmc_pow]
  [4797/5960] PMC6257010 PMID:29029277 doi:10.1093/toxsci/kfx206... OK (922 KB) [pmc_pow]
  [4798/5960] PMC6257519 PMID:30542486 doi:10.3892/etm.2018.6846... OK (4556 KB) [openalex]
  [4799/5960] PMC6260152 PMID:30496463 doi:10.1093/cid/ciy626... OK (429 KB) [pmc_pow]
  [4800/5960] PMC6264638 PMID:30325740 doi:10.1172/JCI121859... OK (16584 KB) [pmc_pow]
  [4801/5960] PMC6264641 PMID:30418172 doi:10.1172/JCI124923... OK (85 KB) [pmc_pow]
  [4802/5960] PMC6265567 PMID:29516496 doi:10.1113/JP275422... OK (412 KB) [pmc_pow]
  [4803/5960] PMC6269361 PMID:30097856 doi:10.1007/s10616-018-0248-y... OK (2377 KB) [pmc_pow]
  [4804/5960] PMC6281408 PMID:23901085 doi:10.1093/infdis/jit338... OK (974 KB) [pmc_pow]
  [4805/5960] PMC6283414 PMID:29294006 doi:10.1210/jc.2017-02230... FAIL [all_failed]
  [4806/5960] PMC6284601 PMID:30200821 doi:10.1080/15476286.2018.1521212... OK (982 KB) [pmc_pow]
  [4807/5960] PMC6289343 PMID:30013033 doi:10.1038/s41401-018-0069-8... OK (2351 KB) [pmc_pow]
  [4808/5960] PMC6289386 PMID:29671417 doi:10.1038/aps.2017.203... OK (3138 KB) [pmc_pow]
  [4809/5960] PMC6290954 PMID:29897792 doi:10.1164/rccm.201712-2526OC... OK (836 KB) [pmc_pow]
  [4810/5960] PMC6292820 PMID:30285293 doi:10.1113/JP276424... OK (3477 KB) [pmc_pow]
  [4811/5960] PMC6293051 PMID:30110561 doi:10.1152/ajpcell.00243.2018... FAIL [all_failed]
  [4812/5960] PMC6293086 PMID:30357331 doi:10.1093/jac/dky409... OK (1817 KB) [pmc_pow]
  [4813/5960] PMC6294723 PMID:30338417 doi:10.1007/s11357-018-0043-x... OK (709 KB) [pmc_pow]
  [4814/5960] PMC6296177 PMID:30367535 doi:10.1002/pro.3536... OK (3621 KB) [pmc_pow]
  [4815/5960] PMC6299785 PMID:30343279 doi:10.21873/cgp.20104... OK (336 KB) [pmc_pow]
  [4816/5960] PMC6300644 PMID:30099750 doi:10.1111/cei.13198... OK (217 KB) [pmc_pow]
  [4817/5960] PMC6301823 PMID:30010463 doi:10.1080/15384047.2018.1472194... OK (1187 KB) [pmc_pow]
  [4818/5960] PMC6302162 PMID:30327430 doi:10.1074/jbc.RA118.005850... OK (2900 KB) [pmc_pow]
  [4819/5960] PMC6304937 PMID:30478036 doi:10.1073/pnas.1810946115... OK (1269 KB) [pmc_pow]
  [4820/5960] PMC6305796 PMID:30530593 doi:10.4049/jimmunol.1800782... OK (2052 KB) [pmc_pow]
  [4821/5960] PMC6307470 PMID:30651880 doi:10.3892/etm.2018.7023... OK (961 KB) [pmc_pow]
  [4822/5960] PMC6307968 PMID:30375985 doi:10.1172/JCI122064... OK (9532 KB) [pmc_pow]
  [4823/5960] PMC6312417 PMID:30315729 doi:10.1113/JP276814... OK (1354 KB) [pmc_pow]
  [4824/5960] PMC6312427 PMID:30325018 doi:10.1113/JP276735... OK (3030 KB) [pmc_pow]
  [4825/5960] PMC6313099 PMID:30655783 doi:10.3892/ol.2018.9625... OK (1911 KB) [pmc_pow]
  [4826/5960] PMC6314078 PMID:29661811 doi:10.1101/cshperspect.a031674... OK (4207 KB) [pmc_pow]
  [4827/5960] PMC6314129 PMID:30366984 doi:10.1074/jbc.RA118.003935... OK (9876 KB) [pmc_pow]
  [4828/5960] PMC6317428 PMID:30169818 doi:10.1093/toxsci/kfy218... OK (3970 KB) [pmc_pow]
  [4829/5960] PMC6317607 PMID:30573638 doi:10.1681/ASN.2018040401... OK (1188 KB) [pmc_pow]
  [4830/5960] PMC6318428 PMID:30401706 doi:10.1182/blood-2018-08-815951... FAIL [all_failed]
  [4831/5960] PMC6322382 PMID:30530632 doi:10.15252/embr.201846864... OK (1296 KB) [pmc_pow]
  [4832/5960] PMC6327062 PMID:29795180 doi:10.1038/s41437-018-0089-7... OK (2231 KB) [pmc_pow]
  [4833/5960] PMC6329949 PMID:30584088 doi:10.1073/pnas.1808618116... OK (1907 KB) [pmc_pow]
  [4834/5960] PMC6331359 PMID:30740402 doi:10.21037/atm.2018.12.12... OK (678 KB) [pmc_pow]
  [4835/5960] PMC6333451 PMID:30176156 doi:10.1080/15548627.2018.1515609... OK (3739 KB) [pmc_pow]
  [4836/5960] PMC6334269 PMID:30517626 doi:10.1210/en.2018-00887... FAIL [all_failed]
  [4837/5960] PMC6334652 PMID:30746122 doi:10.1039/c8tx00181b... OK (4709 KB) [pmc_pow]
  [4838/5960] PMC6334999 PMID:29513568 doi:10.1152/ajpcell.00350.2017... FAIL [all_failed]
  [4839/5960] PMC6336962 PMID:29894202 doi:10.1152/ajpendo.00070.2018... FAIL [all_failed]
  [4840/5960] PMC6337010 PMID:30260285 doi:10.1152/ajplung.00336.2018... FAIL [all_failed]
  [4841/5960] PMC6337691 PMID:30239736 doi:10.1093/hmg/ddy332... OK (131446 KB) [pmc_pow]
  [4842/5960] PMC6339848 PMID:30028551 doi:10.1111/bpa.12647... OK (679 KB) [pmc_pow]
  [4843/5960] PMC6341594 PMID:30675253 doi:10.3892/ol.2018.9744... OK (1378 KB) [pmc_pow]
  [4844/5960] PMC6343699 PMID:30526248 doi:10.1080/15384101.2018.1557496... OK (2638 KB) [pmc_pow]
  [4845/5960] PMC6343720 PMID:30563405 doi:10.1080/15384101.2018.1557487... OK (2010 KB) [pmc_pow]
  [4846/5960] PMC6346212 PMID:30129023 doi:10.1111/bph.14480... OK (2138 KB) [pmc_pow]
  [4847/5960] PMC6349101 PMID:30530489 doi:10.1074/jbc.RA118.005473... OK (3809 KB) [pmc_pow]
  [4848/5960] PMC6349117 PMID:30563836 doi:10.1074/jbc.R118.003214... OK (433 KB) [pmc_pow]
  [4849/5960] PMC6350414 PMID:30398391 doi:10.1089/scd.2018.0090... OK (557 KB) [pmc_pow]
  [4850/5960] PMC6351124 PMID:30145925 doi:10.1080/15548627.2018.1511503... OK (3710 KB) [pmc_pow]
  [4851/5960] PMC6351145 PMID:30290714 doi:10.1080/15548627.2018.1532259... OK (3721 KB) [pmc_pow]
  [4852/5960] PMC6355067 PMID:30028636 doi:10.1096/fj.201800361R... FAIL [all_failed]
  [4853/5960] PMC6355718 PMID:30556208 doi:10.1113/JP276863... OK (6034 KB) [pmc_pow]
  [4854/5960] PMC6356068 PMID:30591555 doi:10.15252/embj.201798786... OK (5330 KB) [pmc_pow]
  [4855/5960] PMC6356072 PMID:30413562 doi:10.1074/mcp.RA118.001047... OK (3085 KB) [pmc_pow]
  [4856/5960] PMC6356916 PMID:30755816 no DOI... OK (2538 KB) [pmc_pow]
  [4857/5960] PMC6358710 PMID:30655345 doi:10.1073/pnas.1816056116... OK (1124 KB) [pmc_pow]
  [4858/5960] PMC6361146 PMID:14652164 doi:10.1016/s0753-3322(03)00012-x... FAIL [all_failed]
  [4859/5960] PMC6361147 PMID:14992791 doi:10.1016/j.biopha.2003.12.006... OK (707 KB) [pmc_pow]
  [4860/5960] PMC6363633 PMID:30374881 doi:10.1007/s12192-018-0945-7... OK (7562 KB) [pmc_pow]
  [4861/5960] PMC6364232 PMID:30783460 doi:10.3892/etm.2018.7143... OK (934 KB) [pmc_pow]
  [4862/5960] PMC6364581 PMID:30963949 doi:10.1098/rspb.2018.2288... OK (903 KB) [pmc_pow]
  [4863/5960] PMC6365479 PMID:30536666 doi:10.1111/joa.12921... OK (914 KB) [pmc_pow]
  [4864/5960] PMC6367969 PMID:30721920 doi:10.1093/ajcn/nqy286... OK (813 KB) [pmc_pow]
  [4865/5960] PMC6369293 PMID:30523154 doi:10.1074/jbc.RA118.004863... OK (1811 KB) [pmc_pow]
  [4866/5960] PMC6369774 PMID:30674681 doi:10.1073/pnas.1820704116... OK (1879 KB) [pmc_pow]
  [4867/5960] PMC6371908 PMID:30958211 doi:10.1098/rsbl.2018.0643... OK (559 KB) [pmc_pow]
  [4868/5960] PMC6378964 PMID:30602568 doi:10.1074/jbc.RA118.006738... OK (2554 KB) [pmc_pow]
  [4869/5960] PMC6381372 PMID:29911259 doi:10.1007/s12079-018-0473-3... OK (872 KB) [pmc_pow]
  [4870/5960] PMC6381830 PMID:16399671 doi:10.1523/JNEUROSCI.4308-05.2006... OK (619 KB) [pmc_pow]
  [4871/5960] PMC6381859 PMID:27637347 doi:10.1016/j.virusres.2016.09.007... FAIL [all_failed]
  [4872/5960] PMC6382152 PMID:26408653 doi:10.1093/brain/awv237... OK (607 KB) [pmc_pow]
  [4873/5960] PMC6383360 PMID:30387679 doi:10.1152/ajpheart.00531.2018... FAIL [all_failed]
  [4874/5960] PMC6383582 PMID:30070157 doi:10.1089/hum.2018.020... OK (1724 KB) [pmc_pow]
  [4875/5960] PMC6390692 PMID:30881609 doi:10.1039/c8md00489g... OK (3295 KB) [pmc_pow]
  [4876/5960] PMC6391572 PMID:30606759 doi:10.1523/JNEUROSCI.2139-18.2018... OK (4738 KB) [pmc_pow]
  [4877/5960] PMC6391652 PMID:30668673 doi:10.1093/brain/awy346... OK (1288 KB) [pmc_pow]
  [4878/5960] PMC6393839 PMID:30562121 doi:10.1369/0022155418819481... OK (2065 KB) [pmc_pow]
  [4879/5960] PMC6395422 PMID:30628727 doi:10.1113/JP277123... OK (1946 KB) [pmc_pow]
  [4880/5960] PMC6398136 PMID:30593508 doi:10.1074/jbc.RA118.006682... OK (2538 KB) [pmc_pow]
  [4881/5960] PMC6398392 PMID:30801647 doi:10.1093/jn/nxy304... OK (798 KB) [pmc_pow]
  [4882/5960] PMC6399633 PMID:30651242 doi:10.7861/clinmedicine.19-1-30... OK (777 KB) [pmc_pow]
  [4883/5960] PMC6401437 PMID:30567987 doi:10.1128/JVI.01840-18... FAIL [all_failed]
  [4884/5960] PMC6402418 PMID:30824553 doi:10.1124/mol.105.016154retraction... OK (21 KB) [pmc_pow]
  [4885/5960] PMC6404282 PMID:26818499 doi:10.1523/JNEUROSCI.3117-15.2016... OK (2776 KB) [pmc_pow]
  [4886/5960] PMC6405966 PMID:30906627 no DOI... OK (6219 KB) [pmc_pow]
  [4887/5960] PMC6405982 PMID:30906636 no DOI... OK (4023 KB) [pmc_pow]
  [4888/5960] PMC6407296 PMID:30626699 doi:10.1523/JNEUROSCI.3415-17.2018... FAIL [all_failed]
  [4889/5960] PMC6413251 PMID:30899392 no DOI... OK (1688 KB) [pmc_pow]
  [4890/5960] PMC6415644 PMID:30881184 doi:10.2147/RRTM.S23127... OK (1373 KB) [pmc_pow]
  [4891/5960] PMC6416433 PMID:30630953 doi:10.1074/jbc.RA118.006539... OK (3210 KB) [pmc_pow]
  [4892/5960] PMC6420699 PMID:30899601 no DOI... OK (534 KB) [pmc_pow]
  [4893/5960] PMC6421623 PMID:29788824 doi:10.1177/1933719118776803... OK (455 KB) [pmc_pow]
  [4894/5960] PMC6422086 PMID:30617184 doi:10.1074/jbc.RA118.007048... OK (1490 KB) [pmc_pow]
  [4895/5960] PMC6422099 PMID:30674551 doi:10.1074/jbc.RA118.006693... FAIL [all_failed]
  [4896/5960] PMC6423414 PMID:30517638 doi:10.1093/hmg/ddy408... OK (130 KB) [pmc_pow]
  [4897/5960] PMC6425538 PMID:28805067 doi:10.1177/1947603517725566... OK (1190 KB) [pmc_pow]
  [4898/5960] PMC6427919 PMID:30106209 doi:10.1111/bpa.12655... FAIL [all_failed]
  [4899/5960] PMC6442361 PMID:30617158 doi:10.1074/mcp.RA118.001199... OK (3946 KB) [pmc_pow]
  [4900/5960] PMC6442375 PMID:30566001 doi:10.1152/ajprenal.00167.2018... FAIL [all_failed]
  [4901/5960] PMC6442613 PMID:30850536 doi:10.1073/pnas.1816317116... OK (1322 KB) [pmc_pow]
  [4902/5960] PMC6445176 PMID:26624556 doi:10.1089/jop.2015.0083... OK (371 KB) [pmc_pow]
  [4903/5960] PMC6445217 PMID:27345029 doi:10.1089/ars.2015.6539... OK (956 KB) [pmc_pow]
  [4904/5960] PMC6446708 PMID:30782959 doi:10.1194/jlr.M091173... OK (1982 KB) [pmc_pow]
  [4905/5960] PMC6447889 PMID:30988801 doi:10.3892/etm.2019.7417... OK (914 KB) [pmc_pow]
  [4906/5960] PMC6447899 PMID:30988795 doi:10.3892/etm.2019.7419... OK (1524 KB) [pmc_pow]
  [4907/5960] PMC6452302 PMID:30476184 doi:10.1093/infdis/jiy658... OK (2247 KB) [pmc_pow]
  [4908/5960] PMC6454314 PMID:30932376 doi:10.1631/jzus.B1800319... OK (1487 KB) [pmc_pow]
  [4909/5960] PMC6456536 PMID:30972166 no DOI... OK (4224 KB) [pmc_pow]
  [4910/5960] PMC6457198 PMID:31015907 doi:10.1039/c8md00482j... OK (5154 KB) [pmc_pow]
  [4911/5960] PMC6459280 PMID:30105917 doi:10.1089/ars.2018.7542... OK (1027 KB) [pmc_pow]
  [4912/5960] PMC6459291 PMID:30604630 doi:10.1152/ajplung.00304.2018... FAIL [all_failed]
  [4913/5960] PMC6461769 PMID:30356221 doi:10.1038/s41437-018-0158-y... OK (1716 KB) [pmc_pow]
  [4914/5960] PMC6462500 PMID:30799306 doi:10.1074/jbc.REV119.007721... OK (132 KB) [pmc_pow]
  [4915/5960] PMC6462531 PMID:30647134 doi:10.1074/jbc.REV118.002953... OK (2359 KB) [pmc_pow]
  [4916/5960] PMC6462537 PMID:30643023 doi:10.1074/jbc.REV118.002982... OK (2183 KB) [pmc_pow]
  [4917/5960] PMC6463704 PMID:30770472 doi:10.1074/jbc.RA118.006004... OK (4273 KB) [pmc_pow]
  [4918/5960] PMC6465375 PMID:30968232 doi:10.1007/s10616-019-00312-7... OK (679 KB) [pmc_pow]
  [4919/5960] PMC64734 PMID:11717389 doi:10.1073/pnas.141366998... OK (159 KB) [pmc_pow]
  [4920/5960] PMC6484120 PMID:30787105 doi:10.1074/jbc.RA118.007188... OK (2057 KB) [pmc_pow]
  [4921/5960] PMC6484885 PMID:30715550 doi:10.1093/toxsci/kfz032... OK (844 KB) [pmc_pow]
  [4922/5960] PMC6484887 PMID:30715528 doi:10.1093/toxsci/kfz028... OK (1021 KB) [pmc_pow]
  [4923/5960] PMC6487337 PMID:30915432 doi:10.1093/brain/awz072... OK (1021 KB) [pmc_pow]
  [4924/5960] PMC6490059 PMID:29045036 doi:10.1111/cns.12771... OK (1282 KB) [pmc_pow]
  [4925/5960] PMC6491005 PMID:31065404 doi:10.1364/BOE.9.005939... OK (2486 KB) [pmc_pow]
  [4926/5960] PMC6492906 PMID:27080255 doi:10.1111/cns.12547... OK (1386 KB) [pmc_pow]
  [4927/5960] PMC6493493 PMID:23521913 doi:10.1111/cns.12068... OK (635 KB) [pmc_pow]
  [4928/5960] PMC6493590 PMID:23462308 doi:10.1111/cns.12079... OK (95 KB) [pmc_pow]
  [4929/5960] PMC6493868 PMID:20718829 doi:10.1111/j.1755-5949.2010.00187.x... OK (283 KB) [pmc_pow]
  [4930/5960] PMC6494122 PMID:17894646 doi:10.1111/j.1527-3458.2007.00017.x... OK (6136 KB) [pmc_pow]
  [4931/5960] PMC6494971 PMID:30590615 doi:10.1093/hmg/ddy448... FAIL [all_failed]
  [4932/5960] PMC6495129 PMID:30833507 doi:10.1523/JNEUROSCI.1983-18.2019... OK (5617 KB) [pmc_pow]
  [4933/5960] PMC6495254 PMID:30798302 doi:10.1074/mcp.TIR119.001315... OK (1214 KB) [pmc_pow]
  [4934/5960] PMC6495502 PMID:23510470 doi:10.1111/cpr.12017... OK (786 KB) [pmc_pow]
  [4935/5960] PMC6495589 PMID:20447055 doi:10.1111/j.1365-2184.2009.00659.x... OK (934 KB) [pmc_pow]
  [4936/5960] PMC6495740 PMID:16202036 doi:10.1111/j.1365-2184.2005.00349.x... OK (584 KB) [pmc_pow]
  [4937/5960] PMC6495958 PMID:19317806 doi:10.1111/j.1365-2184.2008.00581.x... OK (627 KB) [pmc_pow]
  [4938/5960] PMC6495987 PMID:19614673 doi:10.1111/j.1365-2184.2009.00628.x... OK (776 KB) [pmc_pow]
  [4939/5960] PMC6496292 PMID:18211293 doi:10.1111/j.1365-2184.2007.00501.x... OK (434 KB) [pmc_pow]
  [4940/5960] PMC6496313 PMID:22429763 doi:10.1111/j.1365-2184.2012.00810.x... OK (643 KB) [pmc_pow]
  [4941/5960] PMC6496376 PMID:18397337 doi:10.1111/j.1365-2184.2008.00530.x... OK (848 KB) [pmc_pow]
  [4942/5960] PMC6496391 PMID:23692085 doi:10.1111/cpr.12033... OK (663 KB) [pmc_pow]
  [4943/5960] PMC6496684 PMID:25580987 doi:10.1111/cpr.12158... OK (1300 KB) [pmc_pow]
  [4944/5960] PMC6496741 PMID:26500049 doi:10.1111/cpr.12226... OK (1227 KB) [pmc_pow]
  [4945/5960] PMC6496913 PMID:19143767 doi:10.1111/j.1365-2184.2008.00576.x... OK (631 KB) [pmc_pow]
  [4946/5960] PMC6497044 PMID:30085220 doi:10.1093/molehr/gay032... FAIL [all_failed]
  [4947/5960] PMC6497961 PMID:30867195 doi:10.1074/jbc.RA119.007653... OK (4257 KB) [pmc_pow]
  [4948/5960] PMC6500125 PMID:30979808 doi:10.1073/pnas.1822173116... OK (2950 KB) [pmc_pow]
  [4949/5960] PMC6500460 PMID:29504225 doi:10.1111/cpr.12445... OK (1211 KB) [pmc_pow]
  [4950/5960] PMC6500927 PMID:30137220 doi:10.1093/biolre/ioy186... OK (3895 KB) [pmc_pow]
  [4951/5960] PMC6501587 PMID:19793987 doi:10.1523/JNEUROSCI.2096-09.2009... OK (1611 KB) [pmc_pow]
  [4952/5960] PMC6505796 PMID:30132404 doi:10.1177/1040638718795206... OK (397 KB) [pmc_pow]
  [4953/5960] PMC6506288 PMID:30804116 doi:10.21873/invivo.11485... OK (468 KB) [pmc_pow]
  [4954/5960] PMC6506819 PMID:31051112 doi:10.1016/j.ajhg.2019.03.019... OK (2526 KB) [pmc_pow]
  [4955/5960] PMC65073 PMID:11809823 doi:10.1091/mbc.01-05-0245... OK (433 KB) [pmc_pow]
  [4956/5960] PMC6509513 PMID:30872402 doi:10.1074/jbc.RA118.006673... OK (3199 KB) [pmc_pow]
  [4957/5960] PMC6511763 PMID:31105823 no DOI... OK (9870 KB) [pmc_pow]
  [4958/5960] PMC6511790 PMID:31105818 no DOI... OK (2020 KB) [pmc_pow]
  [4959/5960] PMC6511805 PMID:31105862 no DOI... OK (4125 KB) [pmc_pow]
  [4960/5960] PMC6512387 PMID:20187293 doi:10.1111/j.1582-4934.2008.00473.x... OK (1118 KB) [pmc_pow]
  [4961/5960] PMC6514637 PMID:30923124 doi:10.1074/jbc.RA118.006095... OK (2989 KB) [pmc_pow]
  [4962/5960] PMC6516679 PMID:30590764 doi:10.1093/toxsci/kfy308... OK (2779 KB) [pmc_pow]
  [4963/5960] PMC6517724 PMID:31966202 doi:10.6620/ZS.2017.56-03... OK (5498 KB) [pmc_pow]
  [4964/5960] PMC6519661 PMID:30689758 doi:10.1093/brain/awy320... OK (1861 KB) [pmc_pow]
  [4965/5960] PMC6520098 PMID:31149650 doi:10.1063/1.5093417... OK (1784 KB) [pmc_pow]
  [4966/5960] PMC6522065 PMID:30668749 doi:10.1093/hmg/ddz023... OK (26962 KB) [pmc_pow]
  [4967/5960] PMC6526817 PMID:30653393 doi:10.1080/15548627.2019.1569950... OK (632 KB) [pmc_pow]
  [4968/5960] PMC6527165 PMID:30940726 doi:10.1074/jbc.RA118.004415... OK (5804 KB) [pmc_pow]
  [4969/5960] PMC6527337 PMID:31097430 doi:10.3174/ajnr.A6063... OK (2491 KB) [pmc_pow]
  [4970/5960] PMC6528944 PMID:29341317 doi:10.1111/cpr.12433... OK (1029 KB) [pmc_pow]
  [4971/5960] PMC6529338 PMID:30841754 doi:10.1096/fj.201802752R... FAIL [all_failed]
  [4972/5960] PMC6529340 PMID:30894019 doi:10.1096/fj.201802652RR... FAIL [all_failed]
  [4973/5960] PMC6531650 PMID:31179309 doi:10.21037/atm.2018.10.67... OK (4199 KB) [pmc_pow]
  [4974/5960] PMC6534793 PMID:30825184 doi:10.1111/bph.14650... OK (4051 KB) [pmc_pow]
  [4975/5960] PMC6545560 PMID:30979778 doi:10.15252/embj.2018100907... OK (1510 KB) [pmc_pow]
  [4976/5960] PMC6552435 PMID:30996005 doi:10.1074/jbc.RA118.006846... OK (2033 KB) [pmc_pow]
  [4977/5960] PMC6553941 PMID:31154437 doi:10.1074/mcp.RA118.001269... FAIL [all_failed]
  [4978/5960] PMC6556584 PMID:30975898 doi:10.1074/jbc.RA119.007716... OK (1048 KB) [pmc_pow]
  [4979/5960] PMC6556625 PMID:31217852 no DOI... OK (1001 KB) [pmc_pow]
  [4980/5960] PMC6556662 PMID:31217855 no DOI... OK (1912 KB) [pmc_pow]
  [4981/5960] PMC6561697 PMID:30948477 doi:10.1523/JNEUROSCI.0116-19.2019... OK (5138 KB) [pmc_pow]
  [4982/5960] PMC6565156 PMID:2414414 doi:10.1523/JNEUROSCI.05-11-02874.1985... OK (1905 KB) [pmc_pow]
  [4983/5960] PMC6566560 PMID:30461098 doi:10.1002/pro.3553... OK (2340 KB) [pmc_pow]
  [4984/5960] PMC6568225 PMID:31090269 doi:10.1631/jzus.B1900150... FAIL [all_failed]
  [4985/5960] PMC6568843 PMID:3027279 doi:10.1523/JNEUROSCI.07-01-00088.1987... OK (1340 KB) [pmc_pow]
  [4986/5960] PMC6573324 PMID:9169522 doi:10.1523/JNEUROSCI.17-12-04612.1997... OK (406 KB) [pmc_pow]
  [4987/5960] PMC6575554 PMID:1719159 doi:10.1523/JNEUROSCI.11-11-03325.1991... OK (4836 KB) [pmc_pow]
  [4988/5960] PMC6575598 PMID:31142655 doi:10.1073/pnas.1903682116... OK (1421 KB) [pmc_pow]
  [4989/5960] PMC6578931 PMID:8929440 doi:10.1523/JNEUROSCI.16-22-07336.1996... OK (887 KB) [pmc_pow]
  [4990/5960] PMC6579050 PMID:8622131 doi:10.1523/JNEUROSCI.16-09-03019.1996... OK (455 KB) [pmc_pow]
  [4991/5960] PMC6579458 PMID:31040181 doi:10.1074/jbc.RA119.008180... OK (5085 KB) [pmc_pow]
  [4992/5960] PMC6580160 PMID:30758993 doi:10.1152/ajpcell.00523.2018... FAIL [all_failed]
  [4993/5960] PMC6580171 PMID:30620635 doi:10.1152/ajpendo.00243.2018... FAIL [all_failed]
  [4994/5960] PMC6580548 PMID:31223444 doi:10.1021/acsmedchemlett.9b00069... OK (3369 KB) [pmc_pow]
  [4995/5960] PMC6583456 PMID:22009832 doi:10.1111/j.1757-7861.2009.00019.x... OK (408 KB) [pmc_pow]
  [4996/5960] PMC6589603 PMID:30811248 doi:10.1152/ajpregu.00279.2018... FAIL [all_failed]
  [4997/5960] PMC6590726 PMID:31090472 doi:10.1089/jir.2018.0163... OK (3406 KB) [pmc_pow]
  [4998/5960] PMC6592185 PMID:30907971 doi:10.1093/toxsci/kfz082... OK (1044 KB) [pmc_pow]
  [4999/5960] PMC6592188 PMID:30903181 doi:10.1093/toxsci/kfz077... OK (714 KB) [pmc_pow]
  [5000/5960] PMC6592244 PMID:31095448 doi:10.1080/15384101.2019.1618119... OK (5285 KB) [pmc_pow]
  [5001/5960] PMC6593029 PMID:31001735 doi:10.1007/s40199-019-00264-5... OK (8746 KB) [pmc_pow]
  [5002/5960] PMC6593894 PMID:30951369 doi:10.1096/fj.201802723R... FAIL [all_failed]
  [5003/5960] PMC6595986 PMID:30266742 doi:10.1523/JNEUROSCI.3514-17.2018... OK (13174 KB) [pmc_pow]
  [5004/5960] PMC6597205 PMID:31205030 doi:10.1172/JCI129827... OK (1733 KB) [pmc_pow]
  [5005/5960] PMC6597216 PMID:31094706 doi:10.1172/JCI98890... OK (10123 KB) [pmc_pow]
  [5006/5960] PMC6601249 PMID:31213546 doi:10.1073/pnas.1904005116... OK (856 KB) [pmc_pow]
  [5007/5960] PMC6601461 PMID:30670467 doi:10.1101/cshperspect.a033936... OK (2649 KB) [pmc_pow]
  [5008/5960] PMC6602115 PMID:31017045 doi:10.1089/scd.2019.0045... OK (47917 KB) [pmc_pow]
  [5009/5960] PMC6602128 PMID:31048406 doi:10.1194/jlr.M093534... OK (2274 KB) [pmc_pow]
  [5010/5960] PMC6603058 PMID:30649895 doi:10.1164/rccm.201804-0646OC... OK (1217 KB) [pmc_pow]
  [5011/5960] PMC6605362 PMID:26558787 doi:10.1523/JNEUROSCI.4349-14.2015... OK (5578 KB) [pmc_pow]
  [5012/5960] PMC6612659 PMID:31056400 doi:10.1016/j.ymthe.2019.04.017... OK (901 KB) [pmc_pow]
  [5013/5960] PMC6618463 PMID:24068806 doi:10.1523/JNEUROSCI.0558-13.2013... OK (1584 KB) [pmc_pow]
  [5014/5960] PMC6618862 PMID:23595742 doi:10.1523/JNEUROSCI.2394-12.2013... OK (7082 KB) [pmc_pow]
  [5015/5960] PMC6620582 PMID:30920299 doi:10.1152/ajpgi.00331.2018... FAIL [all_failed]
  [5016/5960] PMC6620644 PMID:31074682 doi:10.1152/physiolgenomics.00028.2019... FAIL [all_failed]
  [5017/5960] PMC6620675 PMID:30978131 doi:10.1152/ajpheart.00772.2018... FAIL [all_failed]
  [5018/5960] PMC6621004 PMID:22875919 doi:10.1523/JNEUROSCI.6469-11.2012... OK (1693 KB) [pmc_pow]
  [5019/5960] PMC6621814 PMID:22396417 doi:10.1523/JNEUROSCI.5927-11.2012... OK (2679 KB) [pmc_pow]
  [5020/5960] PMC6622414 PMID:31076465 doi:10.1681/ASN.2018111126... FAIL [all_failed]
  [5021/5960] PMC6623160 PMID:21715639 doi:10.1523/JNEUROSCI.0852-11.2011... OK (1327 KB) [pmc_pow]
  [5022/5960] PMC6629151 PMID:31021818 doi:10.1172/jci.insight.122929... OK (17598 KB) [pmc_pow]
  [5023/5960] PMC6629163 PMID:31012869 doi:10.1172/jci.insight.127737... OK (3760 KB) [pmc_pow]
  [5024/5960] PMC6629238 PMID:31145700 doi:10.1172/jci.insight.126132... OK (1704 KB) [pmc_pow]
  [5025/5960] PMC6629251 PMID:31120438 doi:10.1172/jci.insight.128248... OK (1123 KB) [pmc_pow]
  [5026/5960] PMC6629252 PMID:31292297 doi:10.1172/jci.insight.128014... OK (6601 KB) [pmc_pow]
  [5027/5960] PMC6633061 PMID:21307243 doi:10.1523/JNEUROSCI.3278-10.2011... OK (3492 KB) [pmc_pow]
  [5028/5960] PMC6635541 PMID:30919205 doi:10.1007/s11302-019-09653-6... OK (2176 KB) [pmc_pow]
  [5029/5960] PMC6637989 PMID:29077257 doi:10.1111/mpp.12633... OK (1680 KB) [pmc_pow]
  [5030/5960] PMC6642930 PMID:31392189 doi:10.21037/atm.2019.04.18... OK (1524 KB) [pmc_pow]
  [5031/5960] PMC6649148 PMID:18022923 doi:10.1002/jcla.20200... OK (165 KB) [pmc_pow]
  [5032/5960] PMC6657593 PMID:31160397 doi:10.1128/JB.00181-19... OK (1617 KB) [pmc_pow]
  [5033/5960] PMC6659257 PMID:31101624 doi:10.1182/blood.2019898114... FAIL [all_failed]
  [5034/5960] PMC6664168 PMID:31113867 doi:10.1074/jbc.RA119.008848... OK (2891 KB) [pmc_pow]
  [5035/5960] PMC6664195 PMID:31110046 doi:10.1074/jbc.RA119.007983... OK (3629 KB) [pmc_pow]
  [5036/5960] PMC6665152 PMID:19158288 doi:10.1523/JNEUROSCI.5443-08.2009... OK (513 KB) [pmc_pow]
  [5037/5960] PMC6665556 PMID:19625515 doi:10.1523/JNEUROSCI.1532-09.2009... OK (3567 KB) [pmc_pow]
  [5038/5960] PMC6666323 PMID:19228959 doi:10.1523/JNEUROSCI.4212-08.2009... OK (677 KB) [pmc_pow]
  [5039/5960] PMC6667720 PMID:31406413 doi:10.1007/s12639-019-01113-7... OK (422 KB) [pmc_pow]
  [5040/5960] PMC6668702 PMID:31329164 doi:10.1172/JCI125316... OK (11008 KB) [pmc_pow]
  [5041/5960] PMC6670558 PMID:18701682 doi:10.1523/JNEUROSCI.0979-08.2008... OK (484 KB) [pmc_pow]
  [5042/5960] PMC6670564 PMID:18701681 doi:10.1523/JNEUROSCI.2218-08.2008... OK (629 KB) [pmc_pow]
  [5043/5960] PMC6671051 PMID:18716221 doi:10.1523/JNEUROSCI.1957-08.2008... OK (930 KB) [pmc_pow]
  [5044/5960] PMC6671245 PMID:19118173 doi:10.1523/JNEUROSCI.4751-08.2008... OK (872 KB) [pmc_pow]
  [5045/5960] PMC6672214 PMID:17715356 doi:10.1523/JNEUROSCI.1470-07.2007... OK (506 KB) [pmc_pow]
  [5046/5960] PMC6672933 PMID:17687034 doi:10.1523/JNEUROSCI.0218-07.2007... OK (813 KB) [pmc_pow]
  [5047/5960] PMC6673158 PMID:17898211 doi:10.1523/JNEUROSCI.2923-07.2007... OK (1334 KB) [pmc_pow]
  [5048/5960] PMC6673215 PMID:17959817 doi:10.1523/JNEUROSCI.2461-07.2007... OK (2536 KB) [pmc_pow]
  [5049/5960] PMC6673250 PMID:17989306 doi:10.1523/JNEUROSCI.0719-07.2007... OK (432 KB) [pmc_pow]
  [5050/5960] PMC6673605 PMID:18077673 doi:10.1523/JNEUROSCI.3455-07.2007... OK (396 KB) [pmc_pow]
  [5051/5960] PMC6673995 PMID:16624935 doi:10.1523/JNEUROSCI.5461-05.2006... OK (962 KB) [pmc_pow]
  [5052/5960] PMC6674260 PMID:16687508 doi:10.1523/JNEUROSCI.0482-06.2006... OK (1454 KB) [pmc_pow]
  [5053/5960] PMC6675207 PMID:16738244 doi:10.1523/JNEUROSCI.1189-06.2006... OK (418 KB) [pmc_pow]
  [5054/5960] PMC6675337 PMID:16943564 doi:10.1523/JNEUROSCI.1469-06.2006... OK (1271 KB) [pmc_pow]
  [5055/5960] PMC6675365 PMID:16421301 doi:10.1523/JNEUROSCI.4162-05.2006... OK (611 KB) [pmc_pow]
  [5056/5960] PMC6675548 PMID:31185001 doi:10.1172/jci.insight.129781... OK (9956 KB) [pmc_pow]
  [5057/5960] PMC6676407 PMID:31452815 doi:10.3892/ol.2019.10620... OK (794 KB) [pmc_pow]
  [5058/5960] PMC6681707 PMID:31308224 doi:10.1073/pnas.1903984116... OK (2543 KB) [pmc_pow]
  [5059/5960] PMC6682728 PMID:31213526 doi:10.1074/jbc.RA119.009045... OK (3038 KB) [pmc_pow]
  [5060/5960] PMC6682750 PMID:31201270 doi:10.1074/jbc.RA118.007185... OK (1716 KB) [pmc_pow]
  [5061/5960] PMC6684934 PMID:31396361 no DOI... OK (4473 KB) [pmc_pow]
  [5062/5960] PMC6688456 PMID:31116396 doi:10.1210/jc.2019-00166... FAIL [all_failed]
  [5063/5960] PMC6689753 PMID:31017800 doi:10.1152/ajpcell.00261.2018... FAIL [all_failed]
  [5064/5960] PMC6690701 PMID:31213529 doi:10.1074/jbc.RA119.009442... OK (3477 KB) [pmc_pow]
  [5065/5960] PMC6692123 PMID:31182639 doi:10.1128/MCB.00017-19... OK (6375 KB) [pmc_pow]
  [5066/5960] PMC6692726 PMID:31042059 doi:10.1152/ajprenal.00399.2018... FAIL [all_failed]
  [5067/5960] PMC6692815 PMID:31088855 doi:10.2337/db19-0088... OK (2733 KB) [pmc_pow]
  [5068/5960] PMC6693455 PMID:30865561 doi:10.1080/15548627.2019.1586258... OK (4142 KB) [pmc_pow]
  [5069/5960] PMC6694045 PMID:31456915 doi:10.18240/ijo.2019.08.05... OK (3469 KB) [pmc_pow]
  [5070/5960] PMC6694224 PMID:31266751 doi:10.1124/dmd.119.088047... OK (574 KB) [pmc_pow]
  [5071/5960] PMC6694379 PMID:31364065 doi:10.1007/s13311-019-00766-9... OK (621 KB) [pmc_pow]
  [5072/5960] PMC6697818 PMID:31346086 doi:10.1073/pnas.1904101116... OK (1277 KB) [pmc_pow]
  [5073/5960] PMC6697880 PMID:31371505 doi:10.1073/pnas.1900406116... OK (1514 KB) [pmc_pow]
  [5074/5960] PMC6699100 PMID:31301259 doi:10.1002/pro.3681... OK (3217 KB) [pmc_pow]
  [5075/5960] PMC6699104 PMID:31309618 doi:10.1002/pro.3688... OK (1760 KB) [pmc_pow]
  [5076/5960] PMC6699838 PMID:31248988 doi:10.1074/jbc.RA119.007945... OK (3438 KB) [pmc_pow]
  [5077/5960] PMC6699840 PMID:31248983 doi:10.1074/jbc.RA119.007763... OK (1624 KB) [pmc_pow]
  [5078/5960] PMC6701554 PMID:31453007 doi:10.1364/BOE.10.004237... OK (3127 KB) [pmc_pow]
  [5079/5960] PMC6702513 PMID:31264075 doi:10.1007/s11357-019-00079-x... OK (2222 KB) [pmc_pow]
  [5080/5960] PMC6705667 PMID:28053029 doi:10.1523/JNEUROSCI.1079-16.2016... OK (2294 KB) [pmc_pow]
  [5081/5960] PMC6708267 PMID:30618267 doi:10.1089/ars.2018.7632... OK (752 KB) [pmc_pow]
  [5082/5960] PMC6710096 PMID:17727249 doi:10.1007/978-0-387-71764-7_10... OK (817 KB) [pmc_pow]
  [5083/5960] PMC6715838 PMID:31300399 doi:10.1128/AEM.01023-19... OK (2745 KB) [pmc_pow]
  [5084/5960] PMC6716097 PMID:30957724 doi:10.17305/bjbms.2019.4073... OK (1123 KB) [pmc_pow]
  [5085/5960] PMC6717236 PMID:31230213 doi:10.1007/s12192-019-01014-x... OK (1709 KB) [pmc_pow]
  [5086/5960] PMC6717913 PMID:31108100 doi:10.1016/j.ajpath.2019.04.013... OK (3306 KB) [pmc_pow]
  [5087/5960] PMC6718437 PMID:31363041 doi:10.1194/jlr.RA119000141... OK (2852 KB) [pmc_pow]
  [5088/5960] PMC6718441 PMID:31152000 doi:10.1194/jlr.M092460... OK (1863 KB) [pmc_pow]
  [5089/5960] PMC6725162 PMID:15758154 doi:10.1523/JNEUROSCI.4385-04.2005... OK (384 KB) [pmc_pow]
  [5090/5960] PMC6725219 PMID:15634778 doi:10.1523/JNEUROSCI.3829-04.2005... OK (367 KB) [pmc_pow]
  [5091/5960] PMC6725318 PMID:15659606 doi:10.1523/JNEUROSCI.4265-04.2005... OK (474 KB) [pmc_pow]
  [5092/5960] PMC6725334 PMID:15659604 doi:10.1523/JNEUROSCI.4276-04.2005... OK (233 KB) [pmc_pow]
  [5093/5960] PMC6725840 PMID:16291942 doi:10.1523/JNEUROSCI.3527-05.2005... OK (878 KB) [pmc_pow]
  [5094/5960] PMC6726094 PMID:15745955 doi:10.1523/JNEUROSCI.5107-04.2005... OK (452 KB) [pmc_pow]
  [5095/5960] PMC6726906 PMID:31397067 doi:10.15252/embr.201847488... OK (4284 KB) [pmc_pow]
  [5096/5960] PMC6726909 PMID:31418169 doi:10.15252/embr.201947928... OK (1251 KB) [pmc_pow]
  [5097/5960] PMC6729635 PMID:15329391 doi:10.1523/JNEUROSCI.4204-03.2004... OK (527 KB) [pmc_pow]
  [5098/5960] PMC6730201 PMID:15574749 doi:10.1523/JNEUROSCI.2993-04.2004... OK (3395 KB) [pmc_pow]
  [5099/5960] PMC6730230 PMID:15525785 doi:10.1523/JNEUROSCI.2057-04.2004... OK (604 KB) [pmc_pow]
  [5100/5960] PMC6730414 PMID:14985441 doi:10.1523/JNEUROSCI.4549-03.2004... OK (631 KB) [pmc_pow]
  [5101/5960] PMC6730730 PMID:31292817 doi:10.1007/s10815-019-01520-y... OK (324 KB) [pmc_pow]
  [5102/5960] PMC6730736 PMID:31456110 doi:10.1007/s10815-019-01542-6... OK (929 KB) [pmc_pow]
  [5103/5960] PMC6731678 PMID:31413200 doi:10.1073/pnas.1911252116... OK (1259 KB) [pmc_pow]
  [5104/5960] PMC6732453 PMID:31241995 doi:10.1152/ajprenal.00233.2019... FAIL [all_failed]
  [5105/5960] PMC6732484 PMID:31172811 doi:10.1152/ajpheart.00738.2018... FAIL [all_failed]
  [5106/5960] PMC6732962 PMID:31516599 doi:10.3892/ol.2019.10686... OK (508 KB) [pmc_pow]
  [5107/5960] PMC6733537 PMID:31300519 doi:10.1523/JNEUROSCI.1691-18.2019... OK (3118 KB) [pmc_pow]
  [5108/5960] PMC6734085 PMID:29775411 doi:10.1152/ajpheart.00155.2018... FAIL [all_failed]
  [5109/5960] PMC6735490 PMID:31251109 doi:10.1080/15548627.2019.1637642... OK (1047 KB) [pmc_pow]
  [5110/5960] PMC6738861 PMID:26384220 doi:10.1159/000439052... OK (468 KB) [pmc_pow]
  [5111/5960] PMC6738892 PMID:25997401 doi:10.1159/000430498... OK (605 KB) [pmc_pow]
  [5112/5960] PMC6740058 PMID:15963260 doi:10.1111/j.1582-4934.2005.tb00366.x... OK (5577 KB) [pmc_pow]
  [5113/5960] PMC6740089 PMID:16364198 doi:10.1111/j.1582-4934.2005.tb00387.x... OK (18390 KB) [pmc_pow]
  [5114/5960] PMC6740204 PMID:15963265 doi:10.1111/j.1582-4934.2005.tb00371.x... OK (281 KB) [pmc_pow]
  [5115/5960] PMC6740218 PMID:16364205 doi:10.1111/j.1582-4934.2005.tb00394.x... OK (4673 KB) [pmc_pow]
  [5116/5960] PMC6740220 PMID:15256069 doi:10.1111/j.1582-4934.2004.tb00276.x... FAIL [all_failed]
  [5117/5960] PMC6740321 PMID:15963270 doi:10.1111/j.1582-4934.2005.tb00376.x... OK (17441 KB) [pmc_pow]
  [5118/5960] PMC6740985 PMID:14645467 doi:10.1523/JNEUROSCI.23-34-10756.2003... OK (413 KB) [pmc_pow]
  [5119/5960] PMC6741310 PMID:15784175 doi:10.1111/j.1582-4934.2005.tb00347.x... OK (5178 KB) [pmc_pow]
  [5120/5960] PMC6741747 PMID:16007235 doi:10.1111/j.1527-3458.2005.tb00265.x... OK (263 KB) [pmc_pow]
  [5121/5960] PMC6743902 PMID:29891461 doi:10.3969/j.issn.1673-4254.2018.05.18... OK (1146 KB) [pmc_pow]
  [5122/5960] PMC6744251 PMID:31292246 doi:10.1128/JVI.00733-19... OK (2476 KB) [pmc_pow]
  [5123/5960] PMC6745208 PMID:31350985 doi:10.31557/APJCP.2019.20.7.2203... OK (539 KB) [openalex]
  [5124/5960] PMC6748109 PMID:30670828 doi:10.1038/s41418-018-0272-7... OK (3322 KB) [pmc_pow]
  [5125/5960] PMC6748123 PMID:30154448 doi:10.1038/s41418-018-0182-8... OK (2794 KB) [pmc_pow]
  [5126/5960] PMC6748138 PMID:30375512 doi:10.1038/s41418-018-0219-z... OK (4370 KB) [pmc_pow]
  [5127/5960] PMC6757636 PMID:12019321 doi:10.1523/JNEUROSCI.22-10-04015.2002... FAIL [all_failed]
  [5128/5960] PMC6757862 PMID:12177198 doi:10.1523/JNEUROSCI.22-16-07006.2002... OK (889 KB) [pmc_pow]
  [5129/5960] PMC6758252 PMID:11886899 doi:10.1523/JNEUROSCI.22-06-j0001.2002... OK (795 KB) [pmc_pow]
  [5130/5960] PMC6762374 PMID:11426445 doi:10.1523/JNEUROSCI.21-13-04551.2001... OK (613 KB) [pmc_pow]
  [5131/5960] PMC6763548 PMID:31592400 doi:10.1007/s13340-019-00409-6... OK (1196 KB) [pmc_pow]
  [5132/5960] PMC6765240 PMID:31511419 doi:10.1073/pnas.1909535116... OK (1348 KB) [pmc_pow]
  [5133/5960] PMC6765288 PMID:31488712 doi:10.1073/pnas.1904979116... OK (1185 KB) [pmc_pow]
  [5134/5960] PMC6765592 PMID:31511208 doi:10.12122/j.issn.1673-4254.2019.08.04... OK (1429 KB) [pmc_pow]
  [5135/5960] PMC6765657 PMID:29735437 doi:10.3969/j.issn.1673-4254.2018.04.04... OK (824 KB) [pmc_pow]
  [5136/5960] PMC6766720 PMID:31298558 doi:10.1152/ajpheart.00177.2019... FAIL [all_failed]
  [5137/5960] PMC6768192 PMID:31198086 doi:10.1080/15592324.2019.1629269... OK (811 KB) [pmc_pow]
  [5138/5960] PMC6768648 PMID:31375559 doi:10.1074/jbc.RA119.007917... OK (1676 KB) [pmc_pow]
  [5139/5960] PMC6772544 PMID:10908611 doi:10.1523/JNEUROSCI.20-15-05715.2000... OK (562 KB) [pmc_pow]
  [5140/5960] PMC6772788 PMID:11007884 doi:10.1523/JNEUROSCI.20-19-07268.2000... OK (1090 KB) [pmc_pow]
  [5141/5960] PMC6773560 PMID:31434710 doi:10.1074/mcp.RA119.001621... OK (3581 KB) [pmc_pow]
  [5142/5960] PMC6776064 PMID:31073215 doi:10.1038/s41396-019-0433-9... OK (3449 KB) [pmc_pow]
  [5143/5960] PMC6777446 PMID:30770860 doi:10.1038/s41431-019-0358-9... OK (1536 KB) [pmc_pow]
  [5144/5960] PMC6778179 PMID:31506352 doi:10.1073/pnas.1907492116... OK (1437 KB) [pmc_pow]
  [5145/5960] PMC6779355 PMID:31296606 doi:10.1681/ASN.2018121218... OK (4939 KB) [pmc_pow]
  [5146/5960] PMC6786240 PMID:31673312 doi:10.1039/c9md00242a... OK (1770 KB) [pmc_pow]
  [5147/5960] PMC6786379 PMID:30560904 doi:10.1038/s41401-018-0193-5... OK (2048 KB) [pmc_pow]
  [5148/5960] PMC6786397 PMID:30560903 doi:10.1038/s41401-018-0182-8... OK (1935 KB) [pmc_pow]
  [5149/5960] PMC6786425 PMID:30218072 doi:10.1038/s41401-018-0159-7... FAIL [all_failed]
  [5150/5960] PMC6789217 PMID:31632590 no DOI... OK (3509 KB) [pmc_pow]
  [5151/5960] PMC6789925 PMID:31548432 doi:10.1073/pnas.1901075116... OK (2522 KB) [pmc_pow]
  [5152/5960] PMC6791326 PMID:31413114 doi:10.1074/jbc.RA119.008777... OK (2967 KB) [pmc_pow]
  [5153/5960] PMC6792529 PMID:9425011 doi:10.1523/JNEUROSCI.18-02-00687.1998... OK (711 KB) [pmc_pow]
  [5154/5960] PMC6792665 PMID:9547233 doi:10.1523/JNEUROSCI.18-09-03241.1998... OK (1015 KB) [pmc_pow]
  [5155/5960] PMC6792668 PMID:9547220 doi:10.1523/JNEUROSCI.18-09-03117.1998... OK (174 KB) [pmc_pow]
  [5156/5960] PMC6793025 PMID:9742138 doi:10.1523/JNEUROSCI.18-19-07674.1998... OK (1436 KB) [pmc_pow]
  [5157/5960] PMC6793279 PMID:9822738 doi:10.1523/JNEUROSCI.18-23-09790.1998... OK (618 KB) [pmc_pow]
  [5158/5960] PMC6793336 PMID:9852566 doi:10.1523/JNEUROSCI.18-24-10287.1998... OK (304 KB) [pmc_pow]
  [5159/5960] PMC6796085 PMID:31637187 doi:10.18240/ijo.2019.10.03... OK (3093 KB) [pmc_pow]
  [5160/5960] PMC6796950 PMID:31189991 doi:10.1038/s41422-019-0191-2... FAIL [all_failed]
  [5161/5960] PMC6797909 PMID:31318034 doi:10.1093/icb/icz128... OK (326 KB) [pmc_pow]
  [5162/5960] PMC6801257 PMID:31686725 doi:10.1007/s12291-018-0762-x... OK (6511 KB) [pmc_pow]
  [5163/5960] PMC6806732 PMID:25277467 doi:10.1002/jcla.21798... OK (332 KB) [pmc_pow]
  [5164/5960] PMC6807350 PMID:16960894 doi:10.1002/jcla.20130... OK (121 KB) [pmc_pow]
  [5165/5960] PMC6811398 PMID:31451502 doi:10.1128/AAC.01909-18... FAIL [all_failed]
  [5166/5960] PMC6818488 PMID:30794028 doi:10.1089/neu.2018.6171... OK (758 KB) [pmc_pow]
  [5167/5960] PMC6819102 PMID:31393856 doi:10.1172/JCI125022... OK (8160 KB) [pmc_pow]
  [5168/5960] PMC6819940 PMID:31484746 doi:10.1128/JVI.01249-19... OK (9151 KB) [pmc_pow]
  [5169/5960] PMC6822227 PMID:31337603 doi:10.1016/j.ymthe.2019.06.014... OK (2810 KB) [pmc_pow]
  [5170/5960] PMC6827122 PMID:30117749 doi:10.1177/0271678X18795426... OK (1187 KB) [pmc_pow]
  [5171/5960] PMC6834476 PMID:31720081 no DOI... OK (2743 KB) [pmc_pow]
  [5172/5960] PMC6834500 PMID:31737185 no DOI... OK (1075 KB) [pmc_pow]
  [5173/5960] PMC6835083 PMID:30422676 doi:10.1164/rccm.201806-1109TR... OK (750 KB) [pmc_pow]
  [5174/5960] PMC6837698 PMID:23883624 doi:10.1179/1351000213Y.0000000057... OK (735 KB) [pmc_pow]
  [5175/5960] PMC6837724 PMID:27686142 doi:10.1080/13510002.2016.1206175... OK (1328 KB) [pmc_pow]
  [5176/5960] PMC6842910 PMID:31313616 doi:10.1152/ajplung.00567.2018... FAIL [all_failed]
  [5177/5960] PMC6842989 PMID:31411894 doi:10.1152/ajpgi.00054.2019... FAIL [all_failed]
  [5178/5960] PMC6843013 PMID:31298559 doi:10.1152/ajpheart.00016.2019... FAIL [all_failed]
  [5179/5960] PMC6844566 PMID:31512554 doi:10.1080/15476286.2019.1664885... OK (2388 KB) [pmc_pow]
  [5180/5960] PMC6851001 PMID:31314583 doi:10.1152/ajpcell.00184.2019... FAIL [all_failed]
  [5181/5960] PMC6851322 PMID:31551352 doi:10.1074/jbc.RA119.009835... OK (4542 KB) [pmc_pow]
  [5182/5960] PMC6853686 PMID:31555811 doi:10.1210/en.2019-00504... FAIL [all_failed]
  [5183/5960] PMC6854435 PMID:30315766 doi:10.1016/j.ajpath.2018.09.007... OK (2098 KB) [pmc_pow]
  [5184/5960] PMC6856969 PMID:31501154 doi:10.1182/blood.2019001398... OK (92 KB) [openalex]
  [5185/5960] PMC6856985 PMID:31554636 doi:10.1182/blood.2019001915... FAIL [all_failed]
  [5186/5960] PMC6859523 PMID:31261377 doi:10.1093/hmg/ddz126... OK (52196 KB) [pmc_pow]
  [5187/5960] PMC6865103 PMID:31799051 doi:10.1364/BOE.10.005852... OK (5915 KB) [pmc_pow]
  [5188/5960] PMC6867955 PMID:31801705 doi:10.12122/j.issn.1673-4254.2019.10.06... OK (1353 KB) [pmc_pow]
  [5189/5960] PMC6874635 PMID:31598888 doi:10.1007/s10616-019-00347-w... OK (1348 KB) [pmc_pow]
  [5190/5960] PMC6874942 PMID:31418139 doi:10.1007/s12551-019-00579-2... OK (6846 KB) [pmc_pow_generic]
  [5191/5960] PMC6876243 PMID:31694884 doi:10.1073/pnas.1909917116... OK (1710 KB) [pmc_pow]
  [5192/5960] PMC6877321 PMID:31638601 doi:10.1172/JCI129057... OK (2977 KB) [pmc_pow]
  [5193/5960] PMC6879347 PMID:31619518 doi:10.1074/jbc.RA119.009556... OK (4777 KB) [pmc_pow]
  [5194/5960] PMC6879846 PMID:31577157 doi:10.1152/ajpregu.00152.2019... FAIL [all_failed]
  [5195/5960] PMC6879878 PMID:31509447 doi:10.1152/ajpcell.00308.2019... FAIL [all_failed]
  [5196/5960] PMC6880908 PMID:31738831 doi:10.1182/bloodadvances.2019031609... OK (2231 KB) [pmc_pow]
  [5197/5960] PMC6884416 PMID:31588490 doi:10.1093/molehr/gaz049... OK (62230 KB) [pmc_pow]
  [5198/5960] PMC6885076 PMID:31643012 doi:10.1007/s11357-019-00111-0... OK (1535 KB) [pmc_pow]
  [5199/5960] PMC6885680 PMID:31754701 doi:10.1093/brain/awz324... OK (1622 KB) [pmc_pow]
  [5200/5960] PMC6885734 PMID:31633821 doi:10.15252/embj.2019101982... OK (1659 KB) [pmc_pow]
  [5201/5960] PMC6892176 PMID:30938207 doi:10.1080/17435390.2019.1578428... OK (1555 KB) [pmc_pow]
  [5202/5960] PMC6894074 PMID:31585510 doi:10.1096/fj.201901721R... FAIL [all_failed]
  [5203/5960] PMC6894098 PMID:31648556 doi:10.1096/fj.201901304R... FAIL [all_failed]
  [5204/5960] PMC6895534 PMID:31814896 no DOI... OK (1408 KB) [pmc_pow]
  [5205/5960] PMC6899084 PMID:31662513 doi:10.21873/invivo.11679... OK (273 KB) [pmc_pow]
  [5206/5960] PMC6900802 PMID:31558683 doi:10.1681/ASN.2019020114... FAIL [all_failed]
  [5207/5960] PMC6904804 PMID:31735293 doi:10.1016/j.ajhg.2019.10.009... OK (4488 KB) [pmc_pow]
  [5208/5960] PMC6906928 PMID:9676749 doi:10.1016/s0197-0186(97)00129-0... OK (2300 KB) [pmc_pow]
  [5209/5960] PMC6909321 PMID:30451415 doi:10.21307/jofnem-2018-034... FAIL [all_failed]
  [5210/5960] PMC6913166 PMID:26381228 doi:10.1089/ars.2015.6377... OK (691 KB) [pmc_pow]
  [5211/5960] PMC6916469 PMID:31694918 doi:10.1074/jbc.RA119.010268... OK (1639 KB) [pmc_pow]
  [5212/5960] PMC6916484 PMID:31615841 doi:10.1074/jbc.RA119.009783... OK (4199 KB) [pmc_pow]
  [5213/5960] PMC6918927 PMID:30877804 doi:10.1093/cercor/bhz046... OK (1016 KB) [pmc_pow]
  [5214/5960] PMC6927084 PMID:31903039 doi:10.29399/npa.23646... OK (99 KB) [pmc_pow]
  [5215/5960] PMC6929387 PMID:31841597 doi:10.1182/bloodadvances.2019001196... OK (848 KB) [pmc_pow]
  [5216/5960] PMC6934201 PMID:31550240 doi:10.1172/JCI128514... OK (22931 KB) [pmc_pow]
  [5217/5960] PMC6936584 PMID:31843902 doi:10.1073/pnas.1911954116... OK (1759 KB) [pmc_pow]
  [5218/5960] PMC6936724 PMID:31812992 doi:10.1093/humrep/dez210... FAIL [all_failed]
  [5219/5960] PMC6939485 PMID:31685653 doi:10.1523/JNEUROSCI.1256-19.2019... OK (3575 KB) [pmc_pow]
  [5220/5960] PMC6943454 PMID:31934288 no DOI... OK (2199 KB) [pmc_pow]
  [5221/5960] PMC6943475 PMID:31934307 no DOI... OK (2579 KB) [pmc_pow]
  [5222/5960] PMC6944134 PMID:31617381 doi:10.1089/aid.2019.0240... OK (190 KB) [pmc_pow]
  [5223/5960] PMC6944169 PMID:28619735 doi:10.2967/jnumed.117.192674... OK (985 KB) [pmc_pow]
  [5224/5960] PMC6944232 PMID:31666358 doi:10.1074/mcp.RA119.001784... OK (2674 KB) [pmc_pow]
  [5225/5960] PMC6944396 PMID:30759019 doi:10.1513/AnnalsATS.201808-585MG... OK (911 KB) [pmc_pow]
  [5226/5960] PMC6947043 PMID:31933948 no DOI... OK (1217 KB) [pmc_pow]
  [5227/5960] PMC6947125 PMID:31933997 no DOI... OK (393 KB) [pmc_pow]
  [5228/5960] PMC6947131 PMID:31934014 no DOI... FAIL [all_failed]
  [5229/5960] PMC6949650 PMID:31934024 no DOI... OK (4064 KB) [pmc_pow]
  [5230/5960] PMC6949759 PMID:31933792 no DOI... OK (632 KB) [pmc_pow]
  [5231/5960] PMC6955246 PMID:31694945 doi:10.1128/JVI.01183-19... OK (7025 KB) [pmc_pow]
  [5232/5960] PMC6955308 PMID:31843888 doi:10.1073/pnas.1912531117... OK (1581 KB) [pmc_pow]
  [5233/5960] PMC6956542 PMID:31767682 doi:10.1074/jbc.RA119.010511... OK (317 KB) [openalex]
  [5234/5960] PMC6956625 PMID:31911429 doi:10.1124/mol.116.103697retraction... OK (22 KB) [pmc_pow]
  [5235/5960] PMC6957365 PMID:31509440 doi:10.1152/ajplung.00224.2019... FAIL [all_failed]
  [5236/5960] PMC6958033 PMID:31938167 no DOI... OK (398 KB) [pmc_pow]
  [5237/5960] PMC6962025 PMID:31639106 doi:10.1172/jci.insight.132826... OK (15796 KB) [pmc_pow]
  [5238/5960] PMC6964743 PMID:31712283 doi:10.1128/JB.00681-19... OK (915 KB) [pmc_pow]
  [5239/5960] PMC6965211 PMID:31966653 no DOI... OK (1838 KB) [pmc_pow]
  [5240/5960] PMC6965253 PMID:31966580 no DOI... OK (454 KB) [pmc_pow]
  [5241/5960] PMC6971491 PMID:31740442 doi:10.2337/db19-0379... OK (2153 KB) [pmc_pow]
  [5242/5960] PMC6972232 PMID:30916033 doi:10.1016/j.bja.2019.02.010... OK (916 KB) [pmc_pow]
  [5243/5960] PMC6974639 PMID:31732572 doi:10.1128/AEM.01697-19... OK (1519 KB) [pmc_pow]
  [5244/5960] PMC6975264 PMID:31751318 doi:10.1172/jci.insight.132975... OK (7231 KB) [pmc_pow]
  [5245/5960] PMC6975275 PMID:31852848 doi:10.1172/jci.insight.129756... OK (5243 KB) [openalex]
  [5246/5960] PMC6983421 PMID:31811023 doi:10.1073/pnas.1911560116... OK (2336 KB) [pmc_pow]
  [5247/5960] PMC6983842 PMID:31819004 doi:10.1074/jbc.RA119.010998... OK (4651 KB) [pmc_pow]
  [5248/5960] PMC6983870 PMID:32021670 doi:10.15171/jlms.2019.S6... OK (1111 KB) [pmc_pow]
  [5249/5960] PMC6984455 PMID:30951392 doi:10.1080/15548627.2019.1603547... OK (2073 KB) [pmc_pow]
  [5250/5960] PMC6985789 PMID:31794260 doi:10.1152/ajpendo.00411.2019... FAIL [all_failed]
  [5251/5960] PMC6985792 PMID:31689144 doi:10.1152/ajpendo.00310.2019... FAIL [all_failed]
  [5252/5960] PMC6985838 PMID:31596606 doi:10.1152/ajpcell.00175.2019... FAIL [all_failed]
  [5253/5960] PMC6986556 PMID:31291818 doi:10.1080/15384101.2019.1642066... OK (3979 KB) [pmc_pow]
  [5254/5960] PMC6989953 PMID:31655022 doi:10.1111/bph.14878... OK (12245 KB) [pmc_pow]
  [5255/5960] PMC6993542 PMID:31461310 doi:10.1165/rcmb.2019-0065OC... OK (1823 KB) [pmc_pow]
  [5256/5960] PMC6994143 PMID:31661462 doi:10.1172/JCI127341... OK (5546 KB) [pmc_pow]
  [5257/5960] PMC6999622 PMID:31905034 doi:10.1080/15476286.2019.1709746... OK (4528 KB) [pmc_pow]
  [5258/5960] PMC7001498 PMID:31916354 doi:10.15252/embr.201948781... OK (4385 KB) [pmc_pow]
  [5259/5960] PMC7001501 PMID:31984629 doi:10.15252/embr.201948052... OK (1777 KB) [pmc_pow]
  [5260/5960] PMC7001721 PMID:31915823 doi:10.1093/hmg/ddz310... OK (2473 KB) [pmc_pow]
  [5261/5960] PMC7006249 PMID:32038815 doi:10.5487/TR.2009.25.1.023... OK (1044 KB) [pmc_pow]
  [5262/5960] PMC7007556 PMID:31964807 doi:10.1073/pnas.1915079117... OK (1453 KB) [pmc_pow]
  [5263/5960] PMC7007728 PMID:31741463 doi:10.7555/JBR.33.20190048... FAIL [all_failed]
  [5264/5960] PMC7017011 PMID:31852725 doi:10.1534/genetics.119.302939... OK (2198 KB) [pmc_pow]
  [5265/5960] PMC7024714 PMID:30644090 doi:10.1111/bph.14574... OK (8598 KB) [pmc_pow]
  [5266/5960] PMC7024754 PMID:32148929 doi:10.21037/jtd.2019.12.82... OK (167 KB) [pmc_pow]
  [5267/5960] PMC7026323 PMID:32123647 doi:10.1007/s13205-020-2111-z... OK (2185 KB) [pmc_pow]
  [5268/5960] PMC7029106 PMID:31907281 doi:10.1074/jbc.RA119.008445... OK (1826 KB) [pmc_pow]
  [5269/5960] PMC7029112 PMID:31915244 doi:10.1074/jbc.RA119.010770... OK (2053 KB) [pmc_pow]
  [5270/5960] PMC7029124 PMID:31914415 doi:10.1074/jbc.REV119.007363... OK (1767 KB) [pmc_pow]
  [5271/5960] PMC7038245 PMID:31907188 doi:10.1128/AAC.02331-19... OK (4081 KB) [pmc_pow]
  [5272/5960] PMC7042720 PMID:31582422 doi:10.1124/jpet.119.261040... OK (1402 KB) [pmc_pow]
  [5273/5960] PMC7043228 PMID:31851340 doi:10.1093/toxsci/kfz244... OK (471 KB) [pmc_pow]
  [5274/5960] PMC7048076 PMID:31800050 doi:10.1093/jb/mvz106... OK (341 KB) [pmc_pow]
  [5275/5960] PMC7049154 PMID:32029582 doi:10.1073/pnas.1919403117... FAIL [all_failed]
  [5276/5960] PMC7049170 PMID:32047033 doi:10.1073/pnas.1909814117... OK (2222 KB) [pmc_pow]
  [5277/5960] PMC7049979 PMID:31980458 doi:10.1074/jbc.RA119.011526... OK (1517 KB) [pmc_pow]
  [5278/5960] PMC7052577 PMID:31794264 doi:10.1152/ajpendo.00233.2019... FAIL [all_failed]
  [5279/5960] PMC7052592 PMID:31913687 doi:10.1152/ajpregu.00324.2019... FAIL [all_failed]
  [5280/5960] PMC7052605 PMID:31721604 doi:10.1152/ajpregu.00179.2019... FAIL [all_failed]
  [5281/5960] PMC7053225 PMID:31909698 doi:10.1148/radiol.2020191529... OK (3659 KB) [pmc_pow]
  [5282/5960] PMC7054021 PMID:31888949 doi:10.1534/genetics.119.302824... OK (1324 KB) [pmc_pow]
  [5283/5960] PMC7054638 PMID:31774358 doi:10.1152/japplphysiol.00627.2019... FAIL [all_failed]
  [5284/5960] PMC7054667 PMID:32073748 doi:10.15252/embr.201949612... OK (397 KB) [pmc_pow]
  [5285/5960] PMC7055700 PMID:31647878 doi:10.1165/rcmb.2019-0140OC... OK (1081 KB) [pmc_pow]
  [5286/5960] PMC7059048 PMID:32184851 doi:10.22037/ijpr.2019.111977.13462... OK (1740 KB) [pmc_pow]
  [5287/5960] PMC7062155 PMID:32005660 doi:10.1074/jbc.RA119.011019... OK (3493 KB) [pmc_pow]
  [5288/5960] PMC7062164 PMID:32005665 doi:10.1074/jbc.RA119.010589... OK (4740 KB) [pmc_pow]
  [5289/5960] PMC7062190 PMID:31996372 doi:10.1074/jbc.RA119.010720... OK (2407 KB) [pmc_pow]
  [5290/5960] PMC7066572 PMID:32190292 doi:10.1039/c9tx00100j... OK (3414 KB) [pmc_pow]
  [5291/5960] PMC7067327 PMID:20594413 doi:10.1179/174329210X12650506623843... OK (861 KB) [pmc_pow]
  [5292/5960] PMC7074923 PMID:31891667 doi:10.1089/ars.2019.8006... OK (1092 KB) [pmc_pow]
  [5293/5960] PMC7082882 PMID:32077311 doi:10.1177/1535370220908257... OK (541 KB) [pmc_pow]
  [5294/5960] PMC7086012 PMID:32133800 doi:10.1631/jzus.B1900413... OK (2096 KB) [pmc_pow]
  [5295/5960] PMC7087334 PMID:32255916 doi:10.5978/islsm.19-OR-11... OK (1261 KB) [pmc_pow]
  [5296/5960] PMC7087405 PMID:31670603 doi:10.1089/jmf.2019.0216... OK (175 KB) [pmc_pow]
  [5297/5960] PMC7087864 PMID:1675511 doi:10.1007/BF02899539... OK (2861 KB) [pmc_pow]
  [5298/5960] PMC7093123 PMID:31932328 doi:10.1128/IAI.00950-19... FAIL [all_failed]
  [5299/5960] PMC7098369 PMID:31926003 doi:10.1093/toxsci/kfaa002... OK (449 KB) [pmc_pow]
  [5300/5960] PMC7099164 PMID:31928359 doi:10.1308/rcsann.2019.0183... OK (566 KB) [pmc_pow]
  [5301/5960] PMC7107814 PMID:32292894 doi:10.1089/bioe.2019.0024... OK (603 KB) [pmc_pow]
  [5302/5960] PMC7108587 PMID:23851121 doi:10.1093/hmg/ddt338... OK (896 KB) [pmc_pow]
  [5303/5960] PMC7108920 PMID:31945018 doi:10.1172/JCI131335... OK (8229 KB) [pmc_pow]
  [5304/5960] PMC7119442 PMID:9324942 doi:10.1006/abio.1997.2307... OK (681 KB) [pmc_pow]
  [5305/5960] PMC7131397 PMID:7606211 doi:10.1016/S0248-4900(94)80018-9... OK (715 KB) [pmc_pow]
  [5306/5960] PMC7136350 PMID:32130873 doi:10.1016/j.bpj.2020.01.045... OK (3856 KB) [pmc_pow]
  [5307/5960] PMC7138199 PMID:31432739 doi:10.1080/15548627.2019.1656957... FAIL [all_failed]
  [5308/5960] PMC7152765 PMID:32071080 doi:10.1074/jbc.RA119.011822... OK (2343 KB) [pmc_pow]
  [5309/5960] PMC7158922 PMID:31282275 doi:10.1080/15548627.2019.1637200... OK (6494 KB) [pmc_pow]
  [5310/5960] PMC7161545 PMID:32000294 doi:10.1111/bph.14957... OK (7992 KB) [pmc_pow]
  [5311/5960] PMC7163140 PMID:32075929 doi:10.1128/JVI.01850-19... OK (4012 KB) [pmc_pow]
  [5312/5960] PMC7163934 PMID:20170654 doi:10.1016/j.febslet.2010.02.030... OK (447 KB) [pmc_pow]
  [5313/5960] PMC7163944 PMID:21566207 doi:10.1096/fj.11-181396... OK (1205 KB) [pmc_pow]
  [5314/5960] PMC7167764 PMID:17407183 doi:10.1002/pmic.200600459... OK (664 KB) [pmc_pow]
  [5315/5960] PMC7167977 PMID:30680725 doi:10.1002/path.5240... OK (4957 KB) [pmc_pow]
  [5316/5960] PMC7167978 PMID:21110324 doi:10.1002/pmic.201000228... OK (368 KB) [pmc_pow]
  [5317/5960] PMC7168489 PMID:18459168 doi:10.1002/med.20124... OK (575 KB) [pmc_pow]
  [5318/5960] PMC7170522 PMID:32161117 doi:10.1074/jbc.RA119.012296... OK (3189 KB) [pmc_pow]
  [5319/5960] PMC7172563 PMID:28603092 doi:10.1016/S1499-3872(17)60014-6... OK (701 KB) [pmc_pow]
  [5320/5960] PMC7173885 PMID:32341861 doi:10.1364/BOE.386999... OK (4145 KB) [pmc_pow]
  [5321/5960] PMC7174887 PMID:31972868 doi:10.1111/bph.14983... OK (11431 KB) [pmc_pow]
  [5322/5960] PMC7177490 PMID:31566215 doi:10.1093/cvr/cvz240... OK (2510 KB) [pmc_pow]
  [5323/5960] PMC7182913 PMID:31283827 doi:10.1093/jme/tjz113... OK (2894 KB) [pmc_pow]
  [5324/5960] PMC7183447 PMID:32253837 doi:10.1631/jzus.B1900614... OK (1014 KB) [pmc_pow]
  [5325/5960] PMC7186178 PMID:32213598 doi:10.1074/jbc.RA120.012795... OK (2403 KB) [pmc_pow]
  [5326/5960] PMC7191415 PMID:32022597 doi:10.1152/ajpregu.00268.2019... FAIL [all_failed]
  [5327/5960] PMC7192978 PMID:32060690 doi:10.1007/s12192-020-01080-6... OK (549 KB) [pmc_pow]
  [5328/5960] PMC7196117 PMID:32373418 doi:10.1007/s13205-020-02212-6... OK (2454 KB) [pmc_pow]
  [5329/5960] PMC7197893 PMID:15613000 doi:10.1111/j.1472-765X.2004.01624.x... OK (135 KB) [pmc_pow]
  [5330/5960] PMC7202207 PMID:32329174 doi:10.15252/embr.202050071... OK (487 KB) [pmc_pow]
  [5331/5960] PMC7204190 PMID:17597455 doi:10.1086/519166... OK (15889 KB) [pmc_pow]
  [5332/5960] PMC7206070 PMID:31685978 doi:10.1038/s41418-019-0450-2... OK (6039 KB) [pmc_pow]
  [5333/5960] PMC7211987 PMID:32312817 doi:10.1073/pnas.1913633117... OK (2365 KB) [pmc_pow]
  [5334/5960] PMC7212636 PMID:32205448 doi:10.1074/jbc.RA119.010593... OK (1637 KB) [pmc_pow]
  [5335/5960] PMC7212645 PMID:32179647 doi:10.1074/jbc.RA120.012616... OK (1880 KB) [pmc_pow]
  [5336/5960] PMC7227970 PMID:32454705 doi:10.4274/tjps.galenos.2019.2018.96658... OK (7791 KB) [pmc_pow]
  [5337/5960] PMC7231597 PMID:31925422 doi:10.1093/advances/nmz128... OK (214 KB) [pmc_pow]
  [5338/5960] PMC7232636 PMID:32027164 doi:10.1089/ars.2019.7989... OK (803 KB) [pmc_pow]
  [5339/5960] PMC7237828 PMID:32142731 doi:10.1016/j.ajpath.2020.01.012... OK (1939 KB) [pmc_pow]
  [5340/5960] PMC7240083 PMID:32179584 doi:10.1128/IAI.00851-19... OK (1400 KB) [pmc_pow]
  [5341/5960] PMC7244372 PMID:31760463 doi:10.1007/s00018-019-03386-w... FAIL [all_failed]
  [5342/5960] PMC7244748 PMID:31831875 doi:10.1038/s41418-019-0465-8... OK (5509 KB) [pmc_pow]
  [5343/5960] PMC7244760 PMID:31907391 doi:10.1038/s41418-019-0482-7... OK (12855 KB) [pmc_pow]
  [5344/5960] PMC7244772 PMID:31827236 doi:10.1038/s41418-019-0471-x... OK (6350 KB) [pmc_pow]
  [5345/5960] PMC7253027 PMID:32255769 doi:10.1172/jci.insight.136437... OK (25634 KB) [pmc_pow]
  [5346/5960] PMC7258822 PMID:32048876 doi:10.1165/rcmb.2019-0351OC... OK (2051 KB) [pmc_pow]
  [5347/5960] PMC7268787 PMID:32356556 doi:10.1093/hmg/ddaa081... OK (1265 KB) [pmc_pow]
  [5348/5960] PMC7268930 PMID:32326760 doi:10.1177/1535370220920558... OK (755 KB) [pmc_pow]
  [5349/5960] PMC7269352 PMID:32381600 doi:10.1681/ASN.2019070756... OK (4466 KB) [pmc_pow]
  [5350/5960] PMC7269572 PMID:31985487 doi:10.1172/JCI99934... OK (1519 KB) [pmc_pow]
  [5351/5960] PMC7269774 PMID:32509379 no DOI... OK (720 KB) [pmc_pow]
  [5352/5960] PMC7270040 PMID:32509168 no DOI... OK (3132 KB) [pmc_pow]
  [5353/5960] PMC7271702 PMID:32509024 doi:10.3892/etm.2020.8672... OK (1570 KB) [pmc_pow]
  [5354/5960] PMC7272334 PMID:32376682 doi:10.1242/dev.188714... FAIL [all_failed]
  [5355/5960] PMC7272725 PMID:32045263 doi:10.1152/ajpendo.00282.2019... FAIL [all_failed]
  [5356/5960] PMC7272733 PMID:32233792 doi:10.1152/ajplung.00480.2019... FAIL [all_failed]
  [5357/5960] PMC7275855 PMID:32341096 doi:10.1523/JNEUROSCI.0013-20.2020... OK (2858 KB) [pmc_pow]
  [5358/5960] PMC7286995 PMID:32088829 doi:10.1007/s11357-020-00169-1... OK (645 KB) [pmc_pow]
  [5359/5960] PMC7295586 PMID:32393602 doi:10.1242/jcs.245258... FAIL [all_failed]
  [5360/5960] PMC7301773 PMID:29718255 doi:10.1093/ibd/izy095... OK (554 KB) [pmc_pow]
  [5361/5960] PMC7307190 PMID:32371392 doi:10.1074/jbc.RA119.012127... OK (1753 KB) [pmc_pow]
  [5362/5960] PMC7307208 PMID:32371394 doi:10.1074/jbc.RA119.011988... OK (1312 KB) [pmc_pow]
  [5363/5960] PMC7308049 PMID:32493843 doi:10.1172/jci.insight.131834... OK (16885 KB) [pmc_pow]
  [5364/5960] PMC7308059 PMID:32343677 doi:10.1172/jci.insight.134287... OK (3503 KB) [pmc_pow]
  [5365/5960] PMC7311689 PMID:32352340 doi:10.1152/japplphysiol.00061.2020... FAIL [all_failed]
  [5366/5960] PMC7311697 PMID:32383992 doi:10.1152/ajpheart.00055.2020... FAIL [all_failed]
  [5367/5960] PMC7317150 PMID:31630206 doi:10.1093/mutage/gez026... OK (1892 KB) [pmc_pow]
  [5368/5960] PMC7321965 PMID:32513718 doi:10.1073/pnas.1921618117... OK (1383 KB) [pmc_pow]
  [5369/5960] PMC7326884 PMID:32647452 doi:10.1007/s12298-020-00834-x... OK (6380 KB) [pmc_pow]
  [5370/5960] PMC7328052 PMID:32350079 doi:10.1194/jlr.RA120000628... OK (1340 KB) [pmc_pow]
  [5371/5960] PMC7332662 PMID:32253741 doi:10.1007/s12192-020-01100-5... OK (1533 KB) [pmc_pow]
  [5372/5960] PMC7334519 PMID:32546527 doi:10.1073/pnas.2000102117... OK (2124 KB) [pmc_pow]
  [5373/5960] PMC7338084 PMID:32317297 doi:10.1074/mcp.RA120.002076... OK (3068 KB) [pmc_pow]
  [5374/5960] PMC7338910 PMID:32304697 doi:10.1016/j.ajpath.2020.03.018... OK (7390 KB) [pmc_pow]
  [5375/5960] PMC7341556 PMID:32060542 doi:10.1210/endocr/bqaa017... FAIL [all_failed]
  [5376/5960] PMC7341789 PMID:32591419 doi:10.2215/CJN.10320819... OK (1311 KB) [pmc_pow]
  [5377/5960] PMC7343198 PMID:32376626 doi:10.1128/JVI.01784-19... OK (1789 KB) [pmc_pow]
  [5378/5960] PMC7357451 PMID:30874797 doi:10.1093/gerona/glz070... OK (2062 KB) [pmc_pow]
  [5379/5960] PMC7360963 PMID:32511785 doi:10.15252/embj.2019103912... OK (3388 KB) [pmc_pow]
  [5380/5960] PMC7364332 PMID:29790387 doi:10.1089/ars.2017.7375... OK (2544 KB) [pmc_pow]
  [5381/5960] PMC7372066 PMID:32381645 doi:10.2337/db19-0725... OK (3015 KB) [pmc_pow]
  [5382/5960] PMC7378459 PMID:32291445 doi:10.1182/blood.2019003990... FAIL [all_failed]
  [5383/5960] PMC7382248 PMID:32636256 doi:10.1073/pnas.1915719117... OK (2382 KB) [pmc_pow]
  [5384/5960] PMC7396830 PMID:32602580 doi:10.15252/embj.2020104820... OK (2807 KB) [pmc_pow]
  [5385/5960] PMC7398776 PMID:32597983 doi:10.1093/jn/nxaa169... OK (1536 KB) [pmc_pow]
  [5386/5960] PMC7399654 PMID:32774841 doi:10.1039/c9tx00186g... OK (2180 KB) [pmc_pow]
  [5387/5960] PMC7403662 PMID:32484300 doi:10.15252/embr.201948686... OK (3172 KB) [pmc_pow]
  [5388/5960] PMC7406265 PMID:32379724 doi:10.1172/jci.insight.135348... OK (21133 KB) [openalex]
  [5389/5960] PMC7407720 PMID:32774727 no DOI... OK (1764 KB) [pmc_pow]
  [5390/5960] PMC7414476 PMID:32782668 no DOI... OK (632 KB) [pmc_pow]
  [5391/5960] PMC7425658 PMID:32802939 doi:10.3934/environsci.2017.3.443... OK (1424 KB) [pmc_pow]
  [5392/5960] PMC7431801 PMID:32581108 doi:10.1128/JVI.01178-20... OK (2276 KB) [pmc_pow]
  [5393/5960] PMC7433440 PMID:32306002 doi:10.19723/j.issn.1671-167X.2020.02.005... OK (4295 KB) [pmc_pow]
  [5394/5960] PMC7436314 PMID:32770567 doi:10.1002/ddr.21730... OK (7331 KB) [pmc_pow]
  [5395/5960] PMC7437079 PMID:32268844 doi:10.1177/2050640620919254... OK (938 KB) [pmc_pow]
  [5396/5960] PMC7442362 PMID:31165892 doi:10.1093/schbul/sbz056... OK (2521 KB) [pmc_pow]
  [5397/5960] PMC7449205 PMID:32660985 doi:10.1128/AAC.00013-20... OK (2271 KB) [pmc_pow]
  [5398/5960] PMC7450114 PMID:32605922 doi:10.1074/jbc.RA120.012673... FAIL [all_failed]
  [5399/5960] PMC7455369 PMID:32457210 doi:10.1212/WNL.0000000000009582... OK (678 KB) [pmc_pow]
  [5400/5960] PMC7456248 PMID:32716363 doi:10.1172/JCI134778... OK (3404 KB) [pmc_pow]
  [5401/5960] PMC7458807 PMID:32665401 doi:10.1074/jbc.RA119.011229... OK (2641 KB) [pmc_pow]
  [5402/5960] PMC7461670 PMID:32764142 doi:10.1681/ASN.2019080829... OK (4366 KB) [pmc_pow]
  [5403/5960] PMC7467275 PMID:32905142 doi:10.1093/toxres/tfaa046... OK (1400 KB) [pmc_pow]
  [5404/5960] PMC7467997 PMID:32740687 doi:10.1007/s10815-020-01869-5... FAIL [all_failed]
  [5405/5960] PMC7468782 PMID:32396388 doi:10.1152/ajpendo.00058.2020... FAIL [all_failed]
  [5406/5960] PMC7468892 PMID:32374677 doi:10.1152/ajpcell.00539.2019... FAIL [all_failed]
  [5407/5960] PMC7469607 PMID:31679456 doi:10.1080/15548627.2019.1687215... OK (4661 KB) [pmc_pow]
  [5408/5960] PMC7469640 PMID:31668121 doi:10.1080/15548627.2019.1686728... OK (4741 KB) [pmc_pow]
  [5409/5960] PMC7472444 PMID:32859627 doi:10.21873/cgp.20205... OK (15262 KB) [pmc_pow]
  [5410/5960] PMC7483435 PMID:32458004 doi:10.1182/blood.2019001808... FAIL [all_failed]
  [5411/5960] PMC7489259 PMID:33479681 doi:10.1039/c9md00572b... OK (3850 KB) [pmc_pow]
  [5412/5960] PMC7500214 PMID:32520609 doi:10.1152/ajpcell.00188.2020... FAIL [all_failed]
  [5413/5960] PMC7504918 PMID:32723871 doi:10.1074/jbc.RA120.014603... OK (5514 KB) [pmc_pow]
  [5414/5960] PMC7504921 PMID:32732285 doi:10.1074/jbc.RA120.012680... OK (4129 KB) [pmc_pow]
  [5415/5960] PMC7507454 PMID:32744742 doi:10.15252/embj.2020105759... OK (4597 KB) [pmc_pow]
  [5416/5960] PMC7509266 PMID:32697599 doi:10.1152/ajpcell.00233.2020... FAIL [all_failed]
  [5417/5960] PMC7518054 PMID:32697651 doi:10.1152/ajplung.00169.2020... FAIL [all_failed]
  [5418/5960] PMC7519027 PMID:33062579 doi:10.1007/s13205-020-02438-4... OK (2585 KB) [pmc_pow]
  [5419/5960] PMC7519310 PMID:32887801 doi:10.1073/pnas.2007391117... OK (1517 KB) [pmc_pow]
  [5420/5960] PMC7524318 PMID:31063017 doi:10.1080/19490976.2019.1611152... OK (2528 KB) [pmc_pow]
  [5421/5960] PMC7526745 PMID:14674745 doi:10.1021/bi035596s... OK (678 KB) [pmc_pow]
  [5422/5960] PMC7527047 PMID:32796068 doi:10.1128/JVI.00924-20... OK (7849 KB) [pmc_pow]
  [5423/5960] PMC7534609 PMID:32851774 doi:10.15252/embr.201948483... OK (2905 KB) [pmc_pow]
  [5424/5960] PMC7536658 PMID:32759271 doi:10.1104/pp.19.01248... OK (1595 KB) [pmc_pow]
  [5425/5960] PMC7539791 PMID:29420779 doi:10.1093/mmy/myx073... OK (1629 KB) [pmc_pow]
  [5426/5960] PMC7540099 PMID:33042426 no DOI... OK (2973 KB) [pmc_pow]
  [5427/5960] PMC7540121 PMID:33042407 no DOI... FAIL [all_failed]
  [5428/5960] PMC7544591 PMID:32990238 doi:10.12122/j.issn.1673-4254.2020.09.10... OK (2672 KB) [pmc_pow]
  [5429/5960] PMC7544785 PMID:33088661 doi:10.1007/s13205-020-02457-1... OK (1823 KB) [pmc_pow]
  [5430/5960] PMC7549041 PMID:32817337 doi:10.1074/jbc.RA120.012893... OK (2594 KB) [pmc_pow]
  [5431/5960] PMC7549256 PMID:33062187 doi:10.1021/acsmedchemlett.0c00176... OK (1433 KB) [pmc_pow]
  [5432/5960] PMC7556136 PMID:33027529 doi:10.1182/bloodadvances.2019000796... OK (1421 KB) [pmc_pow]
  [5433/5960] PMC7573736 PMID:33134911 doi:10.1093/nargab/lqaa065... FAIL [all_failed]
  [5434/5960] PMC7586232 PMID:32826315 doi:10.1074/jbc.RA120.014247... OK (2608 KB) [pmc_pow]
  [5435/5960] PMC7594567 PMID:31066901 doi:10.1093/neuonc/noz078... OK (37237 KB) [pmc_pow]
  [5436/5960] PMC7598081 PMID:32790648 doi:10.1172/JCI138538... OK (1633 KB) [pmc_pow]
  [5437/5960] PMC7603861 PMID:33021643 doi:10.1093/humrep/deaa191... OK (224 KB) [pmc_pow]
  [5438/5960] PMC7605424 PMID:33020216 doi:10.1523/JNEUROSCI.2901-19.2020... OK (6242 KB) [pmc_pow]
  [5439/5960] PMC7606674 PMID:32839274 doi:10.1074/jbc.RA120.012618... OK (4503 KB) [pmc_pow]
  [5440/5960] PMC7606676 PMID:32855239 doi:10.1074/jbc.RA120.013322... OK (4581 KB) [pmc_pow]
  [5441/5960] PMC7606682 PMID:32843480 doi:10.1074/jbc.RA120.013760... OK (2172 KB) [pmc_pow]
  [5442/5960] PMC7606694 PMID:32848018 doi:10.1074/jbc.RA120.014906... OK (3408 KB) [pmc_pow]
  [5443/5960] PMC7612835 PMID:31893429 doi:10.1007/978-3-030-34461-0_43... OK (441 KB) [pmc_pow]
  [5444/5960] PMC7642888 PMID:32830535 doi:10.1152/ajprenal.00049.2020... FAIL [all_failed]
  [5445/5960] PMC7645715 PMID:32969478 doi:10.1093/hmg/ddaa211... OK (1532 KB) [pmc_pow]
  [5446/5960] PMC7649832 PMID:33479683 doi:10.1039/d0md00057d... OK (1288 KB) [pmc_pow]
  [5447/5960] PMC7650246 PMID:32826313 doi:10.1074/jbc.RA120.013537... OK (1174 KB) [pmc_pow]
  [5448/5960] PMC7652000 PMID:33479625 doi:10.1039/d0md00153h... OK (2754 KB) [pmc_pow]
  [5449/5960] PMC7652403 PMID:32989015 doi:10.1128/MCB.00306-20... OK (5518 KB) [pmc_pow]
  [5450/5960] PMC7652979 PMID:33194521 doi:10.1007/s13205-020-02535-4... OK (1246 KB) [pmc_pow]
  [5451/5960] PMC7654254 PMID:23952056 doi:10.1111/cas.12253... OK (815 KB) [pmc_pow]
  [5452/5960] PMC7657150 PMID:23421409 doi:10.1111/cas.12131... OK (1067 KB) [pmc_pow]
  [5453/5960] PMC7657171 PMID:23480042 doi:10.1111/cas.12147... OK (1124 KB) [pmc_pow]
  [5454/5960] PMC7657173 PMID:23107437 doi:10.1111/cas.12051... OK (549 KB) [pmc_pow]
  [5455/5960] PMC7657244 PMID:23279642 doi:10.1111/cas.12088... FAIL [all_failed]
  [5456/5960] PMC7659238 PMID:22329793 doi:10.1111/j.1349-7006.2012.02239.x... OK (461 KB) [pmc_pow]
  [5457/5960] PMC7659255 PMID:22726539 doi:10.1111/j.1349-7006.2012.02369.x... OK (663 KB) [pmc_pow]
  [5458/5960] PMC7667965 PMID:32873706 doi:10.1074/jbc.RA120.015515... OK (3046 KB) [pmc_pow]
  [5459/5960] PMC7667980 PMID:32900851 doi:10.1074/jbc.RA120.015237... OK (4031 KB) [pmc_pow]
  [5460/5960] PMC7668072 PMID:33122441 doi:10.1073/pnas.2011645117... OK (1884 KB) [pmc_pow]
  [5461/5960] PMC7671067 PMID:33073672 doi:10.1080/15592324.2020.1831789... OK (656 KB) [pmc_pow]
  [5462/5960] PMC7673478 PMID:32564073 doi:10.1093/cercor/bhaa167... FAIL [all_failed]
  [5463/5960] PMC7679968 PMID:33007128 doi:10.1002/pro.3960... OK (2497 KB) [pmc_pow]
  [5464/5960] PMC7680500 PMID:33240452 doi:10.1007/s13167-020-00224-z... OK (10932 KB) [pmc_pow]
  [5465/5960] PMC7682348 PMID:33139577 doi:10.1073/pnas.2017830117... OK (1670 KB) [pmc_pow]
  [5466/5960] PMC7685207 PMID:32603414 doi:10.1182/blood.2020006200... FAIL [all_failed]
  [5467/5960] PMC7695790 PMID:33270814 doi:10.1007/s10616-020-00436-1... OK (1635 KB) [pmc_pow]
  [5468/5960] PMC7704235 PMID:32735733 doi:10.1111/joa.13281... OK (3377 KB) [pmc_pow]
  [5469/5960] PMC7705315 PMID:33051185 doi:10.1074/jbc.RA120.015981... OK (3100 KB) [pmc_pow]
  [5470/5960] PMC7705317 PMID:33246942 doi:10.1074/jbc.AAC120.016601... OK (242 KB) [pmc_pow]
  [5471/5960] PMC7706405 PMID:33259630 doi:10.1093/toxsci/kfaa154... OK (1033 KB) [pmc_pow]
  [5472/5960] PMC7709214 PMID:32945868 doi:10.1210/endocr/bqaa158... FAIL [all_failed]
  [5473/5960] PMC7709563 PMID:33281960 doi:10.3892/ol.2020.12310... OK (878 KB) [pmc_pow]
  [5474/5960] PMC7714094 PMID:32582913 doi:10.1182/blood.2020005795... FAIL [all_failed]
  [5475/5960] PMC7724337 PMID:33312359 no DOI... OK (2551 KB) [pmc_pow]
  [5476/5960] PMC7724343 PMID:33312392 no DOI... OK (5149 KB) [pmc_pow]
  [5477/5960] PMC7724356 PMID:33312388 no DOI... OK (3728 KB) [pmc_pow]
  [5478/5960] PMC7726809 PMID:33180995 doi:10.15252/embr.201949019... OK (4237 KB) [pmc_pow]
  [5479/5960] PMC7737612 PMID:33200421 doi:10.15252/embj.2020105074... OK (3640 KB) [pmc_pow]
  [5480/5960] PMC7739945 PMID:33259759 doi:10.1098/rspb.2020.2343... OK (839 KB) [pmc_pow]
  [5481/5960] PMC7751562 PMID:32960694 doi:10.1080/15548627.2020.1822089... OK (711 KB) [pmc_pow]
  [5482/5960] PMC7755007 PMID:31927570 doi:10.1093/cid/ciaa026... OK (366 KB) [pmc_pow]
  [5483/5960] PMC7762938 PMID:33453990 doi:10.1074/jbc.RA120.014884... OK (4257 KB) [pmc_pow]
  [5484/5960] PMC7773363 PMID:33393495 doi:10.1172/JCI133081... FAIL [all_failed]
  [5485/5960] PMC7773399 PMID:33141762 doi:10.1172/JCI133371... OK (18292 KB) [pmc_pow]
  [5486/5960] PMC7777082 PMID:33318181 doi:10.1073/pnas.1922392117... OK (2287 KB) [pmc_pow]
  [5487/5960] PMC7792675 PMID:32966127 doi:10.1152/ajpcell.00157.2020... FAIL [all_failed]
  [5488/5960] PMC7797218 PMID:31995179 doi:10.1093/cvr/cvaa017... OK (1294 KB) [pmc_pow]
  [5489/5960] PMC7799395 PMID:18338172 doi:10.1007/s00280-008-0720-z... OK (1650 KB) [pmc_pow]
  [5490/5960] PMC7805327 PMID:33570622 doi:10.1182/bloodadvances.2020003458... OK (1640 KB) [pmc_pow]
  [5491/5960] PMC7808165 PMID:32614982 doi:10.1111/imm.13231... OK (611 KB) [pmc_pow]
  [5492/5960] PMC7810477 PMID:33170805 doi:10.1172/JCI138519... OK (4033 KB) [pmc_pow]
  [5493/5960] PMC7811937 PMID:33500840 no DOI... FAIL [all_failed]
  [5494/5960] PMC7818895 PMID:32777053 doi:10.1093/toxsci/kfaa129... OK (288 KB) [pmc_pow]
  [5495/5960] PMC7822972 PMID:33070223 doi:10.1007/s10815-020-01973-6... OK (911 KB) [pmc_pow]
  [5496/5960] PMC7842574 PMID:33659495 doi:10.21769/BioProtoc.3858... OK (496 KB) [pmc_pow]
  [5497/5960] PMC7843730 PMID:33520806 doi:10.1007/s40200-020-00570-9... OK (6504 KB) [pmc_pow]
  [5498/5960] PMC7847063 PMID:33146568 doi:10.1152/ajplung.00305.2020... FAIL [all_failed]
  [5499/5960] PMC7847502 PMID:33527004 no DOI... OK (806 KB) [pmc_pow]
  [5500/5960] PMC7851687 PMID:33257310 doi:10.1128/AEM.02571-20... OK (1736 KB) [pmc_pow]
  [5501/5960] PMC7852538 PMID:31659245 doi:10.1038/s41423-019-0316-z... FAIL [all_failed]
  [5502/5960] PMC7853148 PMID:32770108 doi:10.1038/s41418-020-0601-5... OK (7910 KB) [pmc_pow]
  [5503/5960] PMC7853990 PMID:33654941 doi:10.21769/BioProtoc.3446... OK (923 KB) [pmc_pow]
  [5504/5960] PMC7854061 PMID:33654987 doi:10.21769/BioProtoc.3185... OK (1260 KB) [pmc_pow]
  [5505/5960] PMC7854111 PMID:33654802 doi:10.21769/BioProtoc.3288... OK (1710 KB) [pmc_pow]
  [5506/5960] PMC7854219 PMID:33654798 doi:10.21769/BioProtoc.3283... OK (6005 KB) [pmc_pow]
  [5507/5960] PMC7854249 PMID:33654859 doi:10.21769/BioProtoc.3361... OK (780 KB) [pmc_pow]
  [5508/5960] PMC7863136 PMID:33159889 doi:10.1016/j.ajpath.2020.10.007... OK (1817 KB) [pmc_pow]
  [5509/5960] PMC7864240 PMID:32799658 doi:10.1152/ajpendo.00045.2020... FAIL [all_failed]
  [5510/5960] PMC7865065 PMID:33604231 doi:10.1007/s13205-021-02654-6... OK (1646 KB) [pmc_pow]
  [5511/5960] PMC7868847 PMID:33594316 no DOI... FAIL [all_failed]
  [5512/5960] PMC7884645 PMID:33314068 doi:10.1111/imm.13291... OK (1141 KB) [pmc_pow]
  [5513/5960] PMC7885191 PMID:33613973 doi:10.1093/toxres/tfaa086... OK (1286 KB) [pmc_pow]
  [5514/5960] PMC7888576 PMID:33433908 doi:10.1002/pro.4024... OK (3921 KB) [pmc_pow]
  [5515/5960] PMC7898955 PMID:32384150 doi:10.1093/cvr/cvaa133... OK (1353 KB) [pmc_pow]
  [5516/5960] PMC7898957 PMID:32365198 doi:10.1093/cvr/cvaa125... OK (868 KB) [pmc_pow]
  [5517/5960] PMC7904292 PMID:32638023 doi:10.1093/infdis/jiaa410... OK (920 KB) [pmc_pow]
  [5518/5960] PMC7910391 PMID:33398514 doi:10.1007/s10815-020-02050-8... OK (356 KB) [pmc_pow]
  [5519/5960] PMC7917554 PMID:33439509 doi:10.15252/embj.2020106700... OK (756 KB) [crossref]
  [5520/5960] PMC7919728 PMID:33465052 doi:10.1172/JCI140695... OK (13599 KB) [pmc_pow]
  [5521/5960] PMC7919729 PMID:33444290 doi:10.1172/JCI141380... OK (2790 KB) [pmc_pow]
  [5522/5960] PMC7921136 PMID:32555441 doi:10.1038/s41401-020-0449-8... OK (4595 KB) [pmc_pow]
  [5523/5960] PMC7921416 PMID:32451414 doi:10.1038/s41401-020-0404-8... OK (3820 KB) [pmc_pow]
  [5524/5960] PMC7929926 PMID:33526710 doi:10.1242/jcs.257162... FAIL [all_failed]
  [5525/5960] PMC7934147 PMID:33215523 doi:10.1177/1535370220975106... OK (1093 KB) [pmc_pow]
  [5526/5960] PMC7934633 PMID:33279720 doi:10.1016/j.ymthe.2020.11.031... OK (3425 KB) [pmc_pow]
  [5527/5960] PMC7937690 PMID:33116295 doi:10.1038/s41418-020-00640-8... OK (8286 KB) [pmc_pow]
  [5528/5960] PMC7938772 PMID:33325808 doi:10.1152/ajpgi.00315.2020... FAIL [all_failed]
  [5529/5960] PMC7938802 PMID:33589497 doi:10.1242/jcs.253757... FAIL [all_failed]
  [5530/5960] PMC7947756 PMID:33155651 doi:10.1210/clinem/dgaa728... FAIL [all_failed]
  [5531/5960] PMC7952926 PMID:33732769 doi:10.21769/BioProtoc.3881... OK (2507 KB) [pmc_pow]
  [5532/5960] PMC7954605 PMID:33555272 doi:10.1172/JCI141566... OK (9732 KB) [pmc_pow]
  [5533/5960] PMC7967702 PMID:30994173 doi:10.1093/carcin/bgz069... OK (39311 KB) [pmc_pow]
  [5534/5960] PMC7967792 PMID:30865267 doi:10.1093/humrep/dez011... OK (960 KB) [pmc_pow]
  [5535/5960] PMC7967859 PMID:33747158 doi:10.3892/etm.2021.9861... OK (1064 KB) [pmc_pow]
  [5536/5960] PMC7980377 PMID:33692127 doi:10.1073/pnas.2025022118... OK (2709 KB) [pmc_pow]
  [5537/5960] PMC7980432 PMID:33836591 doi:10.1073/pnas.2021073118... OK (2301 KB) [pmc_pow]
  [5538/5960] PMC7983506 PMID:32501157 doi:10.1177/0271678X20928149... OK (662 KB) [pmc_pow]
  [5539/5960] PMC7988808 PMID:33491566 doi:10.1152/ajprenal.00501.2020... FAIL [all_failed]
  [5540/5960] PMC7993096 PMID:33710339 doi:10.1182/bloodadvances.2020003658... OK (1740 KB) [pmc_pow]
  [5541/5960] PMC7993111 PMID:33720340 doi:10.1182/bloodadvances.2020002847... OK (2170 KB) [pmc_pow]
  [5542/5960] PMC7994434 PMID:33059459 doi:10.1089/aid.2020.0176... FAIL [all_failed]
  [5543/5960] PMC8008100 PMID:33796613 doi:10.21769/BioProtoc.3939... OK (2317 KB) [pmc_pow]
  [5544/5960] PMC8011900 PMID:33561013 doi:10.1172/JCI137866... OK (6127 KB) [pmc_pow]
  [5545/5960] PMC8014678 PMID:33666950 doi:10.1111/boc.202000158... FAIL [all_failed]
  [5546/5960] PMC8023541 PMID:32810865 doi:10.1093/jn/nxaa222... OK (4209 KB) [pmc_pow]
  [5547/5960] PMC8024370 PMID:32787458 doi:10.1089/hum.2020.004... OK (1641 KB) [pmc_pow]
  [5548/5960] PMC8025004 PMID:33655635 doi:10.15252/embr.202051606... OK (2516 KB) [pmc_pow]
  [5549/5960] PMC8027037 PMID:32901109 doi:10.1038/s41422-020-00400-w... OK (1402 KB) [pmc_pow]
  [5550/5960] PMC8027461 PMID:32980864 doi:10.1038/s41437-020-00368-8... OK (1071 KB) [pmc_pow]
  [5551/5960] PMC8027887 PMID:33110216 doi:10.1038/s41418-020-00641-7... OK (8397 KB) [pmc_pow]
  [5552/5960] PMC8028334 PMID:30403311 doi:10.1111/bpa.12670... OK (1324 KB) [pmc_pow]
  [5553/5960] PMC8029402 PMID:26667592 doi:10.1111/bpa.12344... FAIL [all_failed]
  [5554/5960] PMC8032501 PMID:33855116 doi:10.21769/BioProtoc.3954... OK (1707 KB) [pmc_pow]
  [5555/5960] PMC8040860 PMID:33641228 doi:10.1002/pro.4053... OK (2595 KB) [pmc_pow]
  [5556/5960] PMC8041338 PMID:33336683 doi:10.1093/neuonc/noaa283... OK (4736 KB) [pmc_pow]
  [5557/5960] PMC8041462 PMID:33501994 doi:10.1093/toxsci/kfab012... OK (1181 KB) [pmc_pow]
  [5558/5960] PMC8054017 PMID:33833060 doi:10.1073/pnas.2025847118... OK (1594 KB) [pmc_pow]
  [5559/5960] PMC8054202 PMID:33889674 doi:10.21769/BioProtoc.3980... OK (2793 KB) [pmc_pow]
  [5560/5960] PMC8055072 PMID:33563726 doi:10.1523/JNEUROSCI.1478-20.2021... OK (5272 KB) [pmc_pow]
  [5561/5960] PMC8057644 PMID:22188425 doi:10.1111/j.1750-3639.2011.00560.x... OK (3254 KB) [pmc_pow]
  [5562/5960] PMC8064001 PMID:8659343 doi:10.1186/BF03548116... OK (1801 KB) [pmc_pow]
  [5563/5960] PMC8075847 PMID:33971585 doi:10.1016/j.jaut.2021.102644... OK (13357 KB) [pmc_pow]
  [5564/5960] PMC8076386 PMID:33967311 doi:10.1007/s13197-020-04723-9... OK (9106 KB) [pmc_pow]
  [5565/5960] PMC8077008 PMID:34012878 doi:10.18240/ijo.2021.05.03... OK (2839 KB) [pmc_pow]
  [5566/5960] PMC8078696 PMID:33734020 doi:10.1080/15384101.2021.1889186... OK (7582 KB) [pmc_pow]
  [5567/5960] PMC8078708 PMID:32186434 doi:10.1080/15548627.2020.1739447... OK (3426 KB) [pmc_pow]
  [5568/5960] PMC8078748 PMID:33779488 doi:10.1080/15548627.2021.1907513... OK (413 KB) [pmc_pow]
  [5569/5960] PMC8083967 PMID:33554756 doi:10.1152/physiolgenomics.00155.2020... FAIL [all_failed]
  [5570/5960] PMC8086037 PMID:33625952 doi:10.1165/rcmb.2020-0312OC... OK (1862 KB) [pmc_pow_generic]
  [5571/5960] PMC8086980 PMID:33726563 doi:10.1098/rsbl.2020.0760... OK (522 KB) [pmc_pow]
  [5572/5960] PMC8091039 PMID:33517446 doi:10.1093/hmg/ddab022... OK (2094 KB) [pmc_pow]
  [5573/5960] PMC8094935 PMID:33361425 doi:10.1128/JVI.01538-20... OK (2657 KB) [pmc_pow]
  [5574/5960] PMC8095145 PMID:33877295 doi:10.1182/bloodadvances.2020002666... OK (2184 KB) [pmc_pow]
  [5575/5960] PMC8095889 PMID:16196389 doi:10.1111/j.1750-3639.2005.tb00525.x... OK (445 KB) [pmc_pow]
  [5576/5960] PMC8096004 PMID:14655759 doi:10.1111/j.1750-3639.2003.tb00484.x... FAIL [all_failed]
  [5577/5960] PMC8097382 PMID:33822458 doi:10.15252/embr.202051532... OK (2025 KB) [pmc_pow]
  [5578/5960] PMC8098111 PMID:33600551 doi:10.1093/hmg/ddab043... OK (1740 KB) [pmc_pow]
  [5579/5960] PMC8098214 PMID:9989454 doi:10.1111/j.1750-3639.1999.tb00213.x... OK (344 KB) [pmc_pow]
  [5580/5960] PMC8098266 PMID:9989458 doi:10.1111/j.1750-3639.1999.tb00217.x... OK (247 KB) [pmc_pow]
  [5581/5960] PMC8098507 PMID:10885662 doi:10.1111/j.1750-3639.2000.tb00275.x... OK (117 KB) [pmc_pow]
  [5582/5960] PMC8104999 PMID:33361371 doi:10.1128/AEM.02261-20... OK (1297 KB) [pmc_pow]
  [5583/5960] PMC8110641 PMID:32789662 doi:10.1007/s11357-020-00250-9... OK (2242 KB) [pmc_pow]
  [5584/5960] PMC8115075 PMID:32770172 doi:10.1038/s41401-020-0493-4... FAIL [all_failed]
  [5585/5960] PMC8115170 PMID:32704040 doi:10.1038/s41401-020-0445-z... OK (3529 KB) [pmc_pow]
  [5586/5960] PMC8115265 PMID:32796956 doi:10.1038/s41401-020-0491-6... OK (3945 KB) [pmc_pow]
  [5587/5960] PMC8115282 PMID:32860006 doi:10.1038/s41401-020-0487-2... OK (8730 KB) [pmc_pow]
  [5588/5960] PMC8128379 PMID:33734376 doi:10.1093/genetics/iyab048... OK (946 KB) [pmc_pow]
  [5589/5960] PMC8139658 PMID:33692207 doi:10.1128/JVI.00217-21... OK (5288 KB) [pmc_pow]
  [5590/5960] PMC8142111 PMID:33535809 doi:10.1177/1535370220985468... OK (793 KB) [openalex]
  [5591/5960] PMC8161643 PMID:32959876 doi:10.1093/infdis/jiaa596... OK (1987 KB) [pmc_pow]
  [5592/5960] PMC8163570 PMID:33439775 doi:10.1152/ajpcell.00460.2020... FAIL [all_failed]
  [5593/5960] PMC8166345 PMID:33453104 doi:10.1093/mutage/geab003... OK (389 KB) [pmc_pow]
  [5594/5960] PMC8167679 PMID:34094660 no DOI... OK (646 KB) [pmc_pow]
  [5595/5960] PMC8172154 PMID:33966606 doi:10.1080/15384101.2021.1911914... OK (3523 KB) [pmc_pow]
  [5596/5960] PMC8174821 PMID:33565357 doi:10.1152/ajplung.00578.2020... FAIL [all_failed]
  [5597/5960] PMC8190323 PMID:33740224 doi:10.1007/s11357-021-00351-z... OK (948 KB) [pmc_pow]
  [5598/5960] PMC8195306 PMID:34149852 doi:10.22099/ijvr.2020.38050.5539... OK (844 KB) [pmc_pow]
  [5599/5960] PMC8200338 PMID:34194913 doi:10.1007/s13205-021-02889-3... OK (1445 KB) [pmc_pow]
  [5600/5960] PMC8201894 PMID:34078669 doi:10.1073/pnas.2025718118... OK (1682 KB) [pmc_pow]
  [5601/5960] PMC8203463 PMID:33945503 doi:10.1172/JCI143078... OK (8518 KB) [pmc_pow]
  [5602/5960] PMC8205016 PMID:32401605 doi:10.1080/15548627.2020.1758416... OK (9321 KB) [pmc_pow]
  [5603/5960] PMC8208114 PMID:33978554 doi:10.1080/15384101.2021.1919839... OK (515 KB) [pmc_pow]
  [5604/5960] PMC8214635 PMID:34178170 doi:10.1007/s12551-021-00808-7... OK (375 KB) [pmc_pow]
  [5605/5960] PMC8214864 PMID:34159317 doi:10.1093/braincomms/fcab021... OK (2071 KB) [pmc_pow]
  [5606/5960] PMC8214965 PMID:34134960 doi:10.12122/j.issn.1673-4254.2021.05.13... OK (1893 KB) [pmc_pow]
  [5607/5960] PMC8219359 PMID:33970200 doi:10.1093/brain/awab041... OK (1219 KB) [pmc_pow]
  [5608/5960] PMC8223945 PMID:33952640 doi:10.1128/JVI.02030-20... OK (1385 KB) [pmc_pow]
  [5609/5960] PMC8227825 PMID:20960177 doi:10.1007/s12250-010-3148-7... OK (367 KB) [pmc_pow]
  [5610/5960] PMC8238132 PMID:33554779 doi:10.1152/ajpendo.00275.2020... FAIL [all_failed]
  [5611/5960] PMC8238141 PMID:33112656 doi:10.1152/ajpregu.00207.2020... FAIL [all_failed]
  [5612/5960] PMC8238457 PMID:34189465 doi:10.34067/KID.0002352020... OK (1148 KB) [pmc_pow]
  [5613/5960] PMC8240041 PMID:33994369 doi:10.21873/cgp.20273... OK (11326 KB) [pmc_pow]
  [5614/5960] PMC8240042 PMID:33994363 doi:10.21873/cgp.20267... OK (11801 KB) [pmc_pow]
  [5615/5960] PMC8245604 PMID:34295386 doi:10.1007/s41649-021-00176-0... OK (739 KB) [pmc_pow]
  [5616/5960] PMC8259684 PMID:33722931 doi:10.1681/ASN.2020071076... OK (1604 KB) [pmc_pow]
  [5617/5960] PMC8260258 PMID:34263000 doi:10.21769/BioProtoc.4057... OK (1688 KB) [pmc_pow]
  [5618/5960] PMC8260355 PMID:33296287 doi:10.1152/ajpcell.00502.2020... FAIL [all_failed]
  [5619/5960] PMC8260366 PMID:33252251 doi:10.1152/ajpendo.00131.2020... FAIL [all_failed]
  [5620/5960] PMC8262387 PMID:33066717 doi:10.1089/ars.2020.8122... OK (1021 KB) [pmc_pow]
  [5621/5960] PMC8263512 PMID:34110423 doi:10.1007/s00018-021-03869-9... OK (2304 KB) [pmc_pow]
  [5622/5960] PMC8263689 PMID:34249434 no DOI... OK (2710 KB) [pmc_pow]
  [5623/5960] PMC8266916 PMID:33931821 doi:10.1007/s10815-021-02207-z... OK (123 KB) [pmc_pow]
  [5624/5960] PMC8267979 PMID:34238736 doi:10.12122/j.issn.1673-4254.2021.06.06... OK (2117 KB) [pmc_pow]
  [5625/5960] PMC8267986 PMID:34238751 doi:10.12122/j.issn.1673-4254.2021.06.21... OK (2852 KB) [pmc_pow]
  [5626/5960] PMC8275320 PMID:34285964 doi:10.21769/BioProtoc.2455... OK (5224 KB) [pmc_pow]
  [5627/5960] PMC8286887 PMID:34321828 doi:10.21147/j.issn.1000-9604.2021.03.03... OK (15202 KB) [pmc_pow]
  [5628/5960] PMC8310883 PMID:34336131 no DOI... FAIL [all_failed]
  [5629/5960] PMC8312696 PMID:34316721 doi:10.34067/KID.0005962020... OK (925 KB) [pmc_pow]
  [5630/5960] PMC8319262 PMID:34349354 doi:10.1007/s10616-021-00486-z... OK (10816 KB) [pmc_pow]
  [5631/5960] PMC8321573 PMID:34128834 doi:10.1172/JCI146870... OK (30563 KB) [pmc_pow]
  [5632/5960] PMC8321790 PMID:33881934 doi:10.1152/ajpcell.00105.2021... FAIL [all_failed]
  [5633/5960] PMC8322802 PMID:34038740 doi:10.1016/j.ajhg.2021.05.003... OK (4482 KB) [pmc_pow]
  [5634/5960] PMC8326582 PMID:33564870 doi:10.1093/cid/ciab107... OK (6256 KB) [pmc_pow]
  [5635/5960] PMC8329176 PMID:33723373 doi:10.1038/s41418-021-00760-9... OK (5328 KB) [pmc_pow]
  [5636/5960] PMC8329179 PMID:33723372 doi:10.1038/s41418-021-00766-3... OK (3992 KB) [pmc_pow]
  [5637/5960] PMC8342301 PMID:34414076 doi:10.18240/ijo.2021.08.02... OK (5611 KB) [pmc_pow]
  [5638/5960] PMC8354818 PMID:33325804 doi:10.1152/ajplung.00444.2019... FAIL [all_failed]
  [5639/5960] PMC8364163 PMID:34344827 doi:10.1073/pnas.2101675118... OK (3597 KB) [pmc_pow]
  [5640/5960] PMC8370247 PMID:34152821 doi:10.1128/AAC.00662-21... OK (1523 KB) [pmc_pow]
  [5641/5960] PMC8370333 PMID:34476356 doi:10.1089/bioe.2020.0006... OK (1246 KB) [pmc_pow]
  [5642/5960] PMC8376244 PMID:34228550 doi:10.1128/AAC.00835-21... OK (3810 KB) [pmc_pow]
  [5643/5960] PMC8379536 PMID:33442739 doi:10.1093/schbul/sbaa195... OK (4831 KB) [pmc_pow]
  [5644/5960] PMC8379939 PMID:34385330 doi:10.1073/pnas.2108963118... OK (1865 KB) [pmc_pow]
  [5645/5960] PMC8380456 PMID:34322714 doi:10.1242/dev.187609... FAIL [all_failed]
  [5646/5960] PMC8387865 PMID:34466152 doi:10.3892/ol.2021.13001... OK (2132 KB) [pmc_pow]
  [5647/5960] PMC8402933 PMID:34370853 doi:10.1210/endocr/bqab160... FAIL [all_failed]
  [5648/5960] PMC8403922 PMID:34413194 doi:10.1073/pnas.2106504118... OK (2642 KB) [pmc_pow]
  [5649/5960] PMC8404698 PMID:34378955 doi:10.1128/CMR.00024-19... OK (1768 KB) [pmc_pow]
  [5650/5960] PMC8409104 PMID:34156298 doi:10.1148/radiol.2021204500... OK (957 KB) [pmc_pow]
  [5651/5960] PMC8409593 PMID:34292882 doi:10.1172/JCI140615... OK (10309 KB) [pmc_pow]
  [5652/5960] PMC84186 PMID:9854076 doi:10.1128/jcm.37.1.127-131.1999... OK (136 KB) [pmc_pow]
  [5653/5960] PMC8423985 PMID:33797036 doi:10.1007/s13311-021-01022-9... OK (8643 KB) [pmc_pow]
  [5654/5960] PMC84244 PMID:10207110 doi:10.1128/mcb.19.5.3869... FAIL [all_failed]
  [5655/5960] PMC8424554 PMID:33719570 doi:10.1152/ajprenal.00628.2020... FAIL [all_failed]
  [5656/5960] PMC8424674 PMID:34106785 doi:10.1152/ajpcell.00466.2020... FAIL [all_failed]
  [5657/5960] PMC8433522 PMID:34465617 doi:10.1073/pnas.2022974118... OK (862 KB) [pmc_pow]
  [5658/5960] PMC8440721 PMID:34251653 doi:10.1007/s13770-021-00363-y... OK (2649 KB) [pmc_pow]
  [5659/5960] PMC8441765 PMID:34479917 doi:10.21873/cgp.20287... OK (12311 KB) [pmc_pow]
  [5660/5960] PMC8443461 PMID:34604445 doi:10.21769/BioProtoc.4139... OK (5511 KB) [pmc_pow]
  [5661/5960] PMC8449403 PMID:34507993 doi:10.1073/pnas.2103444118... OK (1510 KB) [pmc_pow]
  [5662/5960] PMC8453408 PMID:33289786 doi:10.1093/humrep/deaa308... OK (723 KB) [pmc_pow]
  [5663/5960] PMC8453811 PMID:33146391 doi:10.1093/toxsci/kfaa164... OK (1220 KB) [pmc_pow]
  [5664/5960] PMC8475545 PMID:34379499 doi:10.1128/JVI.00231-21... OK (2448 KB) [pmc_pow]
  [5665/5960] PMC8479802 PMID:33523181 doi:10.1093/cvr/cvab034... OK (1955 KB) [pmc_pow]
  [5666/5960] PMC8481335 PMID:34465893 doi:10.1038/s41418-021-00859-z... OK (3037 KB) [pmc_pow]
  [5667/5960] PMC8485216 PMID:33432356 doi:10.1093/hmg/ddaa282... OK (1248 KB) [pmc_pow]
  [5668/5960] PMC8488568 PMID:34423452 doi:10.15252/embj.2021107988... OK (2864 KB) [pmc_pow]
  [5669/5960] PMC8490991 PMID:34351705 doi:10.15252/embr.202051991... OK (5977 KB) [pmc_pow]
  [5670/5960] PMC8496541 PMID:33190588 doi:10.1080/15548627.2020.1834711... OK (19418 KB) [pmc_pow]
  [5671/5960] PMC84974 PMID:10567579 doi:10.1128/mcb.19.12.8547... OK (2955 KB) [pmc_pow]
  [5672/5960] PMC8500104 PMID:34609482 doi:10.1093/cvr/cvab311... OK (1665 KB) [pmc_pow]
  [5673/5960] PMC85138 PMID:10611237 doi:10.1128/mcb.20.2.583-593.2000... OK (1528 KB) [pmc_pow]
  [5674/5960] PMC8516455 PMID:34464351 doi:10.1172/JCI148329... OK (6668 KB) [openalex]
  [5675/5960] PMC8524771 PMID:34649481 doi:10.1177/15353702211032549... OK (824 KB) [pmc_pow]
  [5676/5960] PMC8525334 PMID:33876224 doi:10.1182/blood.2020008955... FAIL [all_failed]
  [5677/5960] PMC8525871 PMID:34588222 doi:10.4049/jimmunol.2001188... OK (3340 KB) [pmc_pow]
  [5678/5960] PMC8526010 PMID:33213267 doi:10.1080/15548627.2020.1850609... OK (20512 KB) [pmc_pow]
  [5679/5960] PMC8526037 PMID:33404293 doi:10.1080/15548627.2020.1871204... OK (5794 KB) [pmc_pow]
  [5680/5960] PMC8526740 PMID:34079093 doi:10.1038/s41433-021-01602-1... OK (2175 KB) [pmc_pow]
  [5681/5960] PMC8536338 PMID:34446566 doi:10.1073/pnas.2111257118... OK (3014 KB) [pmc_pow]
  [5682/5960] PMC8536367 PMID:34433664 doi:10.1073/pnas.2023909118... OK (2201 KB) [pmc_pow]
  [5683/5960] PMC8545495 PMID:34654744 doi:10.1073/pnas.2103803118... OK (1390 KB) [pmc_pow]
  [5684/5960] PMC8548000 PMID:34745743 doi:10.1364/BOE.432561... OK (3486 KB) [pmc_pow]
  [5685/5960] PMC85510 PMID:10733589 doi:10.1128/mcb.20.8.2865-2873.2000... OK (2225 KB) [pmc_pow]
  [5686/5960] PMC8553561 PMID:34618683 doi:10.1172/JCI148798... OK (11049 KB) [pmc_pow]
  [5687/5960] PMC8557656 PMID:34733482 doi:10.1093/toxres/tfab082... OK (1026 KB) [pmc_pow]
  [5688/5960] PMC8557681 PMID:34733488 doi:10.1093/toxres/tfab081... OK (1530 KB) [pmc_pow]
  [5689/5960] PMC8558076 PMID:34232786 doi:10.1089/ars.2021.0102... OK (788 KB) [pmc_pow]
  [5690/5960] PMC8560386 PMID:34469204 doi:10.1152/ajpcell.00231.2021... FAIL [all_failed]
  [5691/5960] PMC8564510 PMID:33608672 doi:10.1038/s41401-021-00612-9... OK (3941 KB) [pmc_pow]
  [5692/5960] PMC8581107 PMID:34331619 doi:10.1007/s10815-021-02282-2... OK (4865 KB) [pmc_pow]
  [5693/5960] PMC8583002 PMID:33499731 doi:10.1080/15476286.2021.1881291... OK (2391 KB) [pmc_pow]
  [5694/5960] PMC8583053 PMID:33472542 doi:10.1080/15476286.2021.1875647... OK (621 KB) [pmc_pow]
  [5695/5960] PMC8592551 PMID:34779410 doi:10.1172/JCI144871... OK (19874 KB) [pmc_pow]
  [5696/5960] PMC85938 PMID:10848612 doi:10.1128/mcb.20.13.4870-4878.2000... OK (3022 KB) [pmc_pow]
  [5697/5960] PMC8598381 PMID:34606590 doi:10.1093/carcin/bgab089... OK (10854 KB) [pmc_pow]
  [5698/5960] PMC8599307 PMID:32840568 doi:10.1093/bioinformatics/btaa751... OK (587 KB) [pmc_pow]
  [5699/5960] PMC8599782 PMID:33677604 doi:10.1093/toxsci/kfab022... OK (340 KB) [pmc_pow]
  [5700/5960] PMC8603231 PMID:34792559 doi:10.1001/jamaophthalmol.2021.4576... FAIL [all_failed]
  [5701/5960] PMC86037 PMID:10891503 doi:10.1128/mcb.20.15.5665-5679.2000... OK (3198 KB) [pmc_pow]
  [5702/5960] PMC8616628 PMID:34585616 doi:10.1152/ajpregu.00197.2021... FAIL [all_failed]
  [5703/5960] PMC8617124 PMID:34900299 doi:10.1007/s40201-021-00724-8... OK (1551 KB) [pmc_pow]
  [5704/5960] PMC8617522 PMID:34782454 doi:10.1073/pnas.2107682118... OK (2781 KB) [pmc_pow]
  [5705/5960] PMC86192 PMID:10958671 doi:10.1128/mcb.20.18.6731-6740.2000... OK (1573 KB) [pmc_pow]
  [5706/5960] PMC86274 PMID:10982837 doi:10.1128/mcb.20.19.7205-7213.2000... OK (1597 KB) [pmc_pow]
  [5707/5960] PMC8632120 PMID:34313542 doi:10.1080/15476286.2021.1925460... OK (1993 KB) [pmc_pow]
  [5708/5960] PMC8632311 PMID:33629929 doi:10.1080/15548627.2021.1885203... OK (15509 KB) [pmc_pow]
  [5709/5960] PMC8632332 PMID:33435798 doi:10.1080/15548627.2021.1875597... OK (9629 KB) [pmc_pow]
  [5710/5960] PMC8632345 PMID:33455530 doi:10.1080/15548627.2021.1872227... OK (15321 KB) [pmc_pow]
  [5711/5960] PMC8632980 PMID:33664417 doi:10.1038/s41401-021-00623-6... OK (6908 KB) [pmc_pow]
  [5712/5960] PMC8634484 PMID:34229350 doi:10.1093/advances/nmab073... OK (1201 KB) [pmc_pow]
  [5713/5960] PMC86367 PMID:11003673 doi:10.1128/mcb.20.20.7784-7797.2000... OK (7482 KB) [pmc_pow]
  [5714/5960] PMC8640798 PMID:34873466 no DOI... OK (1478 KB) [pmc_pow]
  [5715/5960] PMC86483 PMID:10747139 doi:10.1128/jcm.38.4.1536-1538.2000... OK (242 KB) [pmc_pow]
  [5716/5960] PMC8651639 PMID:34689171 doi:10.1038/s41416-021-01582-9... OK (3146 KB) [pmc_pow]
  [5717/5960] PMC8661016 PMID:34785214 doi:10.1016/j.jbc.2021.101410... FAIL [all_failed]
  [5718/5960] PMC8661231 PMID:34956468 no DOI... OK (2796 KB) [pmc_pow]
  [5719/5960] PMC8661700 PMID:34891098 doi:10.1016/j.redox.2021.102205... OK (6815 KB) [pmc_pow]
  [5720/5960] PMC8675068 PMID:34117854 doi:10.3724/zdxbyxb-2021-0044... OK (3158 KB) [pmc_pow]
  [5721/5960] PMC8676371 PMID:32691743 doi:10.1049/iet-nbt.2020.0039... OK (2107 KB) [pmc_pow]
  [5722/5960] PMC8676569 PMID:32338632 doi:10.1049/iet-nbt.2019.0335... OK (1556 KB) [pmc_pow]
  [5723/5960] PMC8685347 PMID:35003344 doi:10.6620/ZS.2021.60-50... OK (8138 KB) [pmc_pow]
  [5724/5960] PMC86931 PMID:11287608 doi:10.1128/MCB.21.9.3025-3036.2001... OK (418 KB) [pmc_pow]
  [5725/5960] PMC86999 PMID:11340162 doi:10.1128/MCB.21.11.3684-3691.2001... OK (279 KB) [pmc_pow]
  [5726/5960] PMC87014 PMID:11340167 doi:10.1128/MCB.21.11.3738-3749.2001... OK (785 KB) [pmc_pow]
  [5727/5960] PMC87092 PMID:11390660 doi:10.1128/MCB.21.13.4321-4329.2001... OK (207 KB) [pmc_pow]
  [5728/5960] PMC8715183 PMID:34800363 doi:10.1016/j.ajhg.2021.11.003... OK (4295 KB) [pmc_pow]
  [5729/5960] PMC8718257 PMID:34111984 doi:10.1177/15353702211022674... OK (2256 KB) [pmc_pow]
  [5730/5960] PMC8724275 PMID:34433903 doi:10.1038/s41401-021-00752-y... FAIL [all_failed]
  [5731/5960] PMC8724339 PMID:35059022 doi:10.1007/s12551-021-00899-2... OK (1524 KB) [pmc_pow]
  [5732/5960] PMC8730313 PMID:34755183 doi:10.1093/humrep/deab231... OK (755 KB) [pmc_pow]
  [5733/5960] PMC8730496 PMID:34139755 doi:10.1093/infdis/jiab321... OK (6311 KB) [pmc_pow]
  [5734/5960] PMC8733440 PMID:34718550 doi:10.1093/genetics/iyab183... OK (1434 KB) [pmc_pow]
  [5735/5960] PMC8737104 PMID:35035038 doi:10.1016/j.mjafi.2021.04.002... OK (553 KB) [pmc_pow]
  [5736/5960] PMC8751285 PMID:35015742 doi:10.1097/QAI.0000000000002860... OK (157 KB) [pmc_pow]
  [5737/5960] PMC8755484 PMID:34415331 doi:10.1093/jnci/djab158... OK (2028 KB) [pmc_pow]
  [5738/5960] PMC8759809 PMID:33350444 doi:10.1093/schbul/sbaa179... OK (162 KB) [pmc_pow]
  [5739/5960] PMC87628 PMID:11101587 doi:10.1128/jcm.38.12.4503-4510.2000... OK (194 KB) [pmc_pow]
  [5740/5960] PMC8764202 PMID:34932939 doi:10.1016/j.ajhg.2021.11.022... OK (3788 KB) [pmc_pow]
  [5741/5960] PMC8765277 PMID:34694883 doi:10.1128/AAC.01617-21... OK (2683 KB) [pmc_pow]
  [5742/5960] PMC8782668 PMID:34569273 doi:10.1152/ajpendo.00094.2021... FAIL [all_failed]
  [5743/5960] PMC8785762 PMID:33567990 doi:10.1089/aid.2020.0250... OK (596 KB) [pmc_pow]
  [5744/5960] PMC8791787 PMID:34569271 doi:10.1152/ajpendo.00165.2021... FAIL [all_failed]
  [5745/5960] PMC8791841 PMID:34941442 doi:10.1152/japplphysiol.00746.2021... FAIL [all_failed]
  [5746/5960] PMC8792041 PMID:33824458 doi:10.1038/s41401-021-00642-3... OK (3747 KB) [pmc_pow]
  [5747/5960] PMC8796651 PMID:34525179 doi:10.1182/blood.2021013201... FAIL [all_failed]
  [5748/5960] PMC8796652 PMID:35084470 doi:10.1182/blood.2021011597... FAIL [all_failed]
  [5749/5960] PMC8804821 PMID:34151604 doi:10.1177/19476035211023555... OK (1730 KB) [pmc_pow]
  [5750/5960] PMC8804900 PMID:34260721 doi:10.1093/neuonc/noab175... OK (15264 KB) [pmc_pow]
  [5751/5960] PMC88100 PMID:11376046 doi:10.1128/JCM.39.6.2126-2133.2001... OK (108 KB) [pmc_pow]
  [5752/5960] PMC8814677 PMID:34115842 doi:10.1182/blood.2021010762... FAIL [all_failed]
  [5753/5960] PMC8815749 PMID:35372951 doi:10.34067/KID.0002012020... OK (1070 KB) [pmc_pow]
  [5754/5960] PMC8816638 PMID:34698550 doi:10.1152/physrev.00041.2020... FAIL [all_failed]
  [5755/5960] PMC8819995 PMID:34607911 doi:10.1681/ASN.2021050596... OK (2296 KB) [pmc_pow]
  [5756/5960] PMC8821931 PMID:34478872 doi:10.1016/j.ymthe.2021.08.032... OK (2945 KB) [pmc_pow]
  [5757/5960] PMC8826878 PMID:35086144 doi:10.1210/endocr/bqac007... FAIL [all_failed]
  [5758/5960] PMC8837235 PMID:34878966 doi:10.1080/15384101.2021.1995684... OK (2588 KB) [pmc_pow]
  [5759/5960] PMC88458 PMID:11682501 doi:10.1128/JCM.39.11.3877-3882.2001... OK (73 KB) [pmc_pow]
  [5760/5960] PMC8860387 PMID:34143207 doi:10.1093/genetics/iyab095... OK (1061 KB) [pmc_pow]
  [5761/5960] PMC8863424 PMID:34519342 doi:10.1093/hmg/ddab269... OK (2621 KB) [pmc_pow]
  [5762/5960] PMC8866804 PMID:35250202 doi:10.46582/jsrm.1702009... OK (3467 KB) [pmc_pow]
  [5763/5960] PMC8882786 PMID:35237424 doi:10.1093/toxres/tfac001... OK (1227 KB) [pmc_pow]
  [5764/5960] PMC8884395 PMID:35099255 doi:10.33549/physiolres.934812... OK (882 KB) [pmc_pow]
  [5765/5960] PMC8891419 PMID:34825289 doi:10.1007/s12079-021-00658-8... OK (11329 KB) [pmc_pow]
  [5766/5960] PMC88967 PMID:11148007 doi:10.1128/CMR.14.1.150-164.2001... OK (168 KB) [pmc_pow]
  [5767/5960] PMC8896991 PMID:35089810 doi:10.1152/ajpheart.00628.2021... FAIL [all_failed]
  [5768/5960] PMC8897019 PMID:35068192 doi:10.1152/ajpendo.00333.2021... FAIL [all_failed]
  [5769/5960] PMC8897533 PMID:35273657 doi:10.1007/s13167-022-00274-5... OK (1994 KB) [pmc_pow]
  [5770/5960] PMC8899558 PMID:35340300 doi:10.21769/BioProtoc.4326... OK (906 KB) [pmc_pow]
  [5771/5960] PMC8900003 PMID:35261784 no DOI... OK (1738 KB) [pmc_pow]
  [5772/5960] PMC8901404 PMID:35249882 doi:10.12122/j.issn.1673-4254.2022.01.18... OK (2357 KB) [pmc_pow]
  [5773/5960] PMC8901931 PMID:34556809 doi:10.1038/s41418-021-00873-1... OK (5362 KB) [pmc_pow]
  [5774/5960] PMC8914282 PMID:34737186 doi:10.2337/db21-0659... OK (1095 KB) [pmc_pow]
  [5775/5960] PMC8931928 PMID:35241510 doi:10.21873/invivo.12741... OK (7070 KB) [pmc_pow]
  [5776/5960] PMC89378 PMID:10428900 doi:10.1128/aac.43.8.1835... OK (124 KB) [pmc_pow]
  [5777/5960] PMC8941913 PMID:35045264 doi:10.1128/jvi.01806-21... OK (3672 KB) [pmc_pow]
  [5778/5960] PMC8942210 PMID:35434624 doi:10.1039/d1md00306b... OK (8302 KB) [pmc_pow]
  [5779/5960] PMC8953106 PMID:35342885 doi:10.34067/KID.0001602021... OK (5929 KB) [pmc_pow]
  [5780/5960] PMC8963303 PMID:35135005 doi:10.1093/toxsci/kfac012... OK (1712 KB) [pmc_pow]
  [5781/5960] PMC89637 PMID:10602732 doi:10.1128/aac.44.1.123-130.2000... OK (100 KB) [pmc_pow]
  [5782/5960] PMC8967389 PMID:34937778 doi:10.1212/WNL.0000000000013252... OK (424 KB) [pmc_pow]
  [5783/5960] PMC89682 PMID:10639361 doi:10.1128/aac.44.2.348-354.2000... OK (933 KB) [pmc_pow]
  [5784/5960] PMC8969132 PMID:34949674 doi:10.1124/dmd.121.000805... OK (1098 KB) [pmc_pow]
  [5785/5960] PMC8971008 PMID:34964896 doi:10.1093/jn/nxab445... OK (731 KB) [pmc_pow]
  [5786/5960] PMC89717 PMID:10681309 doi:10.1128/aac.44.3.496-503.2000... OK (1082 KB) [pmc_pow]
  [5787/5960] PMC8972231 PMID:34515312 doi:10.1093/neuonc/noab219... OK (38183 KB) [pmc_pow]
  [5788/5960] PMC8976429 PMID:34750631 doi:10.1093/hmg/ddab303... OK (1211 KB) [pmc_pow]
  [5789/5960] PMC8982120 PMID:34328790 doi:10.1089/ars.2021.0078... OK (2854 KB) [pmc_pow]
  [5790/5960] PMC8991113 PMID:35422917 no DOI... OK (6567 KB) [pmc_pow]
  [5791/5960] PMC8993520 PMID:35238653 doi:10.1152/japplphysiol.00861.2021... FAIL [all_failed]
  [5792/5960] PMC8995215 PMID:35064435 doi:10.1007/s10815-022-02401-7... OK (539 KB) [pmc_pow]
  [5793/5960] PMC8997250 PMID:35419470 doi:10.1080/23723556.2021.2007028... OK (564 KB) [pmc_pow]
  [5794/5960] PMC9002246 PMID:35403384 doi:10.1631/jzus.B2100748... OK (2740 KB) [pmc_pow]
  [5795/5960] PMC90153 PMID:10991862 doi:10.1128/aac.44.10.2794-2801.2000... OK (853 KB) [pmc_pow]
  [5796/5960] PMC9017150 PMID:35426371 doi:10.1172/JCI157560... OK (1948 KB) [openalex]
  [5797/5960] PMC9017341 PMID:35266827 doi:10.1128/aac.02109-21... OK (2078 KB) [pmc_pow]
  [5798/5960] PMC90189 PMID:11083624 doi:10.1128/aac.44.12.3257-3263.2000... OK (302 KB) [pmc_pow]
  [5799/5960] PMC90254 PMID:11120959 doi:10.1128/AAC.45.1.158-165.2001... OK (121 KB) [pmc_pow]
  [5800/5960] PMC90266 PMID:11120971 doi:10.1128/AAC.45.1.229-235.2001... OK (101 KB) [pmc_pow]
  [5801/5960] PMC9034896 PMID:35461487 doi:10.1121/10.0010317... OK (752 KB) [pmc_pow]
  [5802/5960] PMC9044136 PMID:35192691 doi:10.2337/db21-0830... OK (9144 KB) [pmc_pow]
  [5803/5960] PMC9052316 PMID:35510231 doi:10.1093/toxres/tfac017... OK (1544 KB) [pmc_pow]
  [5804/5960] PMC9052324 PMID:35510228 doi:10.1093/toxres/tfac006... OK (1568 KB) [pmc_pow]
  [5805/5960] PMC9054184 PMID:35199537 doi:10.33549/physiolres.934740... OK (1214 KB) [pmc_pow]
  [5806/5960] PMC9054193 PMID:35199552 doi:10.33549/physiolres.934712... OK (960 KB) [pmc_pow]
  [5807/5960] PMC90595 PMID:11408218 doi:10.1128/AAC.45.7.2023-2029.2001... FAIL [all_failed]
  [5808/5960] PMC9063588 PMID:35746943 doi:10.1176/appi.focus.20210025... FAIL [all_failed]
  [5809/5960] PMC9077318 PMID:34678510 doi:10.1016/j.ymthe.2021.10.013... OK (4979 KB) [pmc_pow]
  [5810/5960] PMC9077476 PMID:35085814 doi:10.1016/j.ymthe.2022.01.032... OK (5599 KB) [pmc_pow]
  [5811/5960] PMC9085945 PMID:35558980 doi:10.21037/tp-21-570... OK (2304 KB) [pmc_pow]
  [5812/5960] PMC9088312 PMID:35460571 doi:10.1002/jcp.30755... OK (7981 KB) [pmc_pow]
  [5813/5960] PMC9088359 PMID:35435716 doi:10.1128/aem.00182-22... OK (3351 KB) [pmc_pow]
  [5814/5960] PMC9088601 PMID:35355308 doi:10.1002/JLB.3MA0322-279RRR... OK (688 KB) [pmc_pow]
  [5815/5960] PMC90982 PMID:9872759 doi:10.1128/aem.65.1.53-60.1999... OK (398 KB) [pmc_pow]
  [5816/5960] PMC9118103 PMID:35602653 doi:10.1093/braincomms/fcac102... OK (1564 KB) [pmc_pow]
  [5817/5960] PMC9156967 PMID:35451091 doi:10.15252/embj.2021110324... OK (4933 KB) [pmc_pow]
  [5818/5960] PMC9160019 PMID:34462561 doi:10.1038/s41401-021-00750-0... FAIL [all_failed]
  [5819/5960] PMC9171286 PMID:35292359 doi:10.1016/j.ymthe.2022.03.008... OK (5857 KB) [pmc_pow]
  [5820/5960] PMC9181361 PMID:20141615 doi:10.1111/j.1582-4934.2008.00679.x... OK (1157 KB) [pmc_pow]
  [5821/5960] PMC9183961 PMID:35865117 doi:10.21769/BioProtoc.4425... OK (749 KB) [pmc_pow]
  [5822/5960] PMC9197702 PMID:35701123 doi:10.19723/j.issn.1671-167X.2022.03.011... OK (6643 KB) [pmc_pow]
  [5823/5960] PMC9198229 PMID:35686527 doi:10.1631/jzus.B2100988... OK (4389 KB) [pmc_pow]
  [5824/5960] PMC9199843 PMID:35511861 doi:10.1093/stmcls/sxab008... OK (29052 KB) [pmc_pow]
  [5825/5960] PMC9215193 PMID:34132787 doi:10.1093/cvr/cvab206... OK (19078 KB) [pmc_pow]
  [5826/5960] PMC9225822 PMID:35641126 doi:10.1210/endocr/bqac081... FAIL [all_failed]
  [5827/5960] PMC9245530 PMID:35384929 doi:10.1097/LGT.0000000000000675... OK (458 KB) [pmc_pow]
  [5828/5960] PMC9247136 PMID:35874499 doi:10.1007/s43188-021-00114-0... OK (2384 KB) [pmc_pow]
  [5829/5960] PMC9247849 PMID:35259271 doi:10.1093/ibd/izac037... OK (46816 KB) [pmc_pow]
  [5830/5960] PMC92518 PMID:11713324 doi:10.1093/nar/29.22.4736... OK (273 KB) [pmc_pow]
  [5831/5960] PMC92547 PMID:11713303 doi:10.1093/nar/29.22.4541... OK (525 KB) [pmc_pow]
  [5832/5960] PMC9257353 PMID:35790438 doi:10.12122/j.issn.1673-4254.2022.06.11... OK (1444 KB) [pmc_pow]
  [5833/5960] PMC9262395 PMID:35134179 doi:10.1093/hmg/ddac025... OK (2165 KB) [pmc_pow]
  [5834/5960] PMC9273276 PMID:35635330 doi:10.1152/ajpendo.00074.2022... FAIL [all_failed]
  [5835/5960] PMC9292460 PMID:30807240 doi:10.1096/fj.201801700R... FAIL [all_failed]
  [5836/5960] PMC9296642 PMID:35422078 doi:10.1038/s41416-022-01796-5... OK (4709 KB) [pmc_pow]
  [5837/5960] PMC9298447 PMID:34689707 doi:10.1080/15548627.2021.1990669... OK (1923 KB) [pmc_pow]
  [5838/5960] PMC9309056 PMID:35579952 doi:10.1172/jci.insight.155338... OK (10612 KB) [pmc_pow]
  [5839/5960] PMC93160 PMID:11526036 doi:10.1128/AEM.67.9.4293-4304.2001... OK (2033 KB) [pmc_pow]
  [5840/5960] PMC9327702 PMID:35862705 doi:10.1128/jvi.00126-22... OK (4618 KB) [pmc_pow]
  [5841/5960] PMC9339329 PMID:35666203 doi:10.1093/genetics/iyac090... OK (1555 KB) [pmc_pow]
  [5842/5960] PMC9339335 PMID:35908780 doi:10.1093/jas/skac203... OK (16345 KB) [pmc_pow]
  [5843/5960] PMC9368029 PMID:35876276 doi:10.1210/endocr/bqac118... FAIL [all_failed]
  [5844/5960] PMC9388709 PMID:35992895 doi:10.1007/s13205-022-03261-9... OK (816 KB) [pmc_pow]
  [5845/5960] PMC9396941 PMID:35165721 doi:10.1093/hmg/ddab363... OK (1742 KB) [pmc_pow]
  [5846/5960] PMC9411309 PMID:34811632 doi:10.1007/s12079-021-00657-9... OK (3757 KB) [pmc_pow]
  [5847/5960] PMC94114 PMID:10482535 doi:10.1128/jb.181.18.5871-5875.1999... OK (294 KB) [pmc_pow]
  [5848/5960] PMC9412175 PMID:35866636 doi:10.1093/toxsci/kfac074... OK (1368 KB) [pmc_pow]
  [5849/5960] PMC9420658 PMID:36119774 doi:10.5847/wjem.j.1920-8642.2022.086... OK (272 KB) [pmc_pow]
  [5850/5960] PMC9423849 PMID:34494499 doi:10.1080/15592294.2021.1971372... OK (2896 KB) [pmc_pow]
  [5851/5960] PMC9428567 PMID:36051613 no DOI... OK (2015 KB) [pmc_pow]
  [5852/5960] PMC9434186 PMID:35916724 doi:10.1093/genetics/iyac104... OK (1937 KB) [pmc_pow]
  [5853/5960] PMC9435503 PMID:34994387 doi:10.1093/neuonc/noac003... OK (21607 KB) [pmc_pow]
  [5854/5960] PMC9435508 PMID:35157764 doi:10.1093/neuonc/noac041... FAIL [all_failed]
  [5855/5960] PMC9442012 PMID:36119836 no DOI... OK (4534 KB) [pmc_pow]
  [5856/5960] PMC9448289 PMID:35763400 doi:10.1152/ajplung.00039.2022... FAIL [all_failed]
  [5857/5960] PMC9450983 PMID:34878954 doi:10.1080/15548627.2021.2008752... OK (7982 KB) [pmc_pow]
  [5858/5960] PMC9466640 PMID:36160083 doi:10.29399/npa.28183... OK (907 KB) [pmc_pow]
  [5859/5960] PMC9483609 PMID:36111570 doi:10.1631/jzus.B2200048... OK (3014 KB) [pmc_pow]
  [5860/5960] PMC94952 PMID:11208783 doi:10.1128/JB.183.3.865-872.2001... OK (152 KB) [pmc_pow]
  [5861/5960] PMC9506982 PMID:25335452 doi:10.1017/S0950268814002842... OK (207 KB) [pmc_pow]
  [5862/5960] PMC9514806 PMID:35787188 doi:10.1152/ajplung.00132.2022... FAIL [all_failed]
  [5863/5960] PMC9516223 PMID:36248609 doi:10.21769/BioProtoc.4509... OK (322 KB) [pmc_pow]
  [5864/5960] PMC9518993 PMID:35815665 doi:10.1080/15384101.2022.2092185... OK (3738 KB) [pmc_pow]
  [5865/5960] PMC9531952 PMID:19040571 doi:10.1111/j.1365-2184.2008.00566.x... FAIL [all_failed]
  [5866/5960] PMC9532473 PMID:36277372 doi:10.1007/s43188-022-00150-4... OK (1587 KB) [pmc_pow]
  [5867/5960] PMC9532483 PMID:36277363 doi:10.1007/s43188-022-00136-2... OK (1402 KB) [pmc_pow]
  [5868/5960] PMC9538604 PMID:35980161 doi:10.1002/cbf.3735... OK (2210 KB) [pmc_pow]
  [5869/5960] PMC9542630 PMID:35220905 doi:10.1080/15548627.2022.2037920... OK (4180 KB) [pmc_pow]
  [5870/5960] PMC9542738 PMID:35786295 doi:10.1080/15548627.2022.2094605... OK (583 KB) [pmc_pow]
  [5871/5960] PMC9542960 PMID:35220898 doi:10.1080/15548627.2022.2038501... OK (2214 KB) [pmc_pow]
  [5872/5960] PMC9543161 PMID:35184662 doi:10.1080/15548627.2022.2037852... OK (3788 KB) [pmc_pow]
  [5873/5960] PMC9548009 PMID:36225631 no DOI... OK (1150 KB) [pmc_pow]
  [5874/5960] PMC9556501 PMID:36247259 no DOI... OK (776 KB) [pmc_pow]
  [5875/5960] PMC9578141 PMID:36268119 doi:10.1021/acsptsci.2c00093... OK (3655 KB) [pmc_pow]
  [5876/5960] PMC9585394 PMID:36244059 doi:10.1093/intbio/zyac013... OK (2051 KB) [pmc_pow]
  [5877/5960] PMC9586659 PMID:35792905 doi:10.1080/15384101.2022.2092814... OK (5116 KB) [pmc_pow]
  [5878/5960] PMC9590506 PMID:36939762 doi:10.1007/s43657-022-00060-3... OK (786 KB) [pmc_pow]
  [5879/5960] PMC9614685 PMID:35856882 doi:10.1093/humrep/deac157... OK (3066 KB) [pmc_pow]
  [5880/5960] PMC9616994 PMID:35378718 doi:10.1007/s11357-022-00550-2... OK (5114 KB) [pmc_pow]
  [5881/5960] PMC9617620 PMID:36180228 doi:10.1523/JNEUROSCI.0253-22.2022... OK (7721 KB) [pmc_pow]
  [5882/5960] PMC9622814 PMID:36071219 doi:10.1038/s41423-022-00921-x... OK (7780 KB) [pmc_pow]
  [5883/5960] PMC9623572 PMID:36337251 doi:10.1093/toxres/tfac057... OK (1469 KB) [pmc_pow]
  [5884/5960] PMC9630087 PMID:35713959 doi:10.2337/db22-0260... OK (3506 KB) [pmc_pow]
  [5885/5960] PMC9635534 PMID:36337227 doi:10.1080/01658107.2022.2047207... OK (2097 KB) [pmc_pow]
  [5886/5960] PMC9638873 PMID:36125343 doi:10.15252/embr.202254910... OK (1504 KB) [pmc_pow]
  [5887/5960] PMC9641465 PMID:36398257 no DOI... OK (495 KB) [pmc_pow]
  [5888/5960] PMC9667766 PMID:36439975 doi:10.1039/d2md00220e... OK (4070 KB) [pmc_pow]
  [5889/5960] PMC9669894 PMID:34580742 doi:10.1007/s00018-021-03942-3... OK (9383 KB) [pmc_pow]
  [5890/5960] PMC9678421 PMID:36306211 doi:10.1152/ajpheart.00427.2022... FAIL [all_failed]
  [5891/5960] PMC9689771 PMID:35459416 doi:10.1089/ars.2021.0133... OK (1746 KB) [pmc_pow]
  [5892/5960] PMC9700543 PMID:36444353 doi:10.1007/s12195-022-00738-8... OK (12318 KB) [pmc_pow]
  [5893/5960] PMC9703810 PMID:35849052 doi:10.1093/hmg/ddac149... OK (910 KB) [pmc_pow]
  [5894/5960] PMC9703942 PMID:35796562 doi:10.1093/hmg/ddac151... OK (3505 KB) [pmc_pow]
  [5895/5960] PMC97116 PMID:10603383 doi:10.1128/iai.68.1.165-169.2000... OK (535 KB) [pmc_pow]
  [5896/5960] PMC9712611 PMID:35246665 doi:10.1038/s41431-022-01072-3... OK (2168 KB) [pmc_pow]
  [5897/5960] PMC9741690 PMID:36514484 doi:10.1007/s13205-022-03417-7... OK (3433 KB) [pmc_pow]
  [5898/5960] PMC9742785 PMID:36504052 doi:10.12122/j.issn.1673-4254.2022.11.03... OK (2022 KB) [pmc_pow]
  [5899/5960] PMC9744647 PMID:36269295 doi:10.1152/japplphysiol.00375.2022... FAIL [all_failed]
  [5900/5960] PMC9749958 PMID:36561074 doi:10.1039/d2md00225f... OK (2011 KB) [pmc_pow]
  [5901/5960] PMC9751240 PMID:36531860 doi:10.1007/s12195-022-00741-z... OK (1815 KB) [pmc_pow]
  [5902/5960] PMC9753634 PMID:36374104 doi:10.1128/mcb.00143-22... OK (3120 KB) [pmc_pow]
  [5903/5960] PMC9756079 PMID:35932471 doi:10.1210/endocr/bqac124... FAIL [all_failed]
  [5904/5960] PMC9759326 PMID:35913762 doi:10.1093/hmg/ddac156... OK (1514 KB) [pmc_pow]
  [5905/5960] PMC97595 PMID:11812855 doi:10.1093/nar/29.24.5216... OK (508 KB) [pmc_pow]
  [5906/5960] PMC97606 PMID:11812822 doi:10.1093/nar/29.24.4935... OK (539 KB) [pmc_pow]
  [5907/5960] PMC9761529 PMID:30178368 doi:10.1007/978-3-319-91287-5_54... OK (438 KB) [openalex]
  [5908/5960] PMC9761804 PMID:36533346 doi:10.19723/j.issn.1671-167X.2022.06.014... OK (7969 KB) [pmc_pow]
  [5909/5960] PMC9763963 PMID:36416316 doi:10.7518/hxkq.2022.06.004... OK (6956 KB) [pmc_pow]
  [5910/5960] PMC9765132 PMID:36321838 doi:10.1128/jb.00284-22... OK (2000 KB) [pmc_pow]
  [5911/5960] PMC9765315 PMID:36063899 doi:10.1016/j.ajpath.2022.08.004... OK (2359 KB) [pmc_pow]
  [5912/5960] PMC9768086 PMID:35978067 doi:10.1007/s11357-022-00644-x... OK (7818 KB) [pmc_pow]
  [5913/5960] PMC9769370 PMID:36472439 doi:10.1128/jvi.01622-22... OK (3386 KB) [pmc_pow]
  [5914/5960] PMC9772401 PMID:36445376 doi:10.4049/jimmunol.2101166... OK (3022 KB) [pmc_pow]
  [5915/5960] PMC9802053 PMID:35944223 doi:10.1093/molehr/gaac030... OK (1234 KB) [pmc_pow]
  [5916/5960] PMC9802420 PMID:36069625 doi:10.1093/molehr/gaac033... OK (1521 KB) [pmc_pow]
  [5917/5960] PMC9805487 PMID:36597461 doi:10.1007/s13205-022-03455-1... FAIL [all_failed]
  [5918/5960] PMC9809930 PMID:35470757 doi:10.1080/15548627.2022.2070331... OK (1365 KB) [pmc_pow]
  [5919/5960] PMC9809936 PMID:35659190 doi:10.1080/15548627.2022.2084863... OK (341 KB) [pmc_pow]
  [5920/5960] PMC9809963 PMID:35574946 doi:10.1080/15548627.2022.2077552... OK (148 KB) [pmc_pow]
  [5921/5960] PMC9809967 PMID:35404187 doi:10.1080/15548627.2022.2063005... FAIL [all_failed]
  [5922/5960] PMC9815096 PMID:36601804 doi:10.1107/S2059798322011639... OK (1183 KB) [pmc_pow]
  [5923/5960] PMC98177 PMID:11254605 doi:10.1128/IAI.69.4.2442-2447.2001... OK (1142 KB) [pmc_pow]
  [5924/5960] PMC9817909 PMID:36227725 doi:10.1165/rcmb.2021-0495OC... OK (1102 KB) [pmc_pow]
  [5925/5960] PMC9817916 PMID:36264759 doi:10.1165/rcmb.2022-0111OC... OK (1810 KB) [pmc_pow]
  [5926/5960] PMC98206 PMID:11254634 doi:10.1128/IAI.69.4.2675-2683.2001... FAIL [all_failed]
  [5927/5960] PMC9837833 PMID:35904451 doi:10.1093/hmg/ddac176... OK (1936 KB) [pmc_pow]
  [5928/5960] PMC9838111 PMID:36698691 doi:10.31661/gmj.v11i.2248... OK (1475 KB) [pmc_pow]
  [5929/5960] PMC98390 PMID:10899863 doi:10.1128/iai.68.8.4611-4615.2000... OK (525 KB) [pmc_pow]
  [5930/5960] PMC9841326 PMID:36408830 doi:10.15252/embj.2022111268... OK (4625 KB) [pmc_pow]
  [5931/5960] PMC9851259 PMID:35604110 doi:10.1080/15548627.2022.2080383... OK (4758 KB) [pmc_pow]
  [5932/5960] PMC9851263 PMID:35579620 doi:10.1080/15548627.2022.2078069... OK (3163 KB) [pmc_pow]
  [5933/5960] PMC9875355 PMID:36071645 doi:10.1177/0271678X221121849... OK (1022 KB) [pmc_pow]
  [5934/5960] PMC9878421 PMID:36651241 doi:10.12122/j.issn.1673-4254.2022.12.01... OK (1980 KB) [pmc_pow]
  [5935/5960] PMC9879120 PMID:36475831 doi:10.1128/jb.00389-22... OK (1489 KB) [pmc_pow]
  [5936/5960] PMC9886705 PMID:35737188 doi:10.1007/s11357-022-00608-1... OK (622 KB) [pmc_pow]
  [5937/5960] PMC9891487 PMID:36742212 doi:10.1182/ject-203-211... OK (890 KB) [pmc_pow]
  [5938/5960] PMC9896631 PMID:36191258 doi:10.1164/rccm.202202-0394OC... OK (1392 KB) [pmc_pow]
  [5939/5960] PMC9900345 PMID:36416244 doi:10.15252/embr.202154006... OK (12142 KB) [pmc_pow]
  [5940/5960] PMC99015 PMID:11104820 doi:10.1128/mmbr.64.4.821-846.2000... OK (1189 KB) [pmc_pow]
  [5941/5960] PMC9902224 PMID:36537711 doi:10.1152/ajplung.00252.2022... FAIL [all_failed]
  [5942/5960] PMC99031 PMID:11528000 doi:10.1128/MMBR.65.3.353-370.2001... OK (248 KB) [pmc_pow]
  [5943/5960] PMC99165 PMID:11752246 doi:10.1093/nar/30.1.31... OK (79 KB) [pmc_pow]
  [5944/5960] PMC9922624 PMID:36816211 doi:10.18240/ijo.2023.02.04... OK (4638 KB) [pmc_pow]
  [5945/5960] PMC9923537 PMID:25847797 doi:10.1542/peds.2014-3554... OK (527 KB) [pmc_pow]
  [5946/5960] PMC9924768 PMID:36640000 doi:10.19852/j.cnki.jtcm.20221017.001... OK (610 KB) [pmc_pow]
  [5947/5960] PMC9924784 PMID:36639993 doi:10.19852/j.cnki.jtcm.2023.01.005... OK (906 KB) [pmc_pow]
  [5948/5960] PMC9933687 PMID:36794951 doi:10.1128/iai.00332-22... OK (4078 KB) [pmc_pow]
  [5949/5960] PMC9935092 PMID:29745530 doi:10.7507/1001-5515.201609009... OK (26824 KB) [pmc_pow]
  [5950/5960] PMC9941824 PMID:36067040 doi:10.1093/hmg/ddac226... FAIL [all_failed]
  [5951/5960] PMC9950443 PMID:36624264 doi:10.1038/s41418-022-01106-9... OK (8433 KB) [pmc_pow]
  [5952/5960] PMC99563 PMID:11158296 doi:10.1128/MCB.21.4.1089-1097.2001... OK (1563 KB) [pmc_pow]
  [5953/5960] PMC9968864 PMID:36695733 doi:10.1089/zeb.2022.0052... OK (561 KB) [pmc_pow]
  [5954/5960] PMC99799 PMID:11533241 doi:10.1128/MCB.21.19.6529-6536.2001... OK (1169 KB) [pmc_pow]
  [5955/5960] PMC9984992 PMID:37600974 doi:10.1093/narcan/zcad013... OK (1779 KB) [pmc_pow]
  [5956/5960] PMC9986020 PMID:36594575 doi:10.1089/scd.2022.0226... OK (545 KB) [pmc_pow]
  [5957/5960] PMC99868 PMID:11564875 doi:10.1128/MCB.21.20.6913-6926.2001... OK (764 KB) [pmc_pow]
  [5958/5960] PMC9988522 PMID:36719084 doi:10.1152/ajplung.00522.2021... FAIL [all_failed]
  [5959/5960] PMC9992997 PMID:36910853 doi:10.21147/j.issn.1000-9604.2023.01.04... OK (23691 KB) [pmc_pow]
  [5960/5960] PMC9998846 PMID:35476777 doi:10.2337/db21-0803... OK (10871 KB) [pmc_pow]
Summary saved to C:\Users\mehis\PythonProject\tca_etc\ncbi_pdfs_grobid\ncbi_pdf_download_summary.tsv  (downloaded=6191, failed=982)
HTML summary saved to C:\Users\mehis\PythonProject\tca_etc\summaries\ncbi_pdf.html

==================================================
This run -- downloaded: 5191  failed: 769
======================================================================
[step 5 of 10] grobid_xml.py
======================================================================
======================================================================
[step 6 of 10] named_entity_xml.py
======================================================================
grobid files to move (remaining): 6186
jats files to move (non-overlap): 32514
jats excluded (overlap):          6186
total to move this run:           38700
move 1 outcome (-> named_entity_xmls): {'moved': 38700}
original-results files to move (-> experimental_ner): 34605
move 2 outcome (-> experimental_ner): {'moved': 34605}
summary written: C:\Users\mehis\PythonProject\tca_etc\summaries\named_entity_xml.html (38700 files described)
======================================================================
[step 7 of 10] pre_ner_xml_structure.py
======================================================================
files scanned          : 34,605
  TEI (grobid)         : 5,704
  JATS (pmc)           : 28,901
files with sections    : 33,593 (97.1%)
section label instances: 699,244
distinct titles        : 329,656
figure captions excl.  : 123,244
table captions excl.   : 8,601
typed-section values   : 299
read errors            : 0
wrote                  : C:\Users\mehis\PythonProject\tca_etc\summaries\pre_ner_xml_structure.html
======================================================================
[step 8 of 10] clean_up.py
======================================================================
archive_xmls/      absent             0 file(s)        0 B
grobid_xmls/       removed            0 file(s)        0 B
high_impact_xmls/  removed         6187 file(s)    56.2 MB
named_entity_xmls/ removed         4095 file(s)   818.8 MB
ncbi_pdfs_grobid/  removed         6194 file(s)    13.0 GB
[html] wrote summaries\clean_up.html

removed 4 directories, 16476 file(s), 13.8 GB

PIPELINE COMPLETE: steps 4-8 finished successfully (5 stages run).
